Dataset,Era,Feature,Rows,Available Rows,Mean,Std,Min,Median,Max
signal_state,2011-2015,20 DMA,18936,18936,410.219244154,499.577031749,7.6894,277.83885,4172.2225
signal_state,2011-2015,200 DMA,18936,18936,378.997291529,433.050440228,8.8283,253.41305,3732.8803
signal_state,2011-2015,50 DMA,18936,18936,405.011651236,488.144890025,7.933,271.88525,4129.4138
signal_state,2011-2015,ADX,18936,18936,25.2079700042,9.77239068701,7.14,23.325,69.69
signal_state,2011-2015,Actionability Score,18936,18936,12.1742712294,20.5919487946,0,1,99
signal_state,2011-2015,Daily RSI,18936,18936,52.9975010562,11.9346209728,16.52,52.86,92.5
signal_state,2011-2015,Distance 20DMA %,18936,18936,0.783492321504,4.57165164616,-25.7559,0.69725,25.4801
signal_state,2011-2015,Distance 50DMA %,18936,18936,1.89510264575,7.33032111294,-30.1036,1.73465,39.8239
signal_state,2011-2015,Distance To Support %,18936,3816,1.6518577569,1.1363574833,0.000235718077413,1.44406759536,6.52581931042
signal_state,2011-2015,Distance To T1 %,18936,4178,5.00646943971,3.67609018581,-1.52003309633,4.04426371147,39.5647434924
signal_state,2011-2015,Distance To T2 %,18936,4178,11.9909305165,6.27347279793,0.83634659759,10.5267001902,65.3291527723
signal_state,2011-2015,Entry High,18936,4178,488.096003518,632.477844948,9.8749,304.62035,4190.0585
signal_state,2011-2015,Entry Low,18936,4178,479.527964816,622.785731272,9.5881,299.33915,4127.302
signal_state,2011-2015,Initial Risk %,18936,4178,5.53957773096,2.40578080549,1.28243412987,4.93035003411,25.5299074431
signal_state,2011-2015,Market Score,18936,18936,63.1796577947,31.0416832668,0,70,100
signal_state,2011-2015,NIFTY ADX,18936,18936,24.0128537697,8.43401165056,10.6511794686,22.3463489424,52.3992288053
signal_state,2011-2015,NIFTY ATR %,18936,18936,1.40442432075,0.37588479023,0.836708924669,1.30663442637,2.5120955512
signal_state,2011-2015,NIFTY Close,18936,18936,6594.51240893,1290.88962832,4544.20019531,6091.65014648,8996.25
signal_state,2011-2015,NIFTY Daily RSI,18936,18936,53.3462058237,12.0837022862,24.5213359667,53.5687744281,82.1693041107
signal_state,2011-2015,NIFTY Daily ST,18936,18936,6567.98931576,1300.85549683,4647.59409594,6059.3525648,8997.89490431
signal_state,2011-2015,NIFTY Daily ST Direction,18936,18936,0.140684410646,0.990080634892,-1,1,1
signal_state,2011-2015,NIFTY Distance SMA20 %,18936,18936,0.427172540813,2.57232634381,-7.85921164455,0.54198492859,8.58517750927
signal_state,2011-2015,NIFTY Distance SMA200 %,18936,18936,3.82766219979,7.49748624812,-14.4491384683,3.54437528177,21.5332308776
signal_state,2011-2015,NIFTY Distance SMA50 %,18936,18936,0.972482051781,3.76902670452,-9.24621896345,1.16784158285,12.0799867659
signal_state,2011-2015,NIFTY Drawdown From 252D High %,18936,18936,-6.48091191781,6.11965475213,-26.2017649207,-4.71049589188,0
signal_state,2011-2015,NIFTY Market Score,18936,18936,63.1796577947,31.0416832668,0,70,100
signal_state,2011-2015,NIFTY Return 20D %,18936,18936,0.922220123315,4.60788934633,-12.0900895854,0.753826569947,15.332246371
signal_state,2011-2015,NIFTY Return 5D %,18936,18936,0.259851932233,2.40136193624,-8.27884452458,0.295547892484,10.7030803644
signal_state,2011-2015,NIFTY Return 60D %,18936,18936,2.49138824265,6.88783114545,-17.0650879707,2.72843141744,21.2361047409
signal_state,2011-2015,NIFTY Rolling Volatility 20D %,18936,18936,15.9980709396,5.23549162945,6.40035707856,14.8606808595,35.1398881476
signal_state,2011-2015,NIFTY SMA20,18936,18936,6568.60499367,1288.51634711,4718.14499512,6072.38997803,8807.15239258
signal_state,2011-2015,NIFTY SMA200,18936,18936,6350.32457748,1175.73902789,5069.35000244,5853.7075,8455.57875488
signal_state,2011-2015,NIFTY SMA50,18936,18936,6533.90100645,1278.50555878,4854.86499023,5959.35798828,8718.12900391
signal_state,2011-2015,NIFTY Weekly RSI,18936,18936,55.750181123,10.5290653648,28.6042510774,55.4529874894,79.4282949844
signal_state,2011-2015,NIFTY Weekly ST,18936,18936,6447.04581656,1379.74515706,4793.59591917,5762.56073243,8998.19266153
signal_state,2011-2015,NIFTY Weekly ST Direction,18936,18936,0.359315589354,0.933240751913,-1,1,1
signal_state,2011-2015,Overextended,18936,18936,0.304763413604,0.460319308017,0,0,1
signal_state,2011-2015,Price,18936,18936,413.700199958,506.79296401,7.482,279.5756,4282.8188
signal_state,2011-2015,R:R T1,18936,4178,1.1172255146,0.546599356822,0.0052,1.04625,3.0207
signal_state,2011-2015,R:R T2,18936,4178,2.33668956438,0.476181644416,0.3671,2.5,3.9765
signal_state,2011-2015,RS 120D,18936,18936,5.71321015526,17.540454816,-39.1596,4.3596,107.6627
signal_state,2011-2015,RS 20D,18936,18936,0.918774730672,7.16987217054,-32.071,0.8133,42.1304
signal_state,2011-2015,RS 60D,18936,18936,2.79094236375,12.8385847966,-38.8391,1.9968,86.0005
signal_state,2011-2015,RS120 Cross-Sectional Percentile,18936,18936,52.7777777778,28.8236914924,5.55555555556,52.7777777778,100
signal_state,2011-2015,RS20 Cross-Sectional Percentile,18936,18936,52.7777777778,28.8236914924,5.55555555556,52.7777777778,100
signal_state,2011-2015,RS60 Cross-Sectional Percentile,18936,18936,52.7777777778,28.8236914924,5.55555555556,52.7777777778,100
signal_state,2011-2015,Resistance 1,18936,3903,509.756708199,661.325159634,10.4723,315.6263,4329.9139
signal_state,2011-2015,Resistance 2,18936,784,398.921804337,445.967040289,18.6014,259.5808,4329.9139
signal_state,2011-2015,Stock ATR,18936,18936,10.8866853889,11.7528038146,0.13135959965,7.73021184855,110.311425357
signal_state,2011-2015,Stock ATR %,18936,18936,2.79129229389,0.7320361201,0.764787635104,2.67052144875,8.09176861005
signal_state,2011-2015,Stock Average Volume 20,18936,18936,7181812.1199,6791182.12528,227937.3,4815258.5,44057768.45
signal_state,2011-2015,Stock Breakout High 20,18936,18936,436.15560738,527.504720608,8.1906055475,294.356587335,4329.91389858
signal_state,2011-2015,Stock Close,18936,18936,413.700199923,506.792964212,7.48195791245,279.5756073,4282.81884766
signal_state,2011-2015,Stock Daily ST,18936,18936,409.510435255,495.40301008,7.35196151104,275.846813418,4314.9619371
signal_state,2011-2015,Stock Daily ST Direction,18936,18936,0.120088719899,0.992789378461,-1,1,1
signal_state,2011-2015,Stock High,18936,18936,419.025744449,512.349632453,7.59649503792,282.964560791,4329.91389858
signal_state,2011-2015,Stock Low,18936,18936,408.541180194,501.426916859,7.35835816464,275.319230258,4250.68289015
signal_state,2011-2015,Stock Open,18936,18936,413.865101682,506.932590518,7.49184706455,279.636267911,4279.69958248
signal_state,2011-2015,Stock Range / ATR,18936,18936,0.956780100145,0.404361440557,0,0.877905598998,6.68292037988
signal_state,2011-2015,Stock Realized Volatility 10D %,18936,18936,27.5220884674,12.0185770929,2.51525760473,25.2592031089,112.24207089
signal_state,2011-2015,Stock Realized Volatility 20D %,18936,18936,28.3294333147,10.2014088796,4.61716418577,26.5435494109,92.2970841065
signal_state,2011-2015,Stock Recent High 20,18936,18936,436.15560738,527.504720608,8.1906055475,294.356587335,4329.91389858
signal_state,2011-2015,Stock Relative Volume 20D,18936,18936,1.01255070062,0.629122157436,0,0.882012563644,16.5243687703
signal_state,2011-2015,Stock Relative Volume 5D,18936,18936,1.00929748465,0.424917055652,0,0.938370220122,4.77501367471
signal_state,2011-2015,Stock Return 10D %,18936,18936,0.954283470477,5.91999780814,-31.6800281885,0.827391451826,42.2583037674
signal_state,2011-2015,Stock Return 1D %,18936,18936,0.09454536249,1.88601891401,-21.2586193843,0.0509710302734,17.8772085112
signal_state,2011-2015,Stock Return 20D %,18936,18936,1.84099485023,8.32021528025,-29.0382538452,1.39358008231,51.2596616246
signal_state,2011-2015,Stock Return 5D %,18936,18936,0.486626112714,4.20950591529,-26.7108534269,0.398795939664,31.5322021468
signal_state,2011-2015,Stock Return 60D %,18936,18936,5.28233077831,14.776823134,-42.3797761828,4.29297099688,100.403938453
signal_state,2011-2015,Stock SMA20,18936,18936,410.219244111,499.577031626,7.68944365978,277.8388443,4172.22247314
signal_state,2011-2015,Stock SMA200,18936,18936,378.997291238,433.050440099,8.82829153776,253.413060531,3732.88025757
signal_state,2011-2015,Stock SMA50,18936,18936,405.011651398,488.144889593,7.93296851158,271.885270691,4129.41376953
signal_state,2011-2015,Stock Same-Day Gap %,18936,18936,0.119595837957,0.879925775951,-9.99999876552,0.109715355267,11.0817405305
signal_state,2011-2015,Stock Swing Low 10,18936,18936,393.934058517,484.462430013,7.35835816464,265.885129302,4134.52713421
signal_state,2011-2015,Stock Volume,18936,18936,7178205.56179,8768488.57876,0,4330468.5,265709391
signal_state,2011-2015,Stock Weekly ST,18936,18936,389.646489637,467.776432578,7.39990895564,271.00292386,4214.4171881
signal_state,2011-2015,Stock Weekly ST Direction,18936,18936,0.361216730038,0.932506512246,-1,1,1
signal_state,2011-2015,Stop Distance ATR,18936,4178,2.19330732753,0.834723299539,1.49991865386,1.9997177288,10.1248088333
signal_state,2011-2015,Stop Loss,18936,4178,462.155210723,602.674745641,9.0288,289.5386,3989.3905
signal_state,2011-2015,Support,18936,3816,482.740180136,635.068856814,9.7315,299.8856,4164.2044
signal_state,2011-2015,T1 Distance ATR,18936,4178,2.25077379529,1.2665184084,0.0282623992355,2.00192217335,15.1872295613
signal_state,2011-2015,T2 Distance ATR,18936,4178,5.07565900016,2.22799283039,1.34474046003,4.50638585691,25.3120710171
signal_state,2011-2015,Target 1,18936,4178,515.301926424,662.960073704,10.4723,319.7276,4329.9139
signal_state,2011-2015,Target 2,18936,4178,548.838524174,705.740782563,11.99,341.85545,4757.8851
signal_state,2011-2015,Technical Score,18936,18936,52.44291297,22.4475332752,0,56,90
signal_state,2011-2015,Volume Ratio,18936,18936,1.01255068652,0.62912243447,0,0.882,16.5244
signal_state,2011-2015,Weekly RSI,18936,18936,55.754531052,11.4767787833,21.98,55.55,89.65
signal_state,2016-2020,20 DMA,22583,22583,843.002898906,1382.65823617,19.4642,463.2566,8764.93
signal_state,2016-2020,200 DMA,22583,22583,817.706303352,1339.70480393,26.0101,463.946,8321.913
signal_state,2016-2020,50 DMA,22583,22583,837.508665053,1374.38967179,20.4831,462.4371,8563.8334
signal_state,2016-2020,ADX,22583,22583,26.0628711863,10.3699440999,7.3,23.91,67.02
signal_state,2016-2020,Actionability Score,22583,22583,11.5195501041,19.4856238478,0,1,98
signal_state,2016-2020,Daily RSI,22583,22583,51.9695678165,12.3086037821,8.69,52.36,89.44
signal_state,2016-2020,Distance 20DMA %,22583,22583,0.432738418279,5.13793902457,-48.5423,0.5132,38.3688
signal_state,2016-2020,Distance 50DMA %,22583,22583,1.05213063809,8.27196806956,-56.3169,1.5352,56.736
signal_state,2016-2020,Distance To Support %,22583,3953,1.52994099865,1.1167962565,0.00104938951764,1.28228880916,7.93940186133
signal_state,2016-2020,Distance To T1 %,22583,4282,4.73218066709,3.43465547047,-1.92564106966,3.8069893295,26.234369885
signal_state,2016-2020,Distance To T2 %,22583,4282,11.20030365,5.66104213228,0.568391580669,10.1369012527,49.4501589288
signal_state,2016-2020,Entry High,22583,4282,926.466307567,1394.69105339,29.149,548.60605,9116.2158
signal_state,2016-2020,Entry Low,22583,4282,911.813405745,1375.01700025,28.4455,539.63235,8981.4934
signal_state,2016-2020,Initial Risk %,22583,4282,5.14410866435,2.10467993473,1.78483585904,4.66902594478,19.7800666488
signal_state,2016-2020,Market Score,22583,22583,68.9383607138,29.9471992748,0,80,100
signal_state,2016-2020,NIFTY ADX,22583,22583,25.6665724723,9.90911777883,9.94583690977,23.9872730963,62.7611744201
signal_state,2016-2020,NIFTY ATR %,22583,22583,1.28630166403,0.77804887888,0.650248730367,1.10160913015,6.90811724041
signal_state,2016-2020,NIFTY Close,22583,22583,10227.094502,1452.24054813,6970.60009766,10491.0498047,13981.9501953
signal_state,2016-2020,NIFTY Daily RSI,22583,22583,55.243649184,12.5798332062,12.9417993985,56.6758235192,82.1680065986
signal_state,2016-2020,NIFTY Daily ST,22583,22583,10149.8815358,1388.16977665,6909.06652761,10475.2458115,13471.5441744
signal_state,2016-2020,NIFTY Daily ST Direction,22583,22583,0.358455475358,0.933567493703,-1,1,1
signal_state,2016-2020,NIFTY Distance SMA20 %,22583,22583,0.458947454412,3.02307200274,-26.0401005904,0.776879378261,9.54023921919
signal_state,2016-2020,NIFTY Distance SMA200 %,22583,22583,3.17921518196,7.80590524903,-34.1422779737,4.4499743831,27.6788780909
signal_state,2016-2020,NIFTY Distance SMA50 %,22583,22583,1.1227102931,4.98589024694,-33.2331836571,1.90422619248,11.5782616783
signal_state,2016-2020,NIFTY Drawdown From 252D High %,22583,22583,-6.10023153312,6.69336154855,-38.4398524527,-4.00751292041,0
signal_state,2016-2020,NIFTY Market Score,22583,22583,68.9383607138,29.9471992748,0,80,100
signal_state,2016-2020,NIFTY Return 20D %,22583,22583,1.06870351735,5.3636119433,-37.0056722327,1.44217594856,20.2904029516
signal_state,2016-2020,NIFTY Return 5D %,22583,22583,0.264008162915,2.55894010693,-19.0239473689,0.427742092999,10.5221460202
signal_state,2016-2020,NIFTY Return 60D %,22583,22583,2.77839997664,9.5115078579,-37.2430730705,4.16094830022,37.5907493184
signal_state,2016-2020,NIFTY Rolling Volatility 20D %,22583,22583,14.8559844805,10.6651317149,5.09506479643,12.4092165923,88.8379213501
signal_state,2016-2020,NIFTY SMA20,22583,22583,10181.3088691,1415.33167336,7170.40002441,10445.2799805,13594.3449707
signal_state,2016-2020,NIFTY SMA200,22583,22583,9925.66967322,1287.37939922,7769.23649658,10492.5842627,11684.4315088
signal_state,2016-2020,NIFTY SMA50,22583,22583,10117.9866358,1367.39850754,7356.30598633,10475.1669922,12874.7420117
signal_state,2016-2020,NIFTY Weekly RSI,22583,22583,56.8780674123,11.926193139,13.7032966656,58.9297016266,79.6971249467
signal_state,2016-2020,NIFTY Weekly ST,22583,22583,10049.0899325,1320.8338,7167.63761209,10463.9168474,12644.3001555
signal_state,2016-2020,NIFTY Weekly ST Direction,22583,22583,0.188327502989,0.982128028353,-1,1,1
signal_state,2016-2020,Overextended,22583,22583,0.284550325466,0.451209987646,0,0,1
signal_state,2016-2020,Price,22583,22583,846.941260333,1388.43990843,17.6031,465.6319,9039.3643
signal_state,2016-2020,R:R T1,22583,4282,1.13483846333,0.581867834677,0.0013,1.03295,3.2908
signal_state,2016-2020,R:R T2,22583,4282,2.34736870621,0.493471365823,0.3324,2.5,4.4716
signal_state,2016-2020,RS 120D,22583,22583,0.67721250941,17.5445984342,-55.9255,0.5051,101.7896
signal_state,2016-2020,RS 20D,22583,22583,0.14834823097,7.47550027158,-36.6615,-0.109,58.5609
signal_state,2016-2020,RS 60D,22583,22583,0.348829553204,12.4796538095,-55.924,0.0545,119.288
signal_state,2016-2020,RS120 Cross-Sectional Percentile,22583,22583,52.8172099646,28.8098657991,5.26315789474,52.6315789474,100
signal_state,2016-2020,RS20 Cross-Sectional Percentile,22583,22583,52.8088198622,28.7985850621,5.26315789474,52.6315789474,100
signal_state,2016-2020,RS60 Cross-Sectional Percentile,22583,22583,52.8619571778,28.8131072884,5.26315789474,52.6315789474,100
signal_state,2016-2020,Resistance 1,22583,4027,945.08366598,1414.34955725,29.7221,569.3921,9190.0914
signal_state,2016-2020,Resistance 2,22583,719,988.865032684,1513.61288477,33.9472,559.1039,9190.0914
signal_state,2016-2020,Stock ATR,22583,22583,21.2566517541,35.1902897136,0.520166845625,12.3227720308,413.837309895
signal_state,2016-2020,Stock ATR %,22583,22583,2.76455264408,1.2086489979,1.10663400621,2.48238378457,16.276365484
signal_state,2016-2020,Stock Average Volume 20,22583,22583,10456710.0882,13058759.8043,11833.6,6045645.55,101249127.75
signal_state,2016-2020,Stock Breakout High 20,22583,22583,893.356871822,1460.55645542,21.6235928796,494.776843107,9190.09141633
signal_state,2016-2020,Stock Close,22583,22583,846.941260464,1388.43990825,17.6030521393,465.631896973,9039.36425781
signal_state,2016-2020,Stock Daily ST,22583,22583,837.249635477,1375.88374697,18.4969260542,465.139232262,9058.7224021
signal_state,2016-2020,Stock Daily ST Direction,22583,22583,0.170349377851,0.985405544675,-1,1,1
signal_state,2016-2020,Stock High,22583,22583,857.478622579,1404.30852282,18.4312595478,472.139566943,9190.09141633
signal_state,2016-2020,Stock Low,22583,22583,836.950748461,1373.76149057,16.8651988598,459.615957751,8940.58100077
signal_state,2016-2020,Stock Open,22583,22583,847.78487645,1390.20627369,17.4072963675,465.682813144,9162.14311914
signal_state,2016-2020,Stock Range / ATR,22583,22583,0.958386757397,0.415010711509,0.175024829135,0.871478687205,5.39383571513
signal_state,2016-2020,Stock Realized Volatility 10D %,22583,22583,27.8414143938,16.4544005986,3.17188459553,23.6627729412,197.967983747
signal_state,2016-2020,Stock Realized Volatility 20D %,22583,22583,28.6054777551,14.9948589666,7.12634376423,24.7892492084,155.118015324
signal_state,2016-2020,Stock Recent High 20,22583,22583,893.356871822,1460.55645542,21.6235928796,494.776843107,9190.09141633
signal_state,2016-2020,Stock Relative Volume 20D,22583,22583,1.02468608338,0.664447426728,0.0202120744679,0.871046121267,15.2691404726
signal_state,2016-2020,Stock Relative Volume 5D,22583,22583,1.0096575484,0.421110384109,0.0479480477769,0.932720331276,4.803993648
signal_state,2016-2020,Stock Return 10D %,22583,22583,0.594717310747,6.47115292395,-53.0677536787,0.474262397768,57.4843706594
signal_state,2016-2020,Stock Return 1D %,22583,22583,0.0598813869379,2.04018835245,-27.9107909893,0.0157033947038,27.6871676276
signal_state,2016-2020,Stock Return 20D %,22583,22583,1.21705165873,9.23987655652,-58.5315058347,1.19362416687,61.2663968797
signal_state,2016-2020,Stock Return 5D %,22583,22583,0.300455242028,4.5367108867,-39.3138040163,0.192834662284,43.2869911432
signal_state,2016-2020,Stock Return 60D %,22583,22583,3.12722932675,15.9679120454,-64.8258125359,3.18546235273,142.945974536
signal_state,2016-2020,Stock SMA20,22583,22583,843.002898944,1382.65823615,19.4642483711,463.256602478,8764.92998047
signal_state,2016-2020,Stock SMA200,22583,22583,817.706302937,1339.70480421,26.0100774956,463.94602211,8321.91296631
signal_state,2016-2020,Stock SMA50,22583,22583,837.508665121,1374.38967161,20.4830871201,462.437122803,8563.83338867
signal_state,2016-2020,Stock Same-Day Gap %,22583,22583,0.159305468284,1.01144175412,-11.6375350117,0.165184090719,9.998143505
signal_state,2016-2020,Stock Swing Low 10,22583,22583,809.153416143,1330.77942786,16.8651988598,442.943037289,8643.63268571
signal_state,2016-2020,Stock Volume,22583,22583,10571866.1564,16411167.5948,4112,5241260,435838635
signal_state,2016-2020,Stock Weekly ST,22583,22583,835.827463133,1377.02398296,18.799276504,465.29536448,9029.49321489
signal_state,2016-2020,Stock Weekly ST Direction,22583,22583,0.0471593676659,0.998909494706,-1,1,1
signal_state,2016-2020,Stop Distance ATR,22583,4282,2.20982750342,0.776762881915,1.4999203247,2.07511002447,6.96204584568
signal_state,2016-2020,Stop Loss,22583,4282,881.591464292,1334.06904528,26.689,517.56,8504.2771
signal_state,2016-2020,Support,22583,3953,897.648842651,1341.91366216,28.7973,541.5866,8680.4565
signal_state,2016-2020,T1 Distance ATR,22583,4282,2.30632003321,1.28137540067,0.00576933626641,2.03404419645,10.443066949
signal_state,2016-2020,T2 Distance ATR,22583,4282,5.12341523595,2.09459401334,1.06904398437,4.71476416511,17.4051127947
signal_state,2016-2020,Target 1,22583,4282,976.654535661,1477.15983213,29.7221,572.3093,10247.0769
signal_state,2016-2020,Target 2,22583,4282,1031.82854916,1544.73662213,33.9472,617.5145,11254.0569
signal_state,2016-2020,Technical Score,22583,22583,49.0661116769,23.0935131312,0,50,90
signal_state,2016-2020,Volume Ratio,22583,22583,1.0246859806,0.664447378397,0.0202,0.871,15.2691
signal_state,2016-2020,Weekly RSI,22583,22583,53.2452446531,12.4670863576,13.2,53.34,88.96
signal_state,2021-2023,20 DMA,14079,14079,1437.66271859,1752.67786024,35.5651,869.9293,10235.9205
signal_state,2021-2023,200 DMA,14079,14079,1337.71182916,1660.71592111,27.6597,809.7978,9369.8121
signal_state,2021-2023,50 DMA,14079,14079,1420.95936427,1736.51608763,32.1466,863.317,10186.3948
signal_state,2021-2023,ADX,14079,14079,24.8876312238,9.78076570925,7.22,22.85,70.96
signal_state,2021-2023,Actionability Score,14079,14079,15.1196817956,22.5676633085,0,9,97
signal_state,2021-2023,Daily RSI,14079,14079,54.3237680233,12.1468110096,16.79,54.04,91.79
signal_state,2021-2023,Distance 20DMA %,14079,14079,0.998265750408,4.15301563423,-18.7085,0.8404,45.7761
signal_state,2021-2023,Distance 50DMA %,14079,14079,2.58417164571,6.7447834451,-19.3271,2.0792,60.2608
signal_state,2021-2023,Distance To Support %,14079,3222,1.60310315241,1.14362806741,0.00302438892512,1.37303578586,5.97757900153
signal_state,2021-2023,Distance To T1 %,14079,3604,4.92844118396,3.68691853279,-5.04439002281,3.86768922461,28.6792552044
signal_state,2021-2023,Distance To T2 %,14079,3604,11.0186690276,6.21027700307,2.14955627753,9.34127684791,53.8774446462
signal_state,2021-2023,Entry High,14079,3604,1391.30625755,1791.37925545,38.2354,853.5569,10274.2656
signal_state,2021-2023,Entry Low,14079,3604,1369.30454159,1764.52898771,37.6703,839.59385,10153.9311
signal_state,2021-2023,Initial Risk %,14079,3604,5.04363243308,2.20573347343,1.95210376149,4.48189595912,18.7999619389
signal_state,2021-2023,Market Score,14079,14079,70.3238866397,27.6317223684,0,80,100
signal_state,2021-2023,NIFTY ADX,14079,14079,25.1196854638,8.76244801862,8.77668208598,23.3583519763,50.1896243111
signal_state,2021-2023,NIFTY ATR %,14079,14079,1.21149586327,0.371062631743,0.685064524028,1.14109508862,2.26463604742
signal_state,2021-2023,NIFTY Close,14079,14079,17384.8154626,1603.61135301,13634.5996094,17530.3007812,21778.6992188
signal_state,2021-2023,NIFTY Daily RSI,14079,14079,56.1411662939,13.0227814476,26.7445046448,55.6810226224,85.5987070247
signal_state,2021-2023,NIFTY Daily ST,14079,14079,17388.5559837,1592.85153058,13541.9745715,17630.8296008,21145.0025923
signal_state,2021-2023,NIFTY Daily ST Direction,14079,14079,0.0310391363023,0.999553668594,-1,1,1
signal_state,2021-2023,NIFTY Distance SMA20 %,14079,14079,0.580795955644,2.24456562194,-6.49427512607,0.561839036252,6.03036342121
signal_state,2021-2023,NIFTY Distance SMA200 %,14079,14079,7.19681698841,7.90801464346,-11.2878529032,5.97983388453,30.0547696484
signal_state,2021-2023,NIFTY Distance SMA50 %,14079,14079,1.49354499563,3.56654150664,-8.64751684846,1.49469308672,9.82194865806
signal_state,2021-2023,NIFTY Drawdown From 252D High %,14079,14079,-4.0791976166,3.79828706688,-17.2297560847,-3.23643547901,0
signal_state,2021-2023,NIFTY Market Score,14079,14079,70.3238866397,27.6317223684,0,80,100
signal_state,2021-2023,NIFTY Return 20D %,14079,14079,1.28288267761,4.04010242944,-10.5626850501,1.1681690558,13.201980366
signal_state,2021-2023,NIFTY Return 5D %,14079,14079,0.318493307395,2.05190112082,-6.78172863674,0.452772588041,9.45865978887
signal_state,2021-2023,NIFTY Return 60D %,14079,14079,4.02018335934,6.96524172102,-12.5912589398,4.26681419718,24.6833415296
signal_state,2021-2023,NIFTY Rolling Volatility 20D %,14079,14079,13.6629228741,5.4407529053,6.28298255541,12.0485310979,30.0295871276
signal_state,2021-2023,NIFTY SMA20,14079,14079,17286.6640078,1563.90629935,13638.5749512,17458.0874023,21165.9900391
signal_state,2021-2023,NIFTY SMA200,14079,14079,16325.0728165,1983.60879487,10993.14625,17013.032251,19142.1908398
signal_state,2021-2023,NIFTY SMA50,14079,14079,17141.3470502,1579.03380904,12917.1760156,17465.5369141,20171.1129687
signal_state,2021-2023,NIFTY Weekly RSI,14079,14079,59.7252790708,10.2026340109,35.7497653672,60.0741528962,80.8752685938
signal_state,2021-2023,NIFTY Weekly ST,14079,14079,16786.4783665,1800.73564,12692.8156077,17239.8491017,20180.3405471
signal_state,2021-2023,NIFTY Weekly ST Direction,14079,14079,0.581646423752,0.813470613642,-1,1,1
signal_state,2021-2023,Overextended,14079,14079,0.30492222459,0.460390830238,0,0,1
signal_state,2021-2023,Price,14079,14079,1448.54223089,1762.4115357,37.1634,876.7538,10467.9365
signal_state,2021-2023,R:R T1,14079,3604,1.1892454495,0.560404823299,0.0011,1.15615,3.4198
signal_state,2021-2023,R:R T2,14079,3604,2.36645818535,0.609597348102,0.2506,2.5,9.5678
signal_state,2021-2023,RS 120D,14079,14079,6.65954908729,18.7754076184,-55.0305,3.9918,137.8392
signal_state,2021-2023,RS 20D,14079,14079,1.02287024647,6.655762333,-21.9601,0.5077,67.1668
signal_state,2021-2023,RS 60D,14079,14079,3.2266828539,11.8949610704,-26.8029,1.7848,116.1032
signal_state,2021-2023,RS120 Cross-Sectional Percentile,14079,14079,52.6315789474,28.8285268578,5.26315789474,52.6315789474,100
signal_state,2021-2023,RS20 Cross-Sectional Percentile,14079,14079,52.6315789474,28.8285268578,5.26315789474,52.6315789474,100
signal_state,2021-2023,RS60 Cross-Sectional Percentile,14079,14079,52.6315789474,28.8285268578,5.26315789474,52.6315789474,100
signal_state,2021-2023,Resistance 1,14079,3312,1452.56569873,1892.11252266,43.0269,909.4393,10522.8057
signal_state,2021-2023,Resistance 2,14079,786,1073.13908181,1488.59569588,49.8629,764.513,9647.9698
signal_state,2021-2023,Stock ATR,14079,14079,31.442816705,38.6073581829,1.33219018243,19.9283825562,313.769512535
signal_state,2021-2023,Stock ATR %,14079,14079,2.3271984779,0.667475133504,1.12939358349,2.2039190252,5.70610712481
signal_state,2021-2023,Stock Average Volume 20,14079,14079,10013342.044,13093611.9693,287487,5064242.45,185829689
signal_state,2021-2023,Stock Breakout High 20,14079,14079,1512.77081211,1838.15585351,37.5951081326,918.492602663,10608.0462484
signal_state,2021-2023,Stock Close,14079,14079,1448.54223126,1762.41153538,37.1634216309,876.75378418,10467.9365234
signal_state,2021-2023,Stock Daily ST,14079,14079,1436.66619456,1748.63401439,33.4964768762,874.099865395,10626.7882643
signal_state,2021-2023,Stock Daily ST Direction,14079,14079,0.183748845799,0.983008136364,-1,1,1
signal_state,2021-2023,Stock High,14079,14079,1463.94986532,1780.65372468,38.4411560561,886.397205125,10608.0462484
signal_state,2021-2023,Stock Low,14079,14079,1433.71510159,1745.27501953,36.103833941,867.110722949,10392.8356182
signal_state,2021-2023,Stock Open,14079,14079,1449.38279228,1763.89960425,36.9237760202,877.397608041,10469.4405493
signal_state,2021-2023,Stock Range / ATR,14079,14079,0.9539707697,0.38693325491,0.118620482278,0.872494929377,4.30186876564
signal_state,2021-2023,Stock Realized Volatility 10D %,14079,14079,23.5948252684,10.6774760841,4.81075111532,21.4786669236,123.74836323
signal_state,2021-2023,Stock Realized Volatility 20D %,14079,14079,24.3181341821,9.19435807368,5.47556385473,22.6764297954,96.6618167916
signal_state,2021-2023,Stock Recent High 20,14079,14079,1512.77081211,1838.15585351,37.5951081326,918.492602663,10608.0462484
signal_state,2021-2023,Stock Relative Volume 20D,14079,14079,1.0053853806,0.56344785323,0.040467621073,0.871911770105,8.7835454131
signal_state,2021-2023,Stock Relative Volume 5D,14079,14079,1.00430312609,0.385149019148,0.0433188103687,0.931709669056,3.99253545684
signal_state,2021-2023,Stock Return 10D %,14079,14079,1.15957548644,5.39912200216,-21.0766036504,0.968894490548,53.489777221
signal_state,2021-2023,Stock Return 1D %,14079,14079,0.113731270265,1.63329922732,-10.2830181988,0.0704408807831,20.4467118122
signal_state,2021-2023,Stock Return 20D %,14079,14079,2.30575297262,7.72029871564,-22.5530113009,1.76782624614,71.7494174743
signal_state,2021-2023,Stock Return 5D %,14079,14079,0.571968009101,3.73738903026,-18.9927179936,0.45512244646,50.840660388
signal_state,2021-2023,Stock Return 60D %,14079,14079,7.24686601188,14.1178211842,-33.0262572445,5.73374439282,138.129461383
signal_state,2021-2023,Stock SMA20,14079,14079,1437.66271893,1752.67786013,35.5650669098,869.929309082,10235.9205078
signal_state,2021-2023,Stock SMA200,14079,14079,1337.71182948,1660.7159214,27.6596850586,809.797794495,9369.81206787
signal_state,2021-2023,Stock SMA50,14079,14079,1420.95936385,1736.51608716,32.1465673828,863.317003174,10186.3947656
signal_state,2021-2023,Stock Same-Day Gap %,14079,14079,0.15714823899,0.777943176864,-9.99855111864,0.171950701567,9.99168047755
signal_state,2021-2023,Stock Swing Low 10,14079,14079,1390.75965153,1698.69623282,32.4532534256,842.14406932,10115.284293
signal_state,2021-2023,Stock Volume,14079,14079,9926086.30059,16125522.7972,30052,4731349,390577839
signal_state,2021-2023,Stock Weekly ST,14079,14079,1364.57210657,1691.98081225,28.387764397,819.835581467,9320.66780913
signal_state,2021-2023,Stock Weekly ST Direction,14079,14079,0.575964202003,0.817503949087,-1,1,1
signal_state,2021-2023,Stop Distance ATR,14079,3604,2.21344500848,0.891040590422,1.4999662879,1.98958094148,7.82209807881
signal_state,2021-2023,Stop Loss,14079,3604,1325.90435827,1712.41899294,32.291,811.01525,9907.9863
signal_state,2021-2023,Support,14079,3222,1376.69889199,1799.11997426,38.7547,835.43905,10218.4381
signal_state,2021-2023,T1 Distance ATR,14079,3604,2.44991519318,1.43256372595,0.00472490550036,2.13514490967,11.7331565361
signal_state,2021-2023,T2 Distance ATR,14079,3604,5.16056457002,2.3918013981,1.37062321212,4.45312975744,19.5552593239
signal_state,2021-2023,Target 1,14079,3604,1465.78451523,1883.28761736,43.0269,916.5545,11203.9886
signal_state,2021-2023,Target 2,14079,3604,1546.54474542,1989.19773224,45.363,953.08005,12051.7855
signal_state,2021-2023,Technical Score,14079,14079,55.0331699695,20.674892155,1,60,90
signal_state,2021-2023,Volume Ratio,14079,14079,1.00538523333,0.563448057313,0.0405,0.8719,8.7835
signal_state,2021-2023,Weekly RSI,14079,14079,58.5634107536,10.7928795035,24.2,58.99,88.11
signal_state,2024-2026,20 DMA,12483,12483,2346.16111617,2770.50853383,164.6438,1453.6993,16484.9902
signal_state,2024-2026,200 DMA,12483,12483,2260.26810706,2646.50923491,123.9585,1445.4284,14751.6188
signal_state,2024-2026,50 DMA,12483,12483,2333.35521832,2750.71873685,146.9955,1454.5638,16107.4718
signal_state,2024-2026,ADX,12483,12483,25.1535312024,9.94612895153,7.24,23.38,70.95
signal_state,2024-2026,Actionability Score,12483,12483,10.7798606104,18.5801896201,0,0,97
signal_state,2024-2026,Daily RSI,12483,12483,51.227958824,12.6413894942,12.09,51.38,88.51
signal_state,2024-2026,Distance 20DMA %,12483,12483,0.236225803092,4.04736092543,-41.6932,0.3211,22.9405
signal_state,2024-2026,Distance 50DMA %,12483,12483,0.75712283105,6.71940564348,-42.0124,0.6858,38.1737
signal_state,2024-2026,Distance To Support %,12483,2105,1.47047897258,1.05595678854,0.00245493622018,1.24531180356,5.3439537304
signal_state,2024-2026,Distance To T1 %,12483,2289,4.06634960318,3.23318102794,-2.5397945347,3.27626229385,29.5279090269
signal_state,2024-2026,Distance To T2 %,12483,2289,10.0060039448,5.3230463942,2.11189467228,8.71298263497,48.4418255583
signal_state,2024-2026,Entry High,12483,2289,2470.05271852,2719.19225045,175.2447,1519.1874,16934.339
signal_state,2024-2026,Entry Low,12483,2289,2432.67104976,2679.19855203,170.8649,1494.6846,16684.0778
signal_state,2024-2026,Initial Risk %,12483,2289,4.64772378545,2.05135330752,1.8945551049,4.15606524484,18.6975750756
signal_state,2024-2026,Market Score,12483,12483,62.9375951294,30.6991103759,5,70,100
signal_state,2024-2026,NIFTY ADX,12483,12483,21.3576048995,7.48859162748,9.6087808306,19.6503044333,46.0928531369
signal_state,2024-2026,NIFTY ATR %,12483,12483,1.07841701735,0.270090390193,0.649124234065,1.06933012289,2.06819879237
signal_state,2024-2026,NIFTY Close,12483,12483,24113.8367015,1224.93241089,21238.8007812,24274.9003906,26328.5507812
signal_state,2024-2026,NIFTY Daily RSI,12483,12483,52.3313465232,11.1432707637,21.7883948706,53.2609659909,78.2472834289
signal_state,2024-2026,NIFTY Daily ST,12483,12483,24036.114793,1187.20433045,21190.8114151,24029.870139,26351.3562821
signal_state,2024-2026,NIFTY Daily ST Direction,12483,12483,0.138508371385,0.990400933685,-1,1,1
signal_state,2024-2026,NIFTY Distance SMA20 %,12483,12483,0.191063283392,1.85685015838,-7.12232751418,0.392466443279,4.83280658049
signal_state,2024-2026,NIFTY Distance SMA200 %,12483,12483,3.25220923669,5.9742405455,-11.494052467,3.45969257255,14.3138174589
signal_state,2024-2026,NIFTY Distance SMA50 %,12483,12483,0.622745073601,2.88421919864,-10.0524607496,0.762455879484,7.58139815903
signal_state,2024-2026,NIFTY Drawdown From 252D High %,12483,12483,-5.12663628231,4.17831406181,-15.7666783037,-4.62693641434,0
signal_state,2024-2026,NIFTY Market Score,12483,12483,62.9375951294,30.6991103759,5,70,100
signal_state,2024-2026,NIFTY Return 20D %,12483,12483,0.484377880482,3.25004666682,-12.4140336384,0.721742635964,10.9758047933
signal_state,2024-2026,NIFTY Return 5D %,12483,12483,0.103757973566,1.83092595389,-5.77290623487,0.0832507538723,7.7074369363
signal_state,2024-2026,NIFTY Return 60D %,12483,12483,1.86655864443,6.01516618472,-13.9988499333,2.10318504018,15.3140368326
signal_state,2024-2026,NIFTY Rolling Volatility 20D %,12483,12483,12.7082966646,5.10998747302,5.03097356262,11.5793506086,29.6448301544
signal_state,2024-2026,NIFTY SMA20,12483,12483,24071.9798349,1221.19716564,21239.6900391,24193.0550781,26044.9801758
signal_state,2024-2026,NIFTY SMA200,12483,12483,23427.8598774,1693.81020224,19162.1283398,24056.5709961,25348.9130957
signal_state,2024-2026,NIFTY SMA50,12483,12483,23979.0449408,1293.32702519,20209.7209766,24110.5960547,25971.7401172
signal_state,2024-2026,NIFTY Weekly RSI,12483,12483,56.2695138471,11.5978587934,26.4892382649,56.3760788515,77.6671554152
signal_state,2024-2026,NIFTY Weekly ST,12483,12483,23703.6225385,1607.4878527,20180.3405471,24209.4488104,26552.3395761
signal_state,2024-2026,NIFTY Weekly ST Direction,12483,12483,0.254185692542,0.967194175329,-1,1,1
signal_state,2024-2026,Overextended,12483,12483,0.22582712489,0.418142608522,0,0,1
signal_state,2024-2026,Price,12483,12483,2353.53060127,2783.57361744,168.2089,1456.2362,17120.0625
signal_state,2024-2026,R:R T1,12483,2289,1.10300790738,0.55322042245,0.0055,1.011,3.4116
signal_state,2024-2026,R:R T2,12483,2289,2.3432924858,0.474061680713,0.4196,2.5,4.0782
signal_state,2024-2026,RS 120D,12483,12483,2.11180800288,17.5881015898,-56.2788,-0.0557,126.5614
signal_state,2024-2026,RS 20D,12483,12483,0.242157630377,6.48592275169,-46.4913,0.0946,32.6108
signal_state,2024-2026,RS 60D,12483,12483,0.862152711688,11.9799061477,-55.8827,-0.0646,71.5824
signal_state,2024-2026,RS120 Cross-Sectional Percentile,12483,12483,52.6315789474,28.8286577664,5.26315789474,52.6315789474,100
signal_state,2024-2026,RS20 Cross-Sectional Percentile,12483,12483,52.6315789474,28.8286577664,5.26315789474,52.6315789474,100
signal_state,2024-2026,RS60 Cross-Sectional Percentile,12483,12483,52.6315789474,28.8286577664,5.26315789474,52.6315789474,100
signal_state,2024-2026,Resistance 1,12483,2149,2554.68577487,2790.24137313,185.8298,1574.9427,17197.286
signal_state,2024-2026,Resistance 2,12483,409,3070.27952103,3281.22245442,268.7302,1871.9259,16494.3461
signal_state,2024-2026,Stock ATR,12483,12483,51.4170135416,61.2028334286,3.26602882758,30.4452267493,427.00172696
signal_state,2024-2026,Stock ATR %,12483,12483,2.20817465854,0.614000697067,0.973513532603,2.10603427822,9.4576148876
signal_state,2024-2026,Stock Average Volume 20,12483,12483,8669340.46311,9841919.05009,239679.6,3963505.95,77440797.9
signal_state,2024-2026,Stock Breakout High 20,12483,12483,2472.91269457,2917.318924,178.461830674,1522.87831106,17197.2860329
signal_state,2024-2026,Stock Close,12483,12483,2353.53060144,2783.57361754,168.20892334,1456.23620605,17120.0625
signal_state,2024-2026,Stock Daily ST,12483,12483,2340.89603465,2762.21820317,166.388934223,1435.80102693,17247.4592281
signal_state,2024-2026,Stock Daily ST Direction,12483,12483,0.101337819434,0.994891923269,-1,1,1
signal_state,2024-2026,Stock High,12483,12483,2378.33188604,2811.56833252,170.206102952,1470.95200794,17197.2860329
signal_state,2024-2026,Stock Low,12483,12483,2329.19330333,2755.33551383,167.091691379,1442.9051072,16971.5539773
signal_state,2024-2026,Stock Open,12483,12483,2354.74698236,2785.13019994,167.576163844,1456.78319677,17058.6791593
signal_state,2024-2026,Stock Range / ATR,12483,12483,0.946060364857,0.398795577407,0,0.867151364584,6.13346626871
signal_state,2024-2026,Stock Realized Volatility 10D %,12483,12483,23.0795801865,11.9146879664,3.39816984992,20.5593395923,204.288580589
signal_state,2024-2026,Stock Realized Volatility 20D %,12483,12483,23.8765293632,10.3232709287,7.47136786248,22.0298430679,145.909715032
signal_state,2024-2026,Stock Recent High 20,12483,12483,2472.91269457,2917.318924,178.461830674,1522.87831106,17197.2860329
signal_state,2024-2026,Stock Relative Volume 20D,12483,12483,1.0088668441,0.592605792823,0,0.873857255516,12.9108745328
signal_state,2024-2026,Stock Relative Volume 5D,12483,12483,1.00929113823,0.413116619351,0,0.933889906466,4.49023635727
signal_state,2024-2026,Stock Return 10D %,12483,12483,0.332258609018,5.19214944488,-44.7623018247,0.282546749325,34.3155517211
signal_state,2024-2026,Stock Return 1D %,12483,12483,0.0309383376938,1.63850148283,-40.1513403046,0,10.4552925867
signal_state,2024-2026,Stock Return 20D %,12483,12483,0.726535543973,7.27658000515,-45.2015436401,0.736505040595,36.7689934339
signal_state,2024-2026,Stock Return 5D %,12483,12483,0.158505810104,3.68090352626,-43.3493253273,0.117967099996,24.9264368365
signal_state,2024-2026,Stock Return 60D %,12483,12483,2.72871128576,13.7988883232,-51.9888152428,1.63484774765,78.5502278566
signal_state,2024-2026,Stock SMA20,12483,12483,2346.16111631,2770.50853367,164.643763733,1453.69927368,16484.9902344
signal_state,2024-2026,Stock SMA200,12483,12483,2260.26810705,2646.50923472,123.958468323,1445.42837952,14751.6187598
signal_state,2024-2026,Stock SMA50,12483,12483,2333.35521901,2750.71873698,146.995548248,1454.56377197,16107.4717773
signal_state,2024-2026,Stock Same-Day Gap %,12483,12483,0.0840640439721,0.947667725895,-39.4627307139,0.0524389598211,14.0209684405
signal_state,2024-2026,Stock Swing Low 10,12483,12483,2260.82876669,2677.88797441,160.238546017,1406.86999776,16318.1171805
signal_state,2024-2026,Stock Volume,12483,12483,8664705.04326,13806805.0897,0,4167275,445342100
signal_state,2024-2026,Stock Weekly ST,12483,12483,2287.10879438,2696.99223855,150.977150999,1419.48814253,16700.1181512
signal_state,2024-2026,Stock Weekly ST Direction,12483,12483,0.167027156933,0.985991789595,-1,1,1
signal_state,2024-2026,Stop Distance ATR,12483,2289,2.24230526373,0.852329793325,1.49998350651,2.07880822812,8.01553074066
signal_state,2024-2026,Stop Loss,12483,2289,2352.43175981,2584.82339826,167.0326,1458.5714,16139.3676
signal_state,2024-2026,Support,12483,2105,2422.9135001,2655.93214214,173.0548,1502.6612,16468.9514
signal_state,2024-2026,T1 Distance ATR,12483,2289,2.28369765121,1.34324891534,0.0238044170716,2.01624309261,12.0232959254
signal_state,2024-2026,T2 Distance ATR,12483,2289,5.18700237891,2.22786191313,1.4361639909,4.75413626126,20.0388266661
signal_state,2024-2026,Target 1,12483,2289,2582.2878457,2837.9899635,185.8298,1592.3081,18207.1401
signal_state,2024-2026,Target 2,12483,2289,2736.71636968,3032.13191066,195.7748,1681.297,19977.8972
signal_state,2024-2026,Technical Score,12483,12483,48.1657454138,23.4376789278,0,49,90
signal_state,2024-2026,Volume Ratio,12483,12483,1.00886751582,0.592605918196,0,0.8739,12.9109
signal_state,2024-2026,Weekly RSI,12483,12483,53.4887270688,12.8323728435,19.16,53.27,90.62
