Experiment ID,STRATEGY_HASH,EXECUTION_HASH,STAGE21_CODE_HASH,STAGE221_CODE_HASH,STAGE222_CODE_HASH,DATA_CONTENT_HASH,MANIFEST_DOCUMENT_HASH,Survivorship Bias Warning,Dimension,Group,Trades,Wins,Losses,Win Rate %,Average Return %,Median Return %,Average R,Median R,Profit Factor,Expectancy R,Average Holding Days,Max Consecutive Losses,One-Share Net PnL (Diagnostic Only)
S222_20110830_20260828_abaea4e9641f,e62dc4e75c056a216cc4bdaa589a95f9553ce40e37aa6690974759b7975ad23c,9434b39d2d7bbd8203a4674b4acdebfecf898afbc08cf7bc144729ec4b326c2b,91d3d84760c4b2427d500f0bee0f2dc0ceeb7e4f2e31d51d17a64342777993d5,8e6514353cc32a5b8bed1212df0c12d76de11d0624e4931fda4028f0be3ed31f,63345c591b46c656b204236d147993cb283d57fdbccd0246b7cef281d7968730,2b6a2bb93fcc6c3aa80d2115a002b8cba370f61442edb592ffc9bc95eaa02e35,f3328f947dda0f1fa993d4c40060bf414bc5ea73745cf9afe20031c9c4da5162,This test uses the supplied/current ticker universe and is not a survivorship-bias-free historical index-constituent study.,Signal,BUY,822,321,501,39.05109489051095,0.323450078520341,-2.687101149462428,0.085850049677018,-1.031814334821485,1.1296376238384112,0.085850049677018,11.367396593673966,33,805.4323389543073
S222_20110830_20260828_abaea4e9641f,e62dc4e75c056a216cc4bdaa589a95f9553ce40e37aa6690974759b7975ad23c,9434b39d2d7bbd8203a4674b4acdebfecf898afbc08cf7bc144729ec4b326c2b,91d3d84760c4b2427d500f0bee0f2dc0ceeb7e4f2e31d51d17a64342777993d5,8e6514353cc32a5b8bed1212df0c12d76de11d0624e4931fda4028f0be3ed31f,63345c591b46c656b204236d147993cb283d57fdbccd0246b7cef281d7968730,2b6a2bb93fcc6c3aa80d2115a002b8cba370f61442edb592ffc9bc95eaa02e35,f3328f947dda0f1fa993d4c40060bf414bc5ea73745cf9afe20031c9c4da5162,This test uses the supplied/current ticker universe and is not a survivorship-bias-free historical index-constituent study.,Signal,STRONG BUY,6,3,3,50.0,1.863351380195625,1.5647359200681707,0.499449961518593,0.4664374379308489,1.9660207061951174,0.499449961518593,16.333333333333332,1,-262.55885364014824
S222_20110830_20260828_abaea4e9641f,e62dc4e75c056a216cc4bdaa589a95f9553ce40e37aa6690974759b7975ad23c,9434b39d2d7bbd8203a4674b4acdebfecf898afbc08cf7bc144729ec4b326c2b,91d3d84760c4b2427d500f0bee0f2dc0ceeb7e4f2e31d51d17a64342777993d5,8e6514353cc32a5b8bed1212df0c12d76de11d0624e4931fda4028f0be3ed31f,63345c591b46c656b204236d147993cb283d57fdbccd0246b7cef281d7968730,2b6a2bb93fcc6c3aa80d2115a002b8cba370f61442edb592ffc9bc95eaa02e35,f3328f947dda0f1fa993d4c40060bf414bc5ea73745cf9afe20031c9c4da5162,This test uses the supplied/current ticker universe and is not a survivorship-bias-free historical index-constituent study.,Signal,WATCH,1914,878,1036,45.87251828631139,1.1250750511492642,-2.5556336402161364,0.232776433265549,-1.0162256710779127,1.4001629325754315,0.232776433265549,16.808254963427377,62,13944.280538959076
S222_20110830_20260828_abaea4e9641f,e62dc4e75c056a216cc4bdaa589a95f9553ce40e37aa6690974759b7975ad23c,9434b39d2d7bbd8203a4674b4acdebfecf898afbc08cf7bc144729ec4b326c2b,91d3d84760c4b2427d500f0bee0f2dc0ceeb7e4f2e31d51d17a64342777993d5,8e6514353cc32a5b8bed1212df0c12d76de11d0624e4931fda4028f0be3ed31f,63345c591b46c656b204236d147993cb283d57fdbccd0246b7cef281d7968730,2b6a2bb93fcc6c3aa80d2115a002b8cba370f61442edb592ffc9bc95eaa02e35,f3328f947dda0f1fa993d4c40060bf414bc5ea73745cf9afe20031c9c4da5162,This test uses the supplied/current ticker universe and is not a survivorship-bias-free historical index-constituent study.,Signal,WATCH - MARKET RISK,192,67,125,34.89583333333333,-0.39234796588005993,-3.4452137381310486,-0.11089671987972921,-1.0336351268970025,0.845320425722719,-0.11089671987972921,9.598958333333334,38,-1061.2665614201073
S222_20110830_20260828_abaea4e9641f,e62dc4e75c056a216cc4bdaa589a95f9553ce40e37aa6690974759b7975ad23c,9434b39d2d7bbd8203a4674b4acdebfecf898afbc08cf7bc144729ec4b326c2b,91d3d84760c4b2427d500f0bee0f2dc0ceeb7e4f2e31d51d17a64342777993d5,8e6514353cc32a5b8bed1212df0c12d76de11d0624e4931fda4028f0be3ed31f,63345c591b46c656b204236d147993cb283d57fdbccd0246b7cef281d7968730,2b6a2bb93fcc6c3aa80d2115a002b8cba370f61442edb592ffc9bc95eaa02e35,f3328f947dda0f1fa993d4c40060bf414bc5ea73745cf9afe20031c9c4da5162,This test uses the supplied/current ticker universe and is not a survivorship-bias-free historical index-constituent study.,Setup,BREAKOUT,430,223,207,51.86046511627907,1.8007997812956942,1.0305415843032102,0.21716008563039874,0.14496681808027292,1.5004488002824157,0.21716008563039874,37.097674418604655,11,8474.140358558234
S222_20110830_20260828_abaea4e9641f,e62dc4e75c056a216cc4bdaa589a95f9553ce40e37aa6690974759b7975ad23c,9434b39d2d7bbd8203a4674b4acdebfecf898afbc08cf7bc144729ec4b326c2b,91d3d84760c4b2427d500f0bee0f2dc0ceeb7e4f2e31d51d17a64342777993d5,8e6514353cc32a5b8bed1212df0c12d76de11d0624e4931fda4028f0be3ed31f,63345c591b46c656b204236d147993cb283d57fdbccd0246b7cef281d7968730,2b6a2bb93fcc6c3aa80d2115a002b8cba370f61442edb592ffc9bc95eaa02e35,f3328f947dda0f1fa993d4c40060bf414bc5ea73745cf9afe20031c9c4da5162,This test uses the supplied/current ticker universe and is not a survivorship-bias-free historical index-constituent study.,Setup,PULLBACK,2504,1046,1458,41.77316293929712,0.6312999222517834,-2.698676839619881,0.16151298995043994,-1.0303955348662235,1.2509016074558792,0.16151298995043994,10.984025559105431,78,4951.747104294896
S222_20110830_20260828_abaea4e9641f,e62dc4e75c056a216cc4bdaa589a95f9553ce40e37aa6690974759b7975ad23c,9434b39d2d7bbd8203a4674b4acdebfecf898afbc08cf7bc144729ec4b326c2b,91d3d84760c4b2427d500f0bee0f2dc0ceeb7e4f2e31d51d17a64342777993d5,8e6514353cc32a5b8bed1212df0c12d76de11d0624e4931fda4028f0be3ed31f,63345c591b46c656b204236d147993cb283d57fdbccd0246b7cef281d7968730,2b6a2bb93fcc6c3aa80d2115a002b8cba370f61442edb592ffc9bc95eaa02e35,f3328f947dda0f1fa993d4c40060bf414bc5ea73745cf9afe20031c9c4da5162,This test uses the supplied/current ticker universe and is not a survivorship-bias-free historical index-constituent study.,Market Regime,BEAR,148,44,104,29.72972972972973,-1.0348318778877397,-3.3846054617709687,-0.2802261251326743,-1.0368301202581187,0.6405875979158456,-0.2802261251326743,8.68918918918919,33,-2137.610145199372
S222_20110830_20260828_abaea4e9641f,e62dc4e75c056a216cc4bdaa589a95f9553ce40e37aa6690974759b7975ad23c,9434b39d2d7bbd8203a4674b4acdebfecf898afbc08cf7bc144729ec4b326c2b,91d3d84760c4b2427d500f0bee0f2dc0ceeb7e4f2e31d51d17a64342777993d5,8e6514353cc32a5b8bed1212df0c12d76de11d0624e4931fda4028f0be3ed31f,63345c591b46c656b204236d147993cb283d57fdbccd0246b7cef281d7968730,2b6a2bb93fcc6c3aa80d2115a002b8cba370f61442edb592ffc9bc95eaa02e35,f3328f947dda0f1fa993d4c40060bf414bc5ea73745cf9afe20031c9c4da5162,This test uses the supplied/current ticker universe and is not a survivorship-bias-free historical index-constituent study.,Market Regime,BULL,430,191,239,44.41860465116279,1.2002943019664534,-2.3699986783795257,0.2133664549002136,-1.0244725647975073,1.3391409883260341,0.2133664549002136,13.965116279069768,22,3815.087536307482
S222_20110830_20260828_abaea4e9641f,e62dc4e75c056a216cc4bdaa589a95f9553ce40e37aa6690974759b7975ad23c,9434b39d2d7bbd8203a4674b4acdebfecf898afbc08cf7bc144729ec4b326c2b,91d3d84760c4b2427d500f0bee0f2dc0ceeb7e4f2e31d51d17a64342777993d5,8e6514353cc32a5b8bed1212df0c12d76de11d0624e4931fda4028f0be3ed31f,63345c591b46c656b204236d147993cb283d57fdbccd0246b7cef281d7968730,2b6a2bb93fcc6c3aa80d2115a002b8cba370f61442edb592ffc9bc95eaa02e35,f3328f947dda0f1fa993d4c40060bf414bc5ea73745cf9afe20031c9c4da5162,This test uses the supplied/current ticker universe and is not a survivorship-bias-free historical index-constituent study.,Market Regime,NEUTRAL,532,176,356,33.08270676691729,-0.2894099749321128,-2.8044254132072335,-0.11202925749287657,-1.0331821341765781,0.8440030274122049,-0.11202925749287657,10.285714285714286,30,-863.3081520504256
S222_20110830_20260828_abaea4e9641f,e62dc4e75c056a216cc4bdaa589a95f9553ce40e37aa6690974759b7975ad23c,9434b39d2d7bbd8203a4674b4acdebfecf898afbc08cf7bc144729ec4b326c2b,91d3d84760c4b2427d500f0bee0f2dc0ceeb7e4f2e31d51d17a64342777993d5,8e6514353cc32a5b8bed1212df0c12d76de11d0624e4931fda4028f0be3ed31f,63345c591b46c656b204236d147993cb283d57fdbccd0246b7cef281d7968730,2b6a2bb93fcc6c3aa80d2115a002b8cba370f61442edb592ffc9bc95eaa02e35,f3328f947dda0f1fa993d4c40060bf414bc5ea73745cf9afe20031c9c4da5162,This test uses the supplied/current ticker universe and is not a survivorship-bias-free historical index-constituent study.,Market Regime,STRONG BEAR,104,49,55,47.11538461538461,1.2313477154101364,-2.4382631949986466,0.36121249699498,-1.028126524820411,1.6449462144608418,0.36121249699498,12.240384615384615,14,1153.9819711988403
S222_20110830_20260828_abaea4e9641f,e62dc4e75c056a216cc4bdaa589a95f9553ce40e37aa6690974759b7975ad23c,9434b39d2d7bbd8203a4674b4acdebfecf898afbc08cf7bc144729ec4b326c2b,91d3d84760c4b2427d500f0bee0f2dc0ceeb7e4f2e31d51d17a64342777993d5,8e6514353cc32a5b8bed1212df0c12d76de11d0624e4931fda4028f0be3ed31f,63345c591b46c656b204236d147993cb283d57fdbccd0246b7cef281d7968730,2b6a2bb93fcc6c3aa80d2115a002b8cba370f61442edb592ffc9bc95eaa02e35,f3328f947dda0f1fa993d4c40060bf414bc5ea73745cf9afe20031c9c4da5162,This test uses the supplied/current ticker universe and is not a survivorship-bias-free historical index-constituent study.,Market Regime,STRONG BULL,1720,809,911,47.03488372093023,1.1732868741968923,-2.523825069040236,0.27300390690014503,-1.0137651876856628,1.4829608733516637,0.27300390690014503,17.1046511627907,52,11457.736252596602
S222_20110830_20260828_abaea4e9641f,e62dc4e75c056a216cc4bdaa589a95f9553ce40e37aa6690974759b7975ad23c,9434b39d2d7bbd8203a4674b4acdebfecf898afbc08cf7bc144729ec4b326c2b,91d3d84760c4b2427d500f0bee0f2dc0ceeb7e4f2e31d51d17a64342777993d5,8e6514353cc32a5b8bed1212df0c12d76de11d0624e4931fda4028f0be3ed31f,63345c591b46c656b204236d147993cb283d57fdbccd0246b7cef281d7968730,2b6a2bb93fcc6c3aa80d2115a002b8cba370f61442edb592ffc9bc95eaa02e35,f3328f947dda0f1fa993d4c40060bf414bc5ea73745cf9afe20031c9c4da5162,This test uses the supplied/current ticker universe and is not a survivorship-bias-free historical index-constituent study.,Ticker,AXISBANK.NS,156,59,97,37.82051282051282,0.6619348504958986,-2.9905458947290215,0.06994186533106633,-1.0257359302772073,1.0975783384816737,0.06994186533106633,12.243589743589743,15,235.3226270027776
S222_20110830_20260828_abaea4e9641f,e62dc4e75c056a216cc4bdaa589a95f9553ce40e37aa6690974759b7975ad23c,9434b39d2d7bbd8203a4674b4acdebfecf898afbc08cf7bc144729ec4b326c2b,91d3d84760c4b2427d500f0bee0f2dc0ceeb7e4f2e31d51d17a64342777993d5,8e6514353cc32a5b8bed1212df0c12d76de11d0624e4931fda4028f0be3ed31f,63345c591b46c656b204236d147993cb283d57fdbccd0246b7cef281d7968730,2b6a2bb93fcc6c3aa80d2115a002b8cba370f61442edb592ffc9bc95eaa02e35,f3328f947dda0f1fa993d4c40060bf414bc5ea73745cf9afe20031c9c4da5162,This test uses the supplied/current ticker universe and is not a survivorship-bias-free historical index-constituent study.,Ticker,BEL.NS,162,71,91,43.82716049382716,1.3321840605151394,-3.3402164342688483,0.1742367812551622,-1.0172135354073055,1.300238288080369,0.1742367812551622,9.895061728395062,14,-142.4063197379444
S222_20110830_20260828_abaea4e9641f,e62dc4e75c056a216cc4bdaa589a95f9553ce40e37aa6690974759b7975ad23c,9434b39d2d7bbd8203a4674b4acdebfecf898afbc08cf7bc144729ec4b326c2b,91d3d84760c4b2427d500f0bee0f2dc0ceeb7e4f2e31d51d17a64342777993d5,8e6514353cc32a5b8bed1212df0c12d76de11d0624e4931fda4028f0be3ed31f,63345c591b46c656b204236d147993cb283d57fdbccd0246b7cef281d7968730,2b6a2bb93fcc6c3aa80d2115a002b8cba370f61442edb592ffc9bc95eaa02e35,f3328f947dda0f1fa993d4c40060bf414bc5ea73745cf9afe20031c9c4da5162,This test uses the supplied/current ticker universe and is not a survivorship-bias-free historical index-constituent study.,Ticker,CIPLA.NS,142,68,74,47.88732394366197,1.8755280869702302,-2.8314687338728852,0.4128255493042493,-1.0173607947258803,1.766655502419943,0.4128255493042493,12.612676056338028,22,1619.7445398957707
S222_20110830_20260828_abaea4e9641f,e62dc4e75c056a216cc4bdaa589a95f9553ce40e37aa6690974759b7975ad23c,9434b39d2d7bbd8203a4674b4acdebfecf898afbc08cf7bc144729ec4b326c2b,91d3d84760c4b2427d500f0bee0f2dc0ceeb7e4f2e31d51d17a64342777993d5,8e6514353cc32a5b8bed1212df0c12d76de11d0624e4931fda4028f0be3ed31f,63345c591b46c656b204236d147993cb283d57fdbccd0246b7cef281d7968730,2b6a2bb93fcc6c3aa80d2115a002b8cba370f61442edb592ffc9bc95eaa02e35,f3328f947dda0f1fa993d4c40060bf414bc5ea73745cf9afe20031c9c4da5162,This test uses the supplied/current ticker universe and is not a survivorship-bias-free historical index-constituent study.,Ticker,HAL.NS,101,49,52,48.51485148514851,2.062592065190133,-1.4298006690546186,0.332063522584282,-1.010418468863063,1.6256796512736666,0.332063522584282,9.950495049504951,13,2233.6347189302132
S222_20110830_20260828_abaea4e9641f,e62dc4e75c056a216cc4bdaa589a95f9553ce40e37aa6690974759b7975ad23c,9434b39d2d7bbd8203a4674b4acdebfecf898afbc08cf7bc144729ec4b326c2b,91d3d84760c4b2427d500f0bee0f2dc0ceeb7e4f2e31d51d17a64342777993d5,8e6514353cc32a5b8bed1212df0c12d76de11d0624e4931fda4028f0be3ed31f,63345c591b46c656b204236d147993cb283d57fdbccd0246b7cef281d7968730,2b6a2bb93fcc6c3aa80d2115a002b8cba370f61442edb592ffc9bc95eaa02e35,f3328f947dda0f1fa993d4c40060bf414bc5ea73745cf9afe20031c9c4da5162,This test uses the supplied/current ticker universe and is not a survivorship-bias-free historical index-constituent study.,Ticker,HCLTECH.NS,155,72,83,46.45161290322581,0.9380059490013158,-2.3940736114019274,0.21456959983977586,-1.015718502958554,1.3846089155153887,0.21456959983977586,14.754838709677419,18,319.9968240715087
S222_20110830_20260828_abaea4e9641f,e62dc4e75c056a216cc4bdaa589a95f9553ce40e37aa6690974759b7975ad23c,9434b39d2d7bbd8203a4674b4acdebfecf898afbc08cf7bc144729ec4b326c2b,91d3d84760c4b2427d500f0bee0f2dc0ceeb7e4f2e31d51d17a64342777993d5,8e6514353cc32a5b8bed1212df0c12d76de11d0624e4931fda4028f0be3ed31f,63345c591b46c656b204236d147993cb283d57fdbccd0246b7cef281d7968730,2b6a2bb93fcc6c3aa80d2115a002b8cba370f61442edb592ffc9bc95eaa02e35,f3328f947dda0f1fa993d4c40060bf414bc5ea73745cf9afe20031c9c4da5162,This test uses the supplied/current ticker universe and is not a survivorship-bias-free historical index-constituent study.,Ticker,HDFCBANK.NS,167,79,88,47.30538922155689,0.7975709139270161,-1.8781794577927244,0.2653680558719726,-1.0169607864033738,1.4740331958835446,0.2653680558719726,18.0,19,242.05415814971542
S222_20110830_20260828_abaea4e9641f,e62dc4e75c056a216cc4bdaa589a95f9553ce40e37aa6690974759b7975ad23c,9434b39d2d7bbd8203a4674b4acdebfecf898afbc08cf7bc144729ec4b326c2b,91d3d84760c4b2427d500f0bee0f2dc0ceeb7e4f2e31d51d17a64342777993d5,8e6514353cc32a5b8bed1212df0c12d76de11d0624e4931fda4028f0be3ed31f,63345c591b46c656b204236d147993cb283d57fdbccd0246b7cef281d7968730,2b6a2bb93fcc6c3aa80d2115a002b8cba370f61442edb592ffc9bc95eaa02e35,f3328f947dda0f1fa993d4c40060bf414bc5ea73745cf9afe20031c9c4da5162,This test uses the supplied/current ticker universe and is not a survivorship-bias-free historical index-constituent study.,Ticker,HINDUNILVR.NS,157,82,75,52.22929936305732,1.8964752991439784,1.943844870009955,0.42217722386826917,1.3468181833937836,1.8255265546391266,0.42217722386826917,16.03184713375796,16,3359.873581399621
S222_20110830_20260828_abaea4e9641f,e62dc4e75c056a216cc4bdaa589a95f9553ce40e37aa6690974759b7975ad23c,9434b39d2d7bbd8203a4674b4acdebfecf898afbc08cf7bc144729ec4b326c2b,91d3d84760c4b2427d500f0bee0f2dc0ceeb7e4f2e31d51d17a64342777993d5,8e6514353cc32a5b8bed1212df0c12d76de11d0624e4931fda4028f0be3ed31f,63345c591b46c656b204236d147993cb283d57fdbccd0246b7cef281d7968730,2b6a2bb93fcc6c3aa80d2115a002b8cba370f61442edb592ffc9bc95eaa02e35,f3328f947dda0f1fa993d4c40060bf414bc5ea73745cf9afe20031c9c4da5162,This test uses the supplied/current ticker universe and is not a survivorship-bias-free historical index-constituent study.,Ticker,ICICIBANK.NS,198,49,149,24.747474747474747,-1.3011895018036315,-3.0425339319163642,-0.4063160596853142,-1.0383654509077846,0.49828269058164953,-0.4063160596853142,13.237373737373737,44,-824.0190151589209
S222_20110830_20260828_abaea4e9641f,e62dc4e75c056a216cc4bdaa589a95f9553ce40e37aa6690974759b7975ad23c,9434b39d2d7bbd8203a4674b4acdebfecf898afbc08cf7bc144729ec4b326c2b,91d3d84760c4b2427d500f0bee0f2dc0ceeb7e4f2e31d51d17a64342777993d5,8e6514353cc32a5b8bed1212df0c12d76de11d0624e4931fda4028f0be3ed31f,63345c591b46c656b204236d147993cb283d57fdbccd0246b7cef281d7968730,2b6a2bb93fcc6c3aa80d2115a002b8cba370f61442edb592ffc9bc95eaa02e35,f3328f947dda0f1fa993d4c40060bf414bc5ea73745cf9afe20031c9c4da5162,This test uses the supplied/current ticker universe and is not a survivorship-bias-free historical index-constituent study.,Ticker,INFY.NS,196,113,83,57.6530612244898,1.9591477352103404,4.585586325457456,0.48934106014539774,1.507395912613173,1.778204939704367,0.48934106014539774,17.872448979591837,29,4532.343408000319
S222_20110830_20260828_abaea4e9641f,e62dc4e75c056a216cc4bdaa589a95f9553ce40e37aa6690974759b7975ad23c,9434b39d2d7bbd8203a4674b4acdebfecf898afbc08cf7bc144729ec4b326c2b,91d3d84760c4b2427d500f0bee0f2dc0ceeb7e4f2e31d51d17a64342777993d5,8e6514353cc32a5b8bed1212df0c12d76de11d0624e4931fda4028f0be3ed31f,63345c591b46c656b204236d147993cb283d57fdbccd0246b7cef281d7968730,2b6a2bb93fcc6c3aa80d2115a002b8cba370f61442edb592ffc9bc95eaa02e35,f3328f947dda0f1fa993d4c40060bf414bc5ea73745cf9afe20031c9c4da5162,This test uses the supplied/current ticker universe and is not a survivorship-bias-free historical index-constituent study.,Ticker,ITC.NS,146,79,67,54.109589041095894,1.8327547544589937,3.881326506322991,0.5028336493539913,1.3183646848210464,2.0401197151510386,0.5028336493539913,18.30821917808219,10,516.7024274826425
S222_20110830_20260828_abaea4e9641f,e62dc4e75c056a216cc4bdaa589a95f9553ce40e37aa6690974759b7975ad23c,9434b39d2d7bbd8203a4674b4acdebfecf898afbc08cf7bc144729ec4b326c2b,91d3d84760c4b2427d500f0bee0f2dc0ceeb7e4f2e31d51d17a64342777993d5,8e6514353cc32a5b8bed1212df0c12d76de11d0624e4931fda4028f0be3ed31f,63345c591b46c656b204236d147993cb283d57fdbccd0246b7cef281d7968730,2b6a2bb93fcc6c3aa80d2115a002b8cba370f61442edb592ffc9bc95eaa02e35,f3328f947dda0f1fa993d4c40060bf414bc5ea73745cf9afe20031c9c4da5162,This test uses the supplied/current ticker universe and is not a survivorship-bias-free historical index-constituent study.,Ticker,LT.NS,151,61,90,40.397350993377486,0.3233388991923759,-2.9398621003501,0.01967981902430099,-1.0305683541476447,1.0331199855266726,0.01967981902430099,16.66887417218543,15,2875.814788734764
S222_20110830_20260828_abaea4e9641f,e62dc4e75c056a216cc4bdaa589a95f9553ce40e37aa6690974759b7975ad23c,9434b39d2d7bbd8203a4674b4acdebfecf898afbc08cf7bc144729ec4b326c2b,91d3d84760c4b2427d500f0bee0f2dc0ceeb7e4f2e31d51d17a64342777993d5,8e6514353cc32a5b8bed1212df0c12d76de11d0624e4931fda4028f0be3ed31f,63345c591b46c656b204236d147993cb283d57fdbccd0246b7cef281d7968730,2b6a2bb93fcc6c3aa80d2115a002b8cba370f61442edb592ffc9bc95eaa02e35,f3328f947dda0f1fa993d4c40060bf414bc5ea73745cf9afe20031c9c4da5162,This test uses the supplied/current ticker universe and is not a survivorship-bias-free historical index-constituent study.,Ticker,M&M.NS,138,61,77,44.20289855072464,1.1827963880759995,-3.222385488165555,0.24606635431546778,-1.023409363356292,1.4394372077571893,0.24606635431546778,16.78985507246377,14,998.7011262311004
S222_20110830_20260828_abaea4e9641f,e62dc4e75c056a216cc4bdaa589a95f9553ce40e37aa6690974759b7975ad23c,9434b39d2d7bbd8203a4674b4acdebfecf898afbc08cf7bc144729ec4b326c2b,91d3d84760c4b2427d500f0bee0f2dc0ceeb7e4f2e31d51d17a64342777993d5,8e6514353cc32a5b8bed1212df0c12d76de11d0624e4931fda4028f0be3ed31f,63345c591b46c656b204236d147993cb283d57fdbccd0246b7cef281d7968730,2b6a2bb93fcc6c3aa80d2115a002b8cba370f61442edb592ffc9bc95eaa02e35,f3328f947dda0f1fa993d4c40060bf414bc5ea73745cf9afe20031c9c4da5162,This test uses the supplied/current ticker universe and is not a survivorship-bias-free historical index-constituent study.,Ticker,MARUTI.NS,185,74,111,40.0,0.09804043109450772,-2.642483119393187,0.021476971940865924,-1.0284787928418988,1.0337000765967994,0.021476971940865924,17.043243243243243,41,-5310.047005625393
S222_20110830_20260828_abaea4e9641f,e62dc4e75c056a216cc4bdaa589a95f9553ce40e37aa6690974759b7975ad23c,9434b39d2d7bbd8203a4674b4acdebfecf898afbc08cf7bc144729ec4b326c2b,91d3d84760c4b2427d500f0bee0f2dc0ceeb7e4f2e31d51d17a64342777993d5,8e6514353cc32a5b8bed1212df0c12d76de11d0624e4931fda4028f0be3ed31f,63345c591b46c656b204236d147993cb283d57fdbccd0246b7cef281d7968730,2b6a2bb93fcc6c3aa80d2115a002b8cba370f61442edb592ffc9bc95eaa02e35,f3328f947dda0f1fa993d4c40060bf414bc5ea73745cf9afe20031c9c4da5162,This test uses the supplied/current ticker universe and is not a survivorship-bias-free historical index-constituent study.,Ticker,SBIN.NS,160,49,111,30.625000000000004,-0.7026166530493659,-3.785493552341558,-0.13501855063931864,-1.0311339050269306,0.8124461267727906,-0.13501855063931864,11.7125,20,21.01327440430623
S222_20110830_20260828_abaea4e9641f,e62dc4e75c056a216cc4bdaa589a95f9553ce40e37aa6690974759b7975ad23c,9434b39d2d7bbd8203a4674b4acdebfecf898afbc08cf7bc144729ec4b326c2b,91d3d84760c4b2427d500f0bee0f2dc0ceeb7e4f2e31d51d17a64342777993d5,8e6514353cc32a5b8bed1212df0c12d76de11d0624e4931fda4028f0be3ed31f,63345c591b46c656b204236d147993cb283d57fdbccd0246b7cef281d7968730,2b6a2bb93fcc6c3aa80d2115a002b8cba370f61442edb592ffc9bc95eaa02e35,f3328f947dda0f1fa993d4c40060bf414bc5ea73745cf9afe20031c9c4da5162,This test uses the supplied/current ticker universe and is not a survivorship-bias-free historical index-constituent study.,Ticker,SUNPHARMA.NS,159,58,101,36.477987421383645,0.20326645778385632,-2.8081393876451872,0.06822435122259381,-1.0285395317222223,1.102845254594685,0.06822435122259381,17.79245283018868,21,911.333493124584
S222_20110830_20260828_abaea4e9641f,e62dc4e75c056a216cc4bdaa589a95f9553ce40e37aa6690974759b7975ad23c,9434b39d2d7bbd8203a4674b4acdebfecf898afbc08cf7bc144729ec4b326c2b,91d3d84760c4b2427d500f0bee0f2dc0ceeb7e4f2e31d51d17a64342777993d5,8e6514353cc32a5b8bed1212df0c12d76de11d0624e4931fda4028f0be3ed31f,63345c591b46c656b204236d147993cb283d57fdbccd0246b7cef281d7968730,2b6a2bb93fcc6c3aa80d2115a002b8cba370f61442edb592ffc9bc95eaa02e35,f3328f947dda0f1fa993d4c40060bf414bc5ea73745cf9afe20031c9c4da5162,This test uses the supplied/current ticker universe and is not a survivorship-bias-free historical index-constituent study.,Ticker,TCS.NS,170,69,101,40.588235294117645,0.4043383314191665,-2.7426429966389225,0.1335500823332441,-1.0319946200989998,1.218274428236533,0.1335500823332441,14.911764705882353,15,762.6279312759343
S222_20110830_20260828_abaea4e9641f,e62dc4e75c056a216cc4bdaa589a95f9553ce40e37aa6690974759b7975ad23c,9434b39d2d7bbd8203a4674b4acdebfecf898afbc08cf7bc144729ec4b326c2b,91d3d84760c4b2427d500f0bee0f2dc0ceeb7e4f2e31d51d17a64342777993d5,8e6514353cc32a5b8bed1212df0c12d76de11d0624e4931fda4028f0be3ed31f,63345c591b46c656b204236d147993cb283d57fdbccd0246b7cef281d7968730,2b6a2bb93fcc6c3aa80d2115a002b8cba370f61442edb592ffc9bc95eaa02e35,f3328f947dda0f1fa993d4c40060bf414bc5ea73745cf9afe20031c9c4da5162,This test uses the supplied/current ticker universe and is not a survivorship-bias-free historical index-constituent study.,Ticker,TITAN.NS,140,67,73,47.85714285714286,1.1379437283377163,-2.3822857299329145,0.22366275348080883,-1.015382442627521,1.3691487593965492,0.22366275348080883,13.714285714285714,10,994.2277935939675
S222_20110830_20260828_abaea4e9641f,e62dc4e75c056a216cc4bdaa589a95f9553ce40e37aa6690974759b7975ad23c,9434b39d2d7bbd8203a4674b4acdebfecf898afbc08cf7bc144729ec4b326c2b,91d3d84760c4b2427d500f0bee0f2dc0ceeb7e4f2e31d51d17a64342777993d5,8e6514353cc32a5b8bed1212df0c12d76de11d0624e4931fda4028f0be3ed31f,63345c591b46c656b204236d147993cb283d57fdbccd0246b7cef281d7968730,2b6a2bb93fcc6c3aa80d2115a002b8cba370f61442edb592ffc9bc95eaa02e35,f3328f947dda0f1fa993d4c40060bf414bc5ea73745cf9afe20031c9c4da5162,This test uses the supplied/current ticker universe and is not a survivorship-bias-free historical index-constituent study.,Ticker,TMPV.NS,90,28,62,31.11111111111111,-0.7437492359369151,-4.410043329623555,-0.20398021722376716,-1.0251318770990245,0.7366031319882418,-0.20398021722376716,9.911111111111111,25,-384.3067990137911
S222_20110830_20260828_abaea4e9641f,e62dc4e75c056a216cc4bdaa589a95f9553ce40e37aa6690974759b7975ad23c,9434b39d2d7bbd8203a4674b4acdebfecf898afbc08cf7bc144729ec4b326c2b,91d3d84760c4b2427d500f0bee0f2dc0ceeb7e4f2e31d51d17a64342777993d5,8e6514353cc32a5b8bed1212df0c12d76de11d0624e4931fda4028f0be3ed31f,63345c591b46c656b204236d147993cb283d57fdbccd0246b7cef281d7968730,2b6a2bb93fcc6c3aa80d2115a002b8cba370f61442edb592ffc9bc95eaa02e35,f3328f947dda0f1fa993d4c40060bf414bc5ea73745cf9afe20031c9c4da5162,This test uses the supplied/current ticker universe and is not a survivorship-bias-free historical index-constituent study.,Ticker,WIPRO.NS,161,81,80,50.31055900621118,1.738661427454117,2.7471111963712476,0.4222052114098875,0.24488985608120487,1.8085381168850414,0.4222052114098875,15.546583850931677,30,463.2759100919491
S222_20110830_20260828_abaea4e9641f,e62dc4e75c056a216cc4bdaa589a95f9553ce40e37aa6690974759b7975ad23c,9434b39d2d7bbd8203a4674b4acdebfecf898afbc08cf7bc144729ec4b326c2b,91d3d84760c4b2427d500f0bee0f2dc0ceeb7e4f2e31d51d17a64342777993d5,8e6514353cc32a5b8bed1212df0c12d76de11d0624e4931fda4028f0be3ed31f,63345c591b46c656b204236d147993cb283d57fdbccd0246b7cef281d7968730,2b6a2bb93fcc6c3aa80d2115a002b8cba370f61442edb592ffc9bc95eaa02e35,f3328f947dda0f1fa993d4c40060bf414bc5ea73745cf9afe20031c9c4da5162,This test uses the supplied/current ticker universe and is not a survivorship-bias-free historical index-constituent study.,Technical Score Band,60-69,907,392,515,43.2194046306505,0.7536225860335256,-2.6225479583756854,0.20313120351483666,-1.0293567127839658,1.3264400430852832,0.20313120351483666,12.871003307607497,34,4492.141953171861
S222_20110830_20260828_abaea4e9641f,e62dc4e75c056a216cc4bdaa589a95f9553ce40e37aa6690974759b7975ad23c,9434b39d2d7bbd8203a4674b4acdebfecf898afbc08cf7bc144729ec4b326c2b,91d3d84760c4b2427d500f0bee0f2dc0ceeb7e4f2e31d51d17a64342777993d5,8e6514353cc32a5b8bed1212df0c12d76de11d0624e4931fda4028f0be3ed31f,63345c591b46c656b204236d147993cb283d57fdbccd0246b7cef281d7968730,2b6a2bb93fcc6c3aa80d2115a002b8cba370f61442edb592ffc9bc95eaa02e35,f3328f947dda0f1fa993d4c40060bf414bc5ea73745cf9afe20031c9c4da5162,This test uses the supplied/current ticker universe and is not a survivorship-bias-free historical index-constituent study.,Technical Score Band,70-79,1490,648,842,43.48993288590604,0.8475780751024267,-2.60355304562433,0.15775977701304056,-1.0197795622717483,1.2637100064933913,0.15775977701304056,16.30536912751678,38,8488.316504476621
S222_20110830_20260828_abaea4e9641f,e62dc4e75c056a216cc4bdaa589a95f9553ce40e37aa6690974759b7975ad23c,9434b39d2d7bbd8203a4674b4acdebfecf898afbc08cf7bc144729ec4b326c2b,91d3d84760c4b2427d500f0bee0f2dc0ceeb7e4f2e31d51d17a64342777993d5,8e6514353cc32a5b8bed1212df0c12d76de11d0624e4931fda4028f0be3ed31f,63345c591b46c656b204236d147993cb283d57fdbccd0246b7cef281d7968730,2b6a2bb93fcc6c3aa80d2115a002b8cba370f61442edb592ffc9bc95eaa02e35,f3328f947dda0f1fa993d4c40060bf414bc5ea73745cf9afe20031c9c4da5162,This test uses the supplied/current ticker universe and is not a survivorship-bias-free historical index-constituent study.,Technical Score Band,80-89,536,228,308,42.53731343283582,0.7453885619965759,-3.02777960272787,0.143469407615454,-1.0234724490767553,1.2243712307502919,0.143469407615454,13.951492537313433,20,335.2029170526947
S222_20110830_20260828_abaea4e9641f,e62dc4e75c056a216cc4bdaa589a95f9553ce40e37aa6690974759b7975ad23c,9434b39d2d7bbd8203a4674b4acdebfecf898afbc08cf7bc144729ec4b326c2b,91d3d84760c4b2427d500f0bee0f2dc0ceeb7e4f2e31d51d17a64342777993d5,8e6514353cc32a5b8bed1212df0c12d76de11d0624e4931fda4028f0be3ed31f,63345c591b46c656b204236d147993cb283d57fdbccd0246b7cef281d7968730,2b6a2bb93fcc6c3aa80d2115a002b8cba370f61442edb592ffc9bc95eaa02e35,f3328f947dda0f1fa993d4c40060bf414bc5ea73745cf9afe20031c9c4da5162,This test uses the supplied/current ticker universe and is not a survivorship-bias-free historical index-constituent study.,Technical Score Band,90-100,1,1,0,100.0,9.16362461042614,9.16362461042614,1.6056918377025373,1.6056918377025373,inf,1.6056918377025373,9.0,0,110.22608815195007
S222_20110830_20260828_abaea4e9641f,e62dc4e75c056a216cc4bdaa589a95f9553ce40e37aa6690974759b7975ad23c,9434b39d2d7bbd8203a4674b4acdebfecf898afbc08cf7bc144729ec4b326c2b,91d3d84760c4b2427d500f0bee0f2dc0ceeb7e4f2e31d51d17a64342777993d5,8e6514353cc32a5b8bed1212df0c12d76de11d0624e4931fda4028f0be3ed31f,63345c591b46c656b204236d147993cb283d57fdbccd0246b7cef281d7968730,2b6a2bb93fcc6c3aa80d2115a002b8cba370f61442edb592ffc9bc95eaa02e35,f3328f947dda0f1fa993d4c40060bf414bc5ea73745cf9afe20031c9c4da5162,This test uses the supplied/current ticker universe and is not a survivorship-bias-free historical index-constituent study.,Actionability Score Band,40-49,97,49,48,50.51546391752577,0.9151378999286145,0.5467206962200619,0.1313287076849923,0.05057613599046818,1.3391366585036775,0.1313287076849923,43.0,4,424.57341125466064
S222_20110830_20260828_abaea4e9641f,e62dc4e75c056a216cc4bdaa589a95f9553ce40e37aa6690974759b7975ad23c,9434b39d2d7bbd8203a4674b4acdebfecf898afbc08cf7bc144729ec4b326c2b,91d3d84760c4b2427d500f0bee0f2dc0ceeb7e4f2e31d51d17a64342777993d5,8e6514353cc32a5b8bed1212df0c12d76de11d0624e4931fda4028f0be3ed31f,63345c591b46c656b204236d147993cb283d57fdbccd0246b7cef281d7968730,2b6a2bb93fcc6c3aa80d2115a002b8cba370f61442edb592ffc9bc95eaa02e35,f3328f947dda0f1fa993d4c40060bf414bc5ea73745cf9afe20031c9c4da5162,This test uses the supplied/current ticker universe and is not a survivorship-bias-free historical index-constituent study.,Actionability Score Band,50-59,129,70,59,54.263565891472865,2.5719833671387904,2.067161449612218,0.4267305334350984,0.1938382671583872,2.019334665469482,0.4267305334350984,30.829457364341085,10,6391.322044322185
S222_20110830_20260828_abaea4e9641f,e62dc4e75c056a216cc4bdaa589a95f9553ce40e37aa6690974759b7975ad23c,9434b39d2d7bbd8203a4674b4acdebfecf898afbc08cf7bc144729ec4b326c2b,91d3d84760c4b2427d500f0bee0f2dc0ceeb7e4f2e31d51d17a64342777993d5,8e6514353cc32a5b8bed1212df0c12d76de11d0624e4931fda4028f0be3ed31f,63345c591b46c656b204236d147993cb283d57fdbccd0246b7cef281d7968730,2b6a2bb93fcc6c3aa80d2115a002b8cba370f61442edb592ffc9bc95eaa02e35,f3328f947dda0f1fa993d4c40060bf414bc5ea73745cf9afe20031c9c4da5162,This test uses the supplied/current ticker universe and is not a survivorship-bias-free historical index-constituent study.,Actionability Score Band,60-69,216,102,114,47.22222222222222,1.707495791715506,-1.0165515447793583,0.14987468525726766,-1.010255149064621,1.2681187156125386,0.14987468525726766,21.62037037037037,18,1029.8825611239502
S222_20110830_20260828_abaea4e9641f,e62dc4e75c056a216cc4bdaa589a95f9553ce40e37aa6690974759b7975ad23c,9434b39d2d7bbd8203a4674b4acdebfecf898afbc08cf7bc144729ec4b326c2b,91d3d84760c4b2427d500f0bee0f2dc0ceeb7e4f2e31d51d17a64342777993d5,8e6514353cc32a5b8bed1212df0c12d76de11d0624e4931fda4028f0be3ed31f,63345c591b46c656b204236d147993cb283d57fdbccd0246b7cef281d7968730,2b6a2bb93fcc6c3aa80d2115a002b8cba370f61442edb592ffc9bc95eaa02e35,f3328f947dda0f1fa993d4c40060bf414bc5ea73745cf9afe20031c9c4da5162,This test uses the supplied/current ticker universe and is not a survivorship-bias-free historical index-constituent study.,Actionability Score Band,70-79,522,204,318,39.08045977011494,0.3521275034007957,-3.214076623245508,0.07770667719347758,-1.026739154114837,1.120345811434047,0.07770667719347758,13.193486590038313,26,1692.044120867496
S222_20110830_20260828_abaea4e9641f,e62dc4e75c056a216cc4bdaa589a95f9553ce40e37aa6690974759b7975ad23c,9434b39d2d7bbd8203a4674b4acdebfecf898afbc08cf7bc144729ec4b326c2b,91d3d84760c4b2427d500f0bee0f2dc0ceeb7e4f2e31d51d17a64342777993d5,8e6514353cc32a5b8bed1212df0c12d76de11d0624e4931fda4028f0be3ed31f,63345c591b46c656b204236d147993cb283d57fdbccd0246b7cef281d7968730,2b6a2bb93fcc6c3aa80d2115a002b8cba370f61442edb592ffc9bc95eaa02e35,f3328f947dda0f1fa993d4c40060bf414bc5ea73745cf9afe20031c9c4da5162,This test uses the supplied/current ticker universe and is not a survivorship-bias-free historical index-constituent study.,Actionability Score Band,80-89,1519,653,866,42.98880842659645,0.6678342400914563,-2.6043097523449745,0.16595461751892565,-1.0291399941508146,1.2622642621218836,0.16595461751892565,11.954575378538513,57,4739.378108411253
S222_20110830_20260828_abaea4e9641f,e62dc4e75c056a216cc4bdaa589a95f9553ce40e37aa6690974759b7975ad23c,9434b39d2d7bbd8203a4674b4acdebfecf898afbc08cf7bc144729ec4b326c2b,91d3d84760c4b2427d500f0bee0f2dc0ceeb7e4f2e31d51d17a64342777993d5,8e6514353cc32a5b8bed1212df0c12d76de11d0624e4931fda4028f0be3ed31f,63345c591b46c656b204236d147993cb283d57fdbccd0246b7cef281d7968730,2b6a2bb93fcc6c3aa80d2115a002b8cba370f61442edb592ffc9bc95eaa02e35,f3328f947dda0f1fa993d4c40060bf414bc5ea73745cf9afe20031c9c4da5162,This test uses the supplied/current ticker universe and is not a survivorship-bias-free historical index-constituent study.,Actionability Score Band,90-100,451,191,260,42.350332594235034,0.8148443949821467,-2.6623008245473683,0.23281454252015082,-1.0304102810471987,1.3646529113558103,0.23281454252015082,12.39911308203991,14,-851.3127831264178
S222_20110830_20260828_abaea4e9641f,e62dc4e75c056a216cc4bdaa589a95f9553ce40e37aa6690974759b7975ad23c,9434b39d2d7bbd8203a4674b4acdebfecf898afbc08cf7bc144729ec4b326c2b,91d3d84760c4b2427d500f0bee0f2dc0ceeb7e4f2e31d51d17a64342777993d5,8e6514353cc32a5b8bed1212df0c12d76de11d0624e4931fda4028f0be3ed31f,63345c591b46c656b204236d147993cb283d57fdbccd0246b7cef281d7968730,2b6a2bb93fcc6c3aa80d2115a002b8cba370f61442edb592ffc9bc95eaa02e35,f3328f947dda0f1fa993d4c40060bf414bc5ea73745cf9afe20031c9c4da5162,This test uses the supplied/current ticker universe and is not a survivorship-bias-free historical index-constituent study.,R:R Band,1.5-1.99,2286,1015,1271,44.40069991251094,0.6992138621710718,-2.600291279182711,0.14610465861718433,-1.0194708732245155,1.2444463917983288,0.14610465861718433,15.127296587926509,60,15068.820542942225
S222_20110830_20260828_abaea4e9641f,e62dc4e75c056a216cc4bdaa589a95f9553ce40e37aa6690974759b7975ad23c,9434b39d2d7bbd8203a4674b4acdebfecf898afbc08cf7bc144729ec4b326c2b,91d3d84760c4b2427d500f0bee0f2dc0ceeb7e4f2e31d51d17a64342777993d5,8e6514353cc32a5b8bed1212df0c12d76de11d0624e4931fda4028f0be3ed31f,63345c591b46c656b204236d147993cb283d57fdbccd0246b7cef281d7968730,2b6a2bb93fcc6c3aa80d2115a002b8cba370f61442edb592ffc9bc95eaa02e35,f3328f947dda0f1fa993d4c40060bf414bc5ea73745cf9afe20031c9c4da5162,This test uses the supplied/current ticker universe and is not a survivorship-bias-free historical index-constituent study.,R:R Band,2.0-2.49,548,213,335,38.86861313868613,0.9406919114656406,-2.7486884746886444,0.20651211642027556,-1.0315854572970997,1.3056172978759968,0.20651211642027556,13.16058394160584,26,-475.4121918435485
S222_20110830_20260828_abaea4e9641f,e62dc4e75c056a216cc4bdaa589a95f9553ce40e37aa6690974759b7975ad23c,9434b39d2d7bbd8203a4674b4acdebfecf898afbc08cf7bc144729ec4b326c2b,91d3d84760c4b2427d500f0bee0f2dc0ceeb7e4f2e31d51d17a64342777993d5,8e6514353cc32a5b8bed1212df0c12d76de11d0624e4931fda4028f0be3ed31f,63345c591b46c656b204236d147993cb283d57fdbccd0246b7cef281d7968730,2b6a2bb93fcc6c3aa80d2115a002b8cba370f61442edb592ffc9bc95eaa02e35,f3328f947dda0f1fa993d4c40060bf414bc5ea73745cf9afe20031c9c4da5162,This test uses the supplied/current ticker universe and is not a survivorship-bias-free historical index-constituent study.,R:R Band,2.5-2.99,88,34,54,38.63636363636363,1.9567770520282222,-2.660943977780107,0.39166192014664053,-1.03445921960548,1.6085355356293556,0.39166192014664053,16.170454545454547,18,-1047.5741422687902
S222_20110830_20260828_abaea4e9641f,e62dc4e75c056a216cc4bdaa589a95f9553ce40e37aa6690974759b7975ad23c,9434b39d2d7bbd8203a4674b4acdebfecf898afbc08cf7bc144729ec4b326c2b,91d3d84760c4b2427d500f0bee0f2dc0ceeb7e4f2e31d51d17a64342777993d5,8e6514353cc32a5b8bed1212df0c12d76de11d0624e4931fda4028f0be3ed31f,63345c591b46c656b204236d147993cb283d57fdbccd0246b7cef281d7968730,2b6a2bb93fcc6c3aa80d2115a002b8cba370f61442edb592ffc9bc95eaa02e35,f3328f947dda0f1fa993d4c40060bf414bc5ea73745cf9afe20031c9c4da5162,This test uses the supplied/current ticker universe and is not a survivorship-bias-free historical index-constituent study.,R:R Band,3.0+,12,7,5,58.333333333333336,5.751706190907442,10.383739704344539,1.3481021072395276,2.9699812620486905,4.096427705106857,1.3481021072395276,20.0,3,-119.94674597676038
