Experiment ID,STRATEGY_HASH,EXECUTION_HASH,STAGE21_CODE_HASH,STAGE221_CODE_HASH,STAGE222_CODE_HASH,DATA_CONTENT_HASH,MANIFEST_DOCUMENT_HASH,Survivorship Bias Warning,Variant,Benchmark,Exposure Method,Cash Return Assumption,Average Strategy Exposure %,Ending Equity,Net Return %,CAGR %,Annualized Volatility %,Sharpe Ratio,Maximum Drawdown %,Strategy Net Return %,Strategy Minus Benchmark Return %,Interpretation,Methodology Note,No-Lookahead Rule
S222_20110830_20260828_abaea4e9641f,e62dc4e75c056a216cc4bdaa589a95f9553ce40e37aa6690974759b7975ad23c,9434b39d2d7bbd8203a4674b4acdebfecf898afbc08cf7bc144729ec4b326c2b,91d3d84760c4b2427d500f0bee0f2dc0ceeb7e4f2e31d51d17a64342777993d5,8e6514353cc32a5b8bed1212df0c12d76de11d0624e4931fda4028f0be3ed31f,63345c591b46c656b204236d147993cb283d57fdbccd0246b7cef281d7968730,2b6a2bb93fcc6c3aa80d2115a002b8cba370f61442edb592ffc9bc95eaa02e35,f3328f947dda0f1fa993d4c40060bf414bc5ea73745cf9afe20031c9c4da5162,This test uses the supplied/current ticker universe and is not a survivorship-bias-free historical index-constituent study.,T1_10D,NIFTY_EX_POST_CONSTANT_AVERAGE_EXPOSURE_CASH_0,EX_POST_CONSTANT_AVERAGE_EXPOSURE,CASH_0,10.898402664788778,121010.65940006774,21.010659400067745,1.2799176162273884,1.7716124585686654,-2.5473713598304872,-4.926025456856486,24.32601055866248,3.315351158594737,Diagnostic control; does not establish causality.,Uses full-period realized average strategy exposure; diagnostic only; not deployable point-in-time.,NOT APPLICABLE: ex-post diagnostic uses full-period realized exposure.
S222_20110830_20260828_abaea4e9641f,e62dc4e75c056a216cc4bdaa589a95f9553ce40e37aa6690974759b7975ad23c,9434b39d2d7bbd8203a4674b4acdebfecf898afbc08cf7bc144729ec4b326c2b,91d3d84760c4b2427d500f0bee0f2dc0ceeb7e4f2e31d51d17a64342777993d5,8e6514353cc32a5b8bed1212df0c12d76de11d0624e4931fda4028f0be3ed31f,63345c591b46c656b204236d147993cb283d57fdbccd0246b7cef281d7968730,2b6a2bb93fcc6c3aa80d2115a002b8cba370f61442edb592ffc9bc95eaa02e35,f3328f947dda0f1fa993d4c40060bf414bc5ea73745cf9afe20031c9c4da5162,This test uses the supplied/current ticker universe and is not a survivorship-bias-free historical index-constituent study.,T1_10D,NIFTY_EX_POST_CONSTANT_AVERAGE_EXPOSURE_CASH_RF,EX_POST_CONSTANT_AVERAGE_EXPOSURE,CASH_RF,10.898402664788778,259341.38298967874,159.34138298967872,6.561486660657456,1.771624753020726,0.3827531060333271,-4.320664905589333,24.32601055866248,-135.01537243101623,Diagnostic control; does not establish causality.,Uses full-period realized average strategy exposure; diagnostic only; not deployable point-in-time.,NOT APPLICABLE: ex-post diagnostic uses full-period realized exposure.
S222_20110830_20260828_abaea4e9641f,e62dc4e75c056a216cc4bdaa589a95f9553ce40e37aa6690974759b7975ad23c,9434b39d2d7bbd8203a4674b4acdebfecf898afbc08cf7bc144729ec4b326c2b,91d3d84760c4b2427d500f0bee0f2dc0ceeb7e4f2e31d51d17a64342777993d5,8e6514353cc32a5b8bed1212df0c12d76de11d0624e4931fda4028f0be3ed31f,63345c591b46c656b204236d147993cb283d57fdbccd0246b7cef281d7968730,2b6a2bb93fcc6c3aa80d2115a002b8cba370f61442edb592ffc9bc95eaa02e35,f3328f947dda0f1fa993d4c40060bf414bc5ea73745cf9afe20031c9c4da5162,This test uses the supplied/current ticker universe and is not a survivorship-bias-free historical index-constituent study.,T1_10D,NIFTY_PRIOR_SESSION_DYNAMIC_EXPOSURE_CASH_0,PRIOR_SESSION_DYNAMIC_EXPOSURE,CASH_0,10.898402664788778,124742.06270952994,24.742062709529943,1.4852454897627654,3.0510886155944195,-1.4011729641547765,-8.92686731729433,24.32601055866248,-0.4160521508674613,Diagnostic control; does not establish causality.,Uses prior-session strategy exposure for next-session NIFTY allocation; no same-day look-ahead.,Uses prior-session strategy exposure for next-session NIFTY allocation; no same-day look-ahead.
S222_20110830_20260828_abaea4e9641f,e62dc4e75c056a216cc4bdaa589a95f9553ce40e37aa6690974759b7975ad23c,9434b39d2d7bbd8203a4674b4acdebfecf898afbc08cf7bc144729ec4b326c2b,91d3d84760c4b2427d500f0bee0f2dc0ceeb7e4f2e31d51d17a64342777993d5,8e6514353cc32a5b8bed1212df0c12d76de11d0624e4931fda4028f0be3ed31f,63345c591b46c656b204236d147993cb283d57fdbccd0246b7cef281d7968730,2b6a2bb93fcc6c3aa80d2115a002b8cba370f61442edb592ffc9bc95eaa02e35,f3328f947dda0f1fa993d4c40060bf414bc5ea73745cf9afe20031c9c4da5162,This test uses the supplied/current ticker universe and is not a survivorship-bias-free historical index-constituent study.,T1_10D,NIFTY_PRIOR_SESSION_DYNAMIC_EXPOSURE_CASH_RF,PRIOR_SESSION_DYNAMIC_EXPOSURE,CASH_RF,10.898402664788778,267340.2407392614,167.34024073926136,6.777574793438101,3.047953327575361,0.30045577639978743,-6.835212038976235,24.32601055866248,-143.01423018059887,Diagnostic control; does not establish causality.,Uses prior-session strategy exposure for next-session NIFTY allocation; no same-day look-ahead.,Uses prior-session strategy exposure for next-session NIFTY allocation; no same-day look-ahead.
S222_20110830_20260828_abaea4e9641f,e62dc4e75c056a216cc4bdaa589a95f9553ce40e37aa6690974759b7975ad23c,9434b39d2d7bbd8203a4674b4acdebfecf898afbc08cf7bc144729ec4b326c2b,91d3d84760c4b2427d500f0bee0f2dc0ceeb7e4f2e31d51d17a64342777993d5,8e6514353cc32a5b8bed1212df0c12d76de11d0624e4931fda4028f0be3ed31f,63345c591b46c656b204236d147993cb283d57fdbccd0246b7cef281d7968730,2b6a2bb93fcc6c3aa80d2115a002b8cba370f61442edb592ffc9bc95eaa02e35,f3328f947dda0f1fa993d4c40060bf414bc5ea73745cf9afe20031c9c4da5162,This test uses the supplied/current ticker universe and is not a survivorship-bias-free historical index-constituent study.,T1_20D,NIFTY_EX_POST_CONSTANT_AVERAGE_EXPOSURE_CASH_0,EX_POST_CONSTANT_AVERAGE_EXPOSURE,CASH_0,14.513576598030648,128781.70015316746,28.781700153167456,1.701170259428575,2.3592845585101165,-1.7280144643334312,-6.517262760475539,11.234941703736112,-17.546758449431344,Diagnostic control; does not establish causality.,Uses full-period realized average strategy exposure; diagnostic only; not deployable point-in-time.,NOT APPLICABLE: ex-post diagnostic uses full-period realized exposure.
S222_20110830_20260828_abaea4e9641f,e62dc4e75c056a216cc4bdaa589a95f9553ce40e37aa6690974759b7975ad23c,9434b39d2d7bbd8203a4674b4acdebfecf898afbc08cf7bc144729ec4b326c2b,91d3d84760c4b2427d500f0bee0f2dc0ceeb7e4f2e31d51d17a64342777993d5,8e6514353cc32a5b8bed1212df0c12d76de11d0624e4931fda4028f0be3ed31f,63345c591b46c656b204236d147993cb283d57fdbccd0246b7cef281d7968730,2b6a2bb93fcc6c3aa80d2115a002b8cba370f61442edb592ffc9bc95eaa02e35,f3328f947dda0f1fa993d4c40060bf414bc5ea73745cf9afe20031c9c4da5162,This test uses the supplied/current ticker universe and is not a survivorship-bias-free historical index-constituent study.,T1_20D,NIFTY_EX_POST_CONSTANT_AVERAGE_EXPOSURE_CASH_RF,EX_POST_CONSTANT_AVERAGE_EXPOSURE,CASH_RF,14.513576598030648,267588.0196498861,167.5880196498861,6.784171691530583,2.3592941652573725,0.38297565059840105,-5.875051905259654,11.234941703736112,-156.35307794615,Diagnostic control; does not establish causality.,Uses full-period realized average strategy exposure; diagnostic only; not deployable point-in-time.,NOT APPLICABLE: ex-post diagnostic uses full-period realized exposure.
S222_20110830_20260828_abaea4e9641f,e62dc4e75c056a216cc4bdaa589a95f9553ce40e37aa6690974759b7975ad23c,9434b39d2d7bbd8203a4674b4acdebfecf898afbc08cf7bc144729ec4b326c2b,91d3d84760c4b2427d500f0bee0f2dc0ceeb7e4f2e31d51d17a64342777993d5,8e6514353cc32a5b8bed1212df0c12d76de11d0624e4931fda4028f0be3ed31f,63345c591b46c656b204236d147993cb283d57fdbccd0246b7cef281d7968730,2b6a2bb93fcc6c3aa80d2115a002b8cba370f61442edb592ffc9bc95eaa02e35,f3328f947dda0f1fa993d4c40060bf414bc5ea73745cf9afe20031c9c4da5162,This test uses the supplied/current ticker universe and is not a survivorship-bias-free historical index-constituent study.,T1_20D,NIFTY_PRIOR_SESSION_DYNAMIC_EXPOSURE_CASH_0,PRIOR_SESSION_DYNAMIC_EXPOSURE,CASH_0,14.513576598030648,125972.46166362886,25.972461663628856,1.5516951056132156,3.499594881622491,-1.1982993417298107,-11.121742073984542,11.234941703736112,-14.737519959892744,Diagnostic control; does not establish causality.,Uses prior-session strategy exposure for next-session NIFTY allocation; no same-day look-ahead.,Uses prior-session strategy exposure for next-session NIFTY allocation; no same-day look-ahead.
S222_20110830_20260828_abaea4e9641f,e62dc4e75c056a216cc4bdaa589a95f9553ce40e37aa6690974759b7975ad23c,9434b39d2d7bbd8203a4674b4acdebfecf898afbc08cf7bc144729ec4b326c2b,91d3d84760c4b2427d500f0bee0f2dc0ceeb7e4f2e31d51d17a64342777993d5,8e6514353cc32a5b8bed1212df0c12d76de11d0624e4931fda4028f0be3ed31f,63345c591b46c656b204236d147993cb283d57fdbccd0246b7cef281d7968730,2b6a2bb93fcc6c3aa80d2115a002b8cba370f61442edb592ffc9bc95eaa02e35,f3328f947dda0f1fa993d4c40060bf414bc5ea73745cf9afe20031c9c4da5162,This test uses the supplied/current ticker universe and is not a survivorship-bias-free historical index-constituent study.,T1_20D,NIFTY_PRIOR_SESSION_DYNAMIC_EXPOSURE_CASH_RF,PRIOR_SESSION_DYNAMIC_EXPOSURE,CASH_RF,14.513576598030648,261755.06182816543,161.75506182816542,6.627339785430464,3.497209637899549,0.224933391930439,-9.172814477646686,11.234941703736112,-150.5201201244293,Diagnostic control; does not establish causality.,Uses prior-session strategy exposure for next-session NIFTY allocation; no same-day look-ahead.,Uses prior-session strategy exposure for next-session NIFTY allocation; no same-day look-ahead.
S222_20110830_20260828_abaea4e9641f,e62dc4e75c056a216cc4bdaa589a95f9553ce40e37aa6690974759b7975ad23c,9434b39d2d7bbd8203a4674b4acdebfecf898afbc08cf7bc144729ec4b326c2b,91d3d84760c4b2427d500f0bee0f2dc0ceeb7e4f2e31d51d17a64342777993d5,8e6514353cc32a5b8bed1212df0c12d76de11d0624e4931fda4028f0be3ed31f,63345c591b46c656b204236d147993cb283d57fdbccd0246b7cef281d7968730,2b6a2bb93fcc6c3aa80d2115a002b8cba370f61442edb592ffc9bc95eaa02e35,f3328f947dda0f1fa993d4c40060bf414bc5ea73745cf9afe20031c9c4da5162,This test uses the supplied/current ticker universe and is not a survivorship-bias-free historical index-constituent study.,T1_30D,NIFTY_EX_POST_CONSTANT_AVERAGE_EXPOSURE_CASH_0,EX_POST_CONSTANT_AVERAGE_EXPOSURE,CASH_0,16.169247918125087,132482.87656018604,32.48287656018605,1.893524657869805,2.6284256453458057,-1.4750898643631152,-7.238991839979281,14.6181428069593,-17.86473375322675,Diagnostic control; does not establish causality.,Uses full-period realized average strategy exposure; diagnostic only; not deployable point-in-time.,NOT APPLICABLE: ex-post diagnostic uses full-period realized exposure.
S222_20110830_20260828_abaea4e9641f,e62dc4e75c056a216cc4bdaa589a95f9553ce40e37aa6690974759b7975ad23c,9434b39d2d7bbd8203a4674b4acdebfecf898afbc08cf7bc144729ec4b326c2b,91d3d84760c4b2427d500f0bee0f2dc0ceeb7e4f2e31d51d17a64342777993d5,8e6514353cc32a5b8bed1212df0c12d76de11d0624e4931fda4028f0be3ed31f,63345c591b46c656b204236d147993cb283d57fdbccd0246b7cef281d7968730,2b6a2bb93fcc6c3aa80d2115a002b8cba370f61442edb592ffc9bc95eaa02e35,f3328f947dda0f1fa993d4c40060bf414bc5ea73745cf9afe20031c9c4da5162,This test uses the supplied/current ticker universe and is not a survivorship-bias-free historical index-constituent study.,T1_30D,NIFTY_EX_POST_CONSTANT_AVERAGE_EXPOSURE_CASH_RF,EX_POST_CONSTANT_AVERAGE_EXPOSURE,CASH_RF,16.169247918125087,271405.8135390719,171.40581353907186,6.885102899811013,2.6284344034408056,0.38304429170320176,-6.581969558724065,14.6181428069593,-156.78767073211256,Diagnostic control; does not establish causality.,Uses full-period realized average strategy exposure; diagnostic only; not deployable point-in-time.,NOT APPLICABLE: ex-post diagnostic uses full-period realized exposure.
S222_20110830_20260828_abaea4e9641f,e62dc4e75c056a216cc4bdaa589a95f9553ce40e37aa6690974759b7975ad23c,9434b39d2d7bbd8203a4674b4acdebfecf898afbc08cf7bc144729ec4b326c2b,91d3d84760c4b2427d500f0bee0f2dc0ceeb7e4f2e31d51d17a64342777993d5,8e6514353cc32a5b8bed1212df0c12d76de11d0624e4931fda4028f0be3ed31f,63345c591b46c656b204236d147993cb283d57fdbccd0246b7cef281d7968730,2b6a2bb93fcc6c3aa80d2115a002b8cba370f61442edb592ffc9bc95eaa02e35,f3328f947dda0f1fa993d4c40060bf414bc5ea73745cf9afe20031c9c4da5162,This test uses the supplied/current ticker universe and is not a survivorship-bias-free historical index-constituent study.,T1_30D,NIFTY_PRIOR_SESSION_DYNAMIC_EXPOSURE_CASH_0,PRIOR_SESSION_DYNAMIC_EXPOSURE,CASH_0,16.169247918125087,125463.02075437867,25.463020754378675,1.5242557554100644,3.6950452736032773,-1.1404832670611151,-11.201732375261598,14.6181428069593,-10.844877947419375,Diagnostic control; does not establish causality.,Uses prior-session strategy exposure for next-session NIFTY allocation; no same-day look-ahead.,Uses prior-session strategy exposure for next-session NIFTY allocation; no same-day look-ahead.
S222_20110830_20260828_abaea4e9641f,e62dc4e75c056a216cc4bdaa589a95f9553ce40e37aa6690974759b7975ad23c,9434b39d2d7bbd8203a4674b4acdebfecf898afbc08cf7bc144729ec4b326c2b,91d3d84760c4b2427d500f0bee0f2dc0ceeb7e4f2e31d51d17a64342777993d5,8e6514353cc32a5b8bed1212df0c12d76de11d0624e4931fda4028f0be3ed31f,63345c591b46c656b204236d147993cb283d57fdbccd0246b7cef281d7968730,2b6a2bb93fcc6c3aa80d2115a002b8cba370f61442edb592ffc9bc95eaa02e35,f3328f947dda0f1fa993d4c40060bf414bc5ea73745cf9afe20031c9c4da5162,This test uses the supplied/current ticker universe and is not a survivorship-bias-free historical index-constituent study.,T1_30D,NIFTY_PRIOR_SESSION_DYNAMIC_EXPOSURE_CASH_RF,PRIOR_SESSION_DYNAMIC_EXPOSURE,CASH_RF,16.169247918125087,257030.93016770823,157.03093016770825,6.497911828495062,3.6925017176038946,0.18133474272775768,-9.140069513577142,14.6181428069593,-142.41278736074895,Diagnostic control; does not establish causality.,Uses prior-session strategy exposure for next-session NIFTY allocation; no same-day look-ahead.,Uses prior-session strategy exposure for next-session NIFTY allocation; no same-day look-ahead.
S222_20110830_20260828_abaea4e9641f,e62dc4e75c056a216cc4bdaa589a95f9553ce40e37aa6690974759b7975ad23c,9434b39d2d7bbd8203a4674b4acdebfecf898afbc08cf7bc144729ec4b326c2b,91d3d84760c4b2427d500f0bee0f2dc0ceeb7e4f2e31d51d17a64342777993d5,8e6514353cc32a5b8bed1212df0c12d76de11d0624e4931fda4028f0be3ed31f,63345c591b46c656b204236d147993cb283d57fdbccd0246b7cef281d7968730,2b6a2bb93fcc6c3aa80d2115a002b8cba370f61442edb592ffc9bc95eaa02e35,f3328f947dda0f1fa993d4c40060bf414bc5ea73745cf9afe20031c9c4da5162,This test uses the supplied/current ticker universe and is not a survivorship-bias-free historical index-constituent study.,T1_45D,NIFTY_EX_POST_CONSTANT_AVERAGE_EXPOSURE_CASH_0,EX_POST_CONSTANT_AVERAGE_EXPOSURE,CASH_0,17.21811938258795,134874.97411874373,34.87497411874374,2.015193888881983,2.798927122583665,-1.3400294895252032,-7.693938061000538,12.98118526035661,-21.893788858387126,Diagnostic control; does not establish causality.,Uses full-period realized average strategy exposure; diagnostic only; not deployable point-in-time.,NOT APPLICABLE: ex-post diagnostic uses full-period realized exposure.
S222_20110830_20260828_abaea4e9641f,e62dc4e75c056a216cc4bdaa589a95f9553ce40e37aa6690974759b7975ad23c,9434b39d2d7bbd8203a4674b4acdebfecf898afbc08cf7bc144729ec4b326c2b,91d3d84760c4b2427d500f0bee0f2dc0ceeb7e4f2e31d51d17a64342777993d5,8e6514353cc32a5b8bed1212df0c12d76de11d0624e4931fda4028f0be3ed31f,63345c591b46c656b204236d147993cb283d57fdbccd0246b7cef281d7968730,2b6a2bb93fcc6c3aa80d2115a002b8cba370f61442edb592ffc9bc95eaa02e35,f3328f947dda0f1fa993d4c40060bf414bc5ea73745cf9afe20031c9c4da5162,This test uses the supplied/current ticker universe and is not a survivorship-bias-free historical index-constituent study.,T1_45D,NIFTY_EX_POST_CONSTANT_AVERAGE_EXPOSURE_CASH_RF,EX_POST_CONSTANT_AVERAGE_EXPOSURE,CASH_RF,17.21811938258795,273837.4257900003,173.8374257900003,6.948699037550132,2.798935421705355,0.38308093496072465,-7.033700894564642,12.98118526035661,-160.8562405296437,Diagnostic control; does not establish causality.,Uses full-period realized average strategy exposure; diagnostic only; not deployable point-in-time.,NOT APPLICABLE: ex-post diagnostic uses full-period realized exposure.
S222_20110830_20260828_abaea4e9641f,e62dc4e75c056a216cc4bdaa589a95f9553ce40e37aa6690974759b7975ad23c,9434b39d2d7bbd8203a4674b4acdebfecf898afbc08cf7bc144729ec4b326c2b,91d3d84760c4b2427d500f0bee0f2dc0ceeb7e4f2e31d51d17a64342777993d5,8e6514353cc32a5b8bed1212df0c12d76de11d0624e4931fda4028f0be3ed31f,63345c591b46c656b204236d147993cb283d57fdbccd0246b7cef281d7968730,2b6a2bb93fcc6c3aa80d2115a002b8cba370f61442edb592ffc9bc95eaa02e35,f3328f947dda0f1fa993d4c40060bf414bc5ea73745cf9afe20031c9c4da5162,This test uses the supplied/current ticker universe and is not a survivorship-bias-free historical index-constituent study.,T1_45D,NIFTY_PRIOR_SESSION_DYNAMIC_EXPOSURE_CASH_0,PRIOR_SESSION_DYNAMIC_EXPOSURE,CASH_0,17.21811938258795,122993.42633524806,22.993426335248056,1.3897474483319128,3.797074943788972,-1.1444913967963486,-11.197962901735137,12.98118526035661,-10.012241074891447,Diagnostic control; does not establish causality.,Uses prior-session strategy exposure for next-session NIFTY allocation; no same-day look-ahead.,Uses prior-session strategy exposure for next-session NIFTY allocation; no same-day look-ahead.
S222_20110830_20260828_abaea4e9641f,e62dc4e75c056a216cc4bdaa589a95f9553ce40e37aa6690974759b7975ad23c,9434b39d2d7bbd8203a4674b4acdebfecf898afbc08cf7bc144729ec4b326c2b,91d3d84760c4b2427d500f0bee0f2dc0ceeb7e4f2e31d51d17a64342777993d5,8e6514353cc32a5b8bed1212df0c12d76de11d0624e4931fda4028f0be3ed31f,63345c591b46c656b204236d147993cb283d57fdbccd0246b7cef281d7968730,2b6a2bb93fcc6c3aa80d2115a002b8cba370f61442edb592ffc9bc95eaa02e35,f3328f947dda0f1fa993d4c40060bf414bc5ea73745cf9afe20031c9c4da5162,This test uses the supplied/current ticker universe and is not a survivorship-bias-free historical index-constituent study.,T1_45D,NIFTY_PRIOR_SESSION_DYNAMIC_EXPOSURE_CASH_RF,PRIOR_SESSION_DYNAMIC_EXPOSURE,CASH_RF,17.21811938258795,249721.29283707033,149.7212928370703,6.293205562981985,3.7950315487323203,0.12565716012407613,-9.135739243327457,12.98118526035661,-136.7401075767137,Diagnostic control; does not establish causality.,Uses prior-session strategy exposure for next-session NIFTY allocation; no same-day look-ahead.,Uses prior-session strategy exposure for next-session NIFTY allocation; no same-day look-ahead.
S222_20110830_20260828_abaea4e9641f,e62dc4e75c056a216cc4bdaa589a95f9553ce40e37aa6690974759b7975ad23c,9434b39d2d7bbd8203a4674b4acdebfecf898afbc08cf7bc144729ec4b326c2b,91d3d84760c4b2427d500f0bee0f2dc0ceeb7e4f2e31d51d17a64342777993d5,8e6514353cc32a5b8bed1212df0c12d76de11d0624e4931fda4028f0be3ed31f,63345c591b46c656b204236d147993cb283d57fdbccd0246b7cef281d7968730,2b6a2bb93fcc6c3aa80d2115a002b8cba370f61442edb592ffc9bc95eaa02e35,f3328f947dda0f1fa993d4c40060bf414bc5ea73745cf9afe20031c9c4da5162,This test uses the supplied/current ticker universe and is not a survivorship-bias-free historical index-constituent study.,T1_63D,NIFTY_EX_POST_CONSTANT_AVERAGE_EXPOSURE_CASH_0,EX_POST_CONSTANT_AVERAGE_EXPOSURE,CASH_0,17.44256411161743,135391.68156788152,35.39168156788153,2.041210486210243,2.8354122012175647,-1.313238140435414,-7.791062379012237,13.796359854235462,-21.595321713646065,Diagnostic control; does not establish causality.,Uses full-period realized average strategy exposure; diagnostic only; not deployable point-in-time.,NOT APPLICABLE: ex-post diagnostic uses full-period realized exposure.
S222_20110830_20260828_abaea4e9641f,e62dc4e75c056a216cc4bdaa589a95f9553ce40e37aa6690974759b7975ad23c,9434b39d2d7bbd8203a4674b4acdebfecf898afbc08cf7bc144729ec4b326c2b,91d3d84760c4b2427d500f0bee0f2dc0ceeb7e4f2e31d51d17a64342777993d5,8e6514353cc32a5b8bed1212df0c12d76de11d0624e4931fda4028f0be3ed31f,63345c591b46c656b204236d147993cb283d57fdbccd0246b7cef281d7968730,2b6a2bb93fcc6c3aa80d2115a002b8cba370f61442edb592ffc9bc95eaa02e35,f3328f947dda0f1fa993d4c40060bf414bc5ea73745cf9afe20031c9c4da5162,This test uses the supplied/current ticker universe and is not a survivorship-bias-free historical index-constituent study.,T1_63D,NIFTY_EX_POST_CONSTANT_AVERAGE_EXPOSURE_CASH_RF,EX_POST_CONSTANT_AVERAGE_EXPOSURE,CASH_RF,17.44256411161743,274359.05728196603,174.35905728196605,6.962273049688883,2.8354204087181136,0.383088202839475,-7.130141786751764,13.796359854235462,-160.5626974277306,Diagnostic control; does not establish causality.,Uses full-period realized average strategy exposure; diagnostic only; not deployable point-in-time.,NOT APPLICABLE: ex-post diagnostic uses full-period realized exposure.
S222_20110830_20260828_abaea4e9641f,e62dc4e75c056a216cc4bdaa589a95f9553ce40e37aa6690974759b7975ad23c,9434b39d2d7bbd8203a4674b4acdebfecf898afbc08cf7bc144729ec4b326c2b,91d3d84760c4b2427d500f0bee0f2dc0ceeb7e4f2e31d51d17a64342777993d5,8e6514353cc32a5b8bed1212df0c12d76de11d0624e4931fda4028f0be3ed31f,63345c591b46c656b204236d147993cb283d57fdbccd0246b7cef281d7968730,2b6a2bb93fcc6c3aa80d2115a002b8cba370f61442edb592ffc9bc95eaa02e35,f3328f947dda0f1fa993d4c40060bf414bc5ea73745cf9afe20031c9c4da5162,This test uses the supplied/current ticker universe and is not a survivorship-bias-free historical index-constituent study.,T1_63D,NIFTY_PRIOR_SESSION_DYNAMIC_EXPOSURE_CASH_0,PRIOR_SESSION_DYNAMIC_EXPOSURE,CASH_0,17.44256411161743,123159.96727054783,23.15996727054783,1.398897137781252,3.8015662297942816,-1.1406703025364686,-11.184943012099746,13.796359854235462,-9.36360741631237,Diagnostic control; does not establish causality.,Uses prior-session strategy exposure for next-session NIFTY allocation; no same-day look-ahead.,Uses prior-session strategy exposure for next-session NIFTY allocation; no same-day look-ahead.
S222_20110830_20260828_abaea4e9641f,e62dc4e75c056a216cc4bdaa589a95f9553ce40e37aa6690974759b7975ad23c,9434b39d2d7bbd8203a4674b4acdebfecf898afbc08cf7bc144729ec4b326c2b,91d3d84760c4b2427d500f0bee0f2dc0ceeb7e4f2e31d51d17a64342777993d5,8e6514353cc32a5b8bed1212df0c12d76de11d0624e4931fda4028f0be3ed31f,63345c591b46c656b204236d147993cb283d57fdbccd0246b7cef281d7968730,2b6a2bb93fcc6c3aa80d2115a002b8cba370f61442edb592ffc9bc95eaa02e35,f3328f947dda0f1fa993d4c40060bf414bc5ea73745cf9afe20031c9c4da5162,This test uses the supplied/current ticker universe and is not a survivorship-bias-free historical index-constituent study.,T1_63D,NIFTY_PRIOR_SESSION_DYNAMIC_EXPOSURE_CASH_RF,PRIOR_SESSION_DYNAMIC_EXPOSURE,CASH_RF,17.44256411161743,249579.46067171087,149.57946067171088,6.28917851058397,3.799718201509746,0.1245300585970717,-9.12274974794679,13.796359854235462,-135.78310081747543,Diagnostic control; does not establish causality.,Uses prior-session strategy exposure for next-session NIFTY allocation; no same-day look-ahead.,Uses prior-session strategy exposure for next-session NIFTY allocation; no same-day look-ahead.
S222_20110830_20260828_abaea4e9641f,e62dc4e75c056a216cc4bdaa589a95f9553ce40e37aa6690974759b7975ad23c,9434b39d2d7bbd8203a4674b4acdebfecf898afbc08cf7bc144729ec4b326c2b,91d3d84760c4b2427d500f0bee0f2dc0ceeb7e4f2e31d51d17a64342777993d5,8e6514353cc32a5b8bed1212df0c12d76de11d0624e4931fda4028f0be3ed31f,63345c591b46c656b204236d147993cb283d57fdbccd0246b7cef281d7968730,2b6a2bb93fcc6c3aa80d2115a002b8cba370f61442edb592ffc9bc95eaa02e35,f3328f947dda0f1fa993d4c40060bf414bc5ea73745cf9afe20031c9c4da5162,This test uses the supplied/current ticker universe and is not a survivorship-bias-free historical index-constituent study.,T2_10D,NIFTY_EX_POST_CONSTANT_AVERAGE_EXPOSURE_CASH_0,EX_POST_CONSTANT_AVERAGE_EXPOSURE,CASH_0,11.808751131254878,122928.0775181421,22.928077518142096,1.3861540525018867,1.919596042442007,-2.2937872358562856,-5.328708920409642,27.963006224887323,5.034928706745227,Diagnostic control; does not establish causality.,Uses full-period realized average strategy exposure; diagnostic only; not deployable point-in-time.,NOT APPLICABLE: ex-post diagnostic uses full-period realized exposure.
S222_20110830_20260828_abaea4e9641f,e62dc4e75c056a216cc4bdaa589a95f9553ce40e37aa6690974759b7975ad23c,9434b39d2d7bbd8203a4674b4acdebfecf898afbc08cf7bc144729ec4b326c2b,91d3d84760c4b2427d500f0bee0f2dc0ceeb7e4f2e31d51d17a64342777993d5,8e6514353cc32a5b8bed1212df0c12d76de11d0624e4931fda4028f0be3ed31f,63345c591b46c656b204236d147993cb283d57fdbccd0246b7cef281d7968730,2b6a2bb93fcc6c3aa80d2115a002b8cba370f61442edb592ffc9bc95eaa02e35,f3328f947dda0f1fa993d4c40060bf414bc5ea73745cf9afe20031c9c4da5162,This test uses the supplied/current ticker universe and is not a survivorship-bias-free historical index-constituent study.,T2_10D,NIFTY_EX_POST_CONSTANT_AVERAGE_EXPOSURE_CASH_RF,EX_POST_CONSTANT_AVERAGE_EXPOSURE,CASH_RF,11.808751131254878,261406.24767381878,161.40624767381877,6.6178581055375885,1.9196075124103293,0.382822011035576,-4.713953880129718,27.963006224887323,-133.44324144893145,Diagnostic control; does not establish causality.,Uses full-period realized average strategy exposure; diagnostic only; not deployable point-in-time.,NOT APPLICABLE: ex-post diagnostic uses full-period realized exposure.
S222_20110830_20260828_abaea4e9641f,e62dc4e75c056a216cc4bdaa589a95f9553ce40e37aa6690974759b7975ad23c,9434b39d2d7bbd8203a4674b4acdebfecf898afbc08cf7bc144729ec4b326c2b,91d3d84760c4b2427d500f0bee0f2dc0ceeb7e4f2e31d51d17a64342777993d5,8e6514353cc32a5b8bed1212df0c12d76de11d0624e4931fda4028f0be3ed31f,63345c591b46c656b204236d147993cb283d57fdbccd0246b7cef281d7968730,2b6a2bb93fcc6c3aa80d2115a002b8cba370f61442edb592ffc9bc95eaa02e35,f3328f947dda0f1fa993d4c40060bf414bc5ea73745cf9afe20031c9c4da5162,This test uses the supplied/current ticker universe and is not a survivorship-bias-free historical index-constituent study.,T2_10D,NIFTY_PRIOR_SESSION_DYNAMIC_EXPOSURE_CASH_0,PRIOR_SESSION_DYNAMIC_EXPOSURE,CASH_0,11.808751131254878,124703.48040371541,24.703480403715417,1.4831519156475403,3.2324136473871765,-1.3214635361641964,-8.840524715100262,27.963006224887323,3.2595258211719056,Diagnostic control; does not establish causality.,Uses prior-session strategy exposure for next-session NIFTY allocation; no same-day look-ahead.,Uses prior-session strategy exposure for next-session NIFTY allocation; no same-day look-ahead.
S222_20110830_20260828_abaea4e9641f,e62dc4e75c056a216cc4bdaa589a95f9553ce40e37aa6690974759b7975ad23c,9434b39d2d7bbd8203a4674b4acdebfecf898afbc08cf7bc144729ec4b326c2b,91d3d84760c4b2427d500f0bee0f2dc0ceeb7e4f2e31d51d17a64342777993d5,8e6514353cc32a5b8bed1212df0c12d76de11d0624e4931fda4028f0be3ed31f,63345c591b46c656b204236d147993cb283d57fdbccd0246b7cef281d7968730,2b6a2bb93fcc6c3aa80d2115a002b8cba370f61442edb592ffc9bc95eaa02e35,f3328f947dda0f1fa993d4c40060bf414bc5ea73745cf9afe20031c9c4da5162,This test uses the supplied/current ticker universe and is not a survivorship-bias-free historical index-constituent study.,T2_10D,NIFTY_PRIOR_SESSION_DYNAMIC_EXPOSURE_CASH_RF,PRIOR_SESSION_DYNAMIC_EXPOSURE,CASH_RF,11.808751131254878,265183.350651372,165.18335065137197,6.719907208007814,3.23033153577159,0.2681799499986587,-6.755969610441371,27.963006224887323,-137.22034442648464,Diagnostic control; does not establish causality.,Uses prior-session strategy exposure for next-session NIFTY allocation; no same-day look-ahead.,Uses prior-session strategy exposure for next-session NIFTY allocation; no same-day look-ahead.
S222_20110830_20260828_abaea4e9641f,e62dc4e75c056a216cc4bdaa589a95f9553ce40e37aa6690974759b7975ad23c,9434b39d2d7bbd8203a4674b4acdebfecf898afbc08cf7bc144729ec4b326c2b,91d3d84760c4b2427d500f0bee0f2dc0ceeb7e4f2e31d51d17a64342777993d5,8e6514353cc32a5b8bed1212df0c12d76de11d0624e4931fda4028f0be3ed31f,63345c591b46c656b204236d147993cb283d57fdbccd0246b7cef281d7968730,2b6a2bb93fcc6c3aa80d2115a002b8cba370f61442edb592ffc9bc95eaa02e35,f3328f947dda0f1fa993d4c40060bf414bc5ea73745cf9afe20031c9c4da5162,This test uses the supplied/current ticker universe and is not a survivorship-bias-free historical index-constituent study.,T2_20D,NIFTY_EX_POST_CONSTANT_AVERAGE_EXPOSURE_CASH_0,EX_POST_CONSTANT_AVERAGE_EXPOSURE,CASH_0,16.740872267382763,133781.94768187968,33.78194768187968,1.9598512913454824,2.721347227518392,-1.3993849569860055,-7.487150898958905,31.261534753896015,-2.5204129279836636,Diagnostic control; does not establish causality.,Uses full-period realized average strategy exposure; diagnostic only; not deployable point-in-time.,NOT APPLICABLE: ex-post diagnostic uses full-period realized exposure.
S222_20110830_20260828_abaea4e9641f,e62dc4e75c056a216cc4bdaa589a95f9553ce40e37aa6690974759b7975ad23c,9434b39d2d7bbd8203a4674b4acdebfecf898afbc08cf7bc144729ec4b326c2b,91d3d84760c4b2427d500f0bee0f2dc0ceeb7e4f2e31d51d17a64342777993d5,8e6514353cc32a5b8bed1212df0c12d76de11d0624e4931fda4028f0be3ed31f,63345c591b46c656b204236d147993cb283d57fdbccd0246b7cef281d7968730,2b6a2bb93fcc6c3aa80d2115a002b8cba370f61442edb592ffc9bc95eaa02e35,f3328f947dda0f1fa993d4c40060bf414bc5ea73745cf9afe20031c9c4da5162,This test uses the supplied/current ticker universe and is not a survivorship-bias-free historical index-constituent study.,T2_20D,NIFTY_EX_POST_CONSTANT_AVERAGE_EXPOSURE_CASH_RF,EX_POST_CONSTANT_AVERAGE_EXPOSURE,CASH_RF,16.740872267382763,272729.7749009337,172.72977490093373,6.919795285589636,2.7213557289201598,0.38306483213661235,-6.828372222998702,31.261534753896015,-141.4682401470377,Diagnostic control; does not establish causality.,Uses full-period realized average strategy exposure; diagnostic only; not deployable point-in-time.,NOT APPLICABLE: ex-post diagnostic uses full-period realized exposure.
S222_20110830_20260828_abaea4e9641f,e62dc4e75c056a216cc4bdaa589a95f9553ce40e37aa6690974759b7975ad23c,9434b39d2d7bbd8203a4674b4acdebfecf898afbc08cf7bc144729ec4b326c2b,91d3d84760c4b2427d500f0bee0f2dc0ceeb7e4f2e31d51d17a64342777993d5,8e6514353cc32a5b8bed1212df0c12d76de11d0624e4931fda4028f0be3ed31f,63345c591b46c656b204236d147993cb283d57fdbccd0246b7cef281d7968730,2b6a2bb93fcc6c3aa80d2115a002b8cba370f61442edb592ffc9bc95eaa02e35,f3328f947dda0f1fa993d4c40060bf414bc5ea73745cf9afe20031c9c4da5162,This test uses the supplied/current ticker universe and is not a survivorship-bias-free historical index-constituent study.,T2_20D,NIFTY_PRIOR_SESSION_DYNAMIC_EXPOSURE_CASH_0,PRIOR_SESSION_DYNAMIC_EXPOSURE,CASH_0,16.740872267382763,131700.7564065701,31.700756406570086,1.8532986289246933,3.913898709892843,-0.9901560138846297,-11.151140940204861,31.261534753896015,-0.4392216526740711,Diagnostic control; does not establish causality.,Uses prior-session strategy exposure for next-session NIFTY allocation; no same-day look-ahead.,Uses prior-session strategy exposure for next-session NIFTY allocation; no same-day look-ahead.
S222_20110830_20260828_abaea4e9641f,e62dc4e75c056a216cc4bdaa589a95f9553ce40e37aa6690974759b7975ad23c,9434b39d2d7bbd8203a4674b4acdebfecf898afbc08cf7bc144729ec4b326c2b,91d3d84760c4b2427d500f0bee0f2dc0ceeb7e4f2e31d51d17a64342777993d5,8e6514353cc32a5b8bed1212df0c12d76de11d0624e4931fda4028f0be3ed31f,63345c591b46c656b204236d147993cb283d57fdbccd0246b7cef281d7968730,2b6a2bb93fcc6c3aa80d2115a002b8cba370f61442edb592ffc9bc95eaa02e35,f3328f947dda0f1fa993d4c40060bf414bc5ea73745cf9afe20031c9c4da5162,This test uses the supplied/current ticker universe and is not a survivorship-bias-free historical index-constituent study.,T2_20D,NIFTY_PRIOR_SESSION_DYNAMIC_EXPOSURE_CASH_RF,PRIOR_SESSION_DYNAMIC_EXPOSURE,CASH_RF,16.740872267382763,268490.54375993664,168.49054375993666,6.808152504672771,3.9119877386443895,0.2492426092705262,-9.239755614517463,31.261534753896015,-137.22900900604066,Diagnostic control; does not establish causality.,Uses prior-session strategy exposure for next-session NIFTY allocation; no same-day look-ahead.,Uses prior-session strategy exposure for next-session NIFTY allocation; no same-day look-ahead.
S222_20110830_20260828_abaea4e9641f,e62dc4e75c056a216cc4bdaa589a95f9553ce40e37aa6690974759b7975ad23c,9434b39d2d7bbd8203a4674b4acdebfecf898afbc08cf7bc144729ec4b326c2b,91d3d84760c4b2427d500f0bee0f2dc0ceeb7e4f2e31d51d17a64342777993d5,8e6514353cc32a5b8bed1212df0c12d76de11d0624e4931fda4028f0be3ed31f,63345c591b46c656b204236d147993cb283d57fdbccd0246b7cef281d7968730,2b6a2bb93fcc6c3aa80d2115a002b8cba370f61442edb592ffc9bc95eaa02e35,f3328f947dda0f1fa993d4c40060bf414bc5ea73745cf9afe20031c9c4da5162,This test uses the supplied/current ticker universe and is not a survivorship-bias-free historical index-constituent study.,T2_30D,NIFTY_EX_POST_CONSTANT_AVERAGE_EXPOSURE_CASH_0,EX_POST_CONSTANT_AVERAGE_EXPOSURE,CASH_0,19.23056696397407,139569.49279385476,39.56949279385476,2.2482265799514733,3.1260647148584413,-1.1221441603090356,-8.56192188841992,25.1962426304988,-14.373250163355955,Diagnostic control; does not establish causality.,Uses full-period realized average strategy exposure; diagnostic only; not deployable point-in-time.,NOT APPLICABLE: ex-post diagnostic uses full-period realized exposure.
S222_20110830_20260828_abaea4e9641f,e62dc4e75c056a216cc4bdaa589a95f9553ce40e37aa6690974759b7975ad23c,9434b39d2d7bbd8203a4674b4acdebfecf898afbc08cf7bc144729ec4b326c2b,91d3d84760c4b2427d500f0bee0f2dc0ceeb7e4f2e31d51d17a64342777993d5,8e6514353cc32a5b8bed1212df0c12d76de11d0624e4931fda4028f0be3ed31f,63345c591b46c656b204236d147993cb283d57fdbccd0246b7cef281d7968730,2b6a2bb93fcc6c3aa80d2115a002b8cba370f61442edb592ffc9bc95eaa02e35,f3328f947dda0f1fa993d4c40060bf414bc5ea73745cf9afe20031c9c4da5162,This test uses the supplied/current ticker universe and is not a survivorship-bias-free historical index-constituent study.,T2_30D,NIFTY_EX_POST_CONSTANT_AVERAGE_EXPOSURE_CASH_RF,EX_POST_CONSTANT_AVERAGE_EXPOSURE,CASH_RF,19.23056696397407,278530.7032384202,178.5307032384202,7.06997009486714,3.1260722622709425,0.3831400337300291,-7.895613622579834,25.1962426304988,-153.3344606079214,Diagnostic control; does not establish causality.,Uses full-period realized average strategy exposure; diagnostic only; not deployable point-in-time.,NOT APPLICABLE: ex-post diagnostic uses full-period realized exposure.
S222_20110830_20260828_abaea4e9641f,e62dc4e75c056a216cc4bdaa589a95f9553ce40e37aa6690974759b7975ad23c,9434b39d2d7bbd8203a4674b4acdebfecf898afbc08cf7bc144729ec4b326c2b,91d3d84760c4b2427d500f0bee0f2dc0ceeb7e4f2e31d51d17a64342777993d5,8e6514353cc32a5b8bed1212df0c12d76de11d0624e4931fda4028f0be3ed31f,63345c591b46c656b204236d147993cb283d57fdbccd0246b7cef281d7968730,2b6a2bb93fcc6c3aa80d2115a002b8cba370f61442edb592ffc9bc95eaa02e35,f3328f947dda0f1fa993d4c40060bf414bc5ea73745cf9afe20031c9c4da5162,This test uses the supplied/current ticker universe and is not a survivorship-bias-free historical index-constituent study.,T2_30D,NIFTY_PRIOR_SESSION_DYNAMIC_EXPOSURE_CASH_0,PRIOR_SESSION_DYNAMIC_EXPOSURE,CASH_0,19.23056696397407,131721.13272368984,31.721132723689838,1.8543494496993995,4.231886942186174,-0.9124578298987176,-11.682362656705026,25.1962426304988,-6.524890093191036,Diagnostic control; does not establish causality.,Uses prior-session strategy exposure for next-session NIFTY allocation; no same-day look-ahead.,Uses prior-session strategy exposure for next-session NIFTY allocation; no same-day look-ahead.
S222_20110830_20260828_abaea4e9641f,e62dc4e75c056a216cc4bdaa589a95f9553ce40e37aa6690974759b7975ad23c,9434b39d2d7bbd8203a4674b4acdebfecf898afbc08cf7bc144729ec4b326c2b,91d3d84760c4b2427d500f0bee0f2dc0ceeb7e4f2e31d51d17a64342777993d5,8e6514353cc32a5b8bed1212df0c12d76de11d0624e4931fda4028f0be3ed31f,63345c591b46c656b204236d147993cb283d57fdbccd0246b7cef281d7968730,2b6a2bb93fcc6c3aa80d2115a002b8cba370f61442edb592ffc9bc95eaa02e35,f3328f947dda0f1fa993d4c40060bf414bc5ea73745cf9afe20031c9c4da5162,This test uses the supplied/current ticker universe and is not a survivorship-bias-free historical index-constituent study.,T2_30D,NIFTY_PRIOR_SESSION_DYNAMIC_EXPOSURE_CASH_RF,PRIOR_SESSION_DYNAMIC_EXPOSURE,CASH_RF,19.23056696397407,262873.85610254883,162.8738561025488,6.657672165302353,4.2299546587791,0.1995050784662076,-9.659803196609019,25.1962426304988,-137.67761347205,Diagnostic control; does not establish causality.,Uses prior-session strategy exposure for next-session NIFTY allocation; no same-day look-ahead.,Uses prior-session strategy exposure for next-session NIFTY allocation; no same-day look-ahead.
S222_20110830_20260828_abaea4e9641f,e62dc4e75c056a216cc4bdaa589a95f9553ce40e37aa6690974759b7975ad23c,9434b39d2d7bbd8203a4674b4acdebfecf898afbc08cf7bc144729ec4b326c2b,91d3d84760c4b2427d500f0bee0f2dc0ceeb7e4f2e31d51d17a64342777993d5,8e6514353cc32a5b8bed1212df0c12d76de11d0624e4931fda4028f0be3ed31f,63345c591b46c656b204236d147993cb283d57fdbccd0246b7cef281d7968730,2b6a2bb93fcc6c3aa80d2115a002b8cba370f61442edb592ffc9bc95eaa02e35,f3328f947dda0f1fa993d4c40060bf414bc5ea73745cf9afe20031c9c4da5162,This test uses the supplied/current ticker universe and is not a survivorship-bias-free historical index-constituent study.,T2_45D,NIFTY_EX_POST_CONSTANT_AVERAGE_EXPOSURE_CASH_0,EX_POST_CONSTANT_AVERAGE_EXPOSURE,CASH_0,21.067265201531324,143976.6714201704,43.97667142017041,2.4604314726600185,3.424633007880002,-0.9596196846269459,-9.348490514567764,20.973377418305716,-23.003294001864695,Diagnostic control; does not establish causality.,Uses full-period realized average strategy exposure; diagnostic only; not deployable point-in-time.,NOT APPLICABLE: ex-post diagnostic uses full-period realized exposure.
S222_20110830_20260828_abaea4e9641f,e62dc4e75c056a216cc4bdaa589a95f9553ce40e37aa6690974759b7975ad23c,9434b39d2d7bbd8203a4674b4acdebfecf898afbc08cf7bc144729ec4b326c2b,91d3d84760c4b2427d500f0bee0f2dc0ceeb7e4f2e31d51d17a64342777993d5,8e6514353cc32a5b8bed1212df0c12d76de11d0624e4931fda4028f0be3ed31f,63345c591b46c656b204236d147993cb283d57fdbccd0246b7cef281d7968730,2b6a2bb93fcc6c3aa80d2115a002b8cba370f61442edb592ffc9bc95eaa02e35,f3328f947dda0f1fa993d4c40060bf414bc5ea73745cf9afe20031c9c4da5162,This test uses the supplied/current ticker universe and is not a survivorship-bias-free historical index-constituent study.,T2_45D,NIFTY_EX_POST_CONSTANT_AVERAGE_EXPOSURE_CASH_RF,EX_POST_CONSTANT_AVERAGE_EXPOSURE,CASH_RF,21.067265201531324,282845.38339352043,182.84538339352042,7.179787464004472,3.4246399827709073,0.3831841038734673,-8.676752454521463,20.973377418305716,-161.8720059752147,Diagnostic control; does not establish causality.,Uses full-period realized average strategy exposure; diagnostic only; not deployable point-in-time.,NOT APPLICABLE: ex-post diagnostic uses full-period realized exposure.
S222_20110830_20260828_abaea4e9641f,e62dc4e75c056a216cc4bdaa589a95f9553ce40e37aa6690974759b7975ad23c,9434b39d2d7bbd8203a4674b4acdebfecf898afbc08cf7bc144729ec4b326c2b,91d3d84760c4b2427d500f0bee0f2dc0ceeb7e4f2e31d51d17a64342777993d5,8e6514353cc32a5b8bed1212df0c12d76de11d0624e4931fda4028f0be3ed31f,63345c591b46c656b204236d147993cb283d57fdbccd0246b7cef281d7968730,2b6a2bb93fcc6c3aa80d2115a002b8cba370f61442edb592ffc9bc95eaa02e35,f3328f947dda0f1fa993d4c40060bf414bc5ea73745cf9afe20031c9c4da5162,This test uses the supplied/current ticker universe and is not a survivorship-bias-free historical index-constituent study.,T2_45D,NIFTY_PRIOR_SESSION_DYNAMIC_EXPOSURE_CASH_0,PRIOR_SESSION_DYNAMIC_EXPOSURE,CASH_0,21.067265201531324,124601.10002364604,24.60110002364604,1.4775935637668658,4.4240411083591376,-0.956489725710384,-11.696366511871004,20.973377418305716,-3.627722605340324,Diagnostic control; does not establish causality.,Uses prior-session strategy exposure for next-session NIFTY allocation; no same-day look-ahead.,Uses prior-session strategy exposure for next-session NIFTY allocation; no same-day look-ahead.
S222_20110830_20260828_abaea4e9641f,e62dc4e75c056a216cc4bdaa589a95f9553ce40e37aa6690974759b7975ad23c,9434b39d2d7bbd8203a4674b4acdebfecf898afbc08cf7bc144729ec4b326c2b,91d3d84760c4b2427d500f0bee0f2dc0ceeb7e4f2e31d51d17a64342777993d5,8e6514353cc32a5b8bed1212df0c12d76de11d0624e4931fda4028f0be3ed31f,63345c591b46c656b204236d147993cb283d57fdbccd0246b7cef281d7968730,2b6a2bb93fcc6c3aa80d2115a002b8cba370f61442edb592ffc9bc95eaa02e35,f3328f947dda0f1fa993d4c40060bf414bc5ea73745cf9afe20031c9c4da5162,This test uses the supplied/current ticker universe and is not a survivorship-bias-free historical index-constituent study.,T2_45D,NIFTY_PRIOR_SESSION_DYNAMIC_EXPOSURE_CASH_RF,PRIOR_SESSION_DYNAMIC_EXPOSURE,CASH_RF,21.067265201531324,244788.68767457965,144.78868767457965,6.151883550954973,4.423440712203163,0.08290631532451485,-9.661080815300348,20.973377418305716,-123.81531025627393,Diagnostic control; does not establish causality.,Uses prior-session strategy exposure for next-session NIFTY allocation; no same-day look-ahead.,Uses prior-session strategy exposure for next-session NIFTY allocation; no same-day look-ahead.
S222_20110830_20260828_abaea4e9641f,e62dc4e75c056a216cc4bdaa589a95f9553ce40e37aa6690974759b7975ad23c,9434b39d2d7bbd8203a4674b4acdebfecf898afbc08cf7bc144729ec4b326c2b,91d3d84760c4b2427d500f0bee0f2dc0ceeb7e4f2e31d51d17a64342777993d5,8e6514353cc32a5b8bed1212df0c12d76de11d0624e4931fda4028f0be3ed31f,63345c591b46c656b204236d147993cb283d57fdbccd0246b7cef281d7968730,2b6a2bb93fcc6c3aa80d2115a002b8cba370f61442edb592ffc9bc95eaa02e35,f3328f947dda0f1fa993d4c40060bf414bc5ea73745cf9afe20031c9c4da5162,This test uses the supplied/current ticker universe and is not a survivorship-bias-free historical index-constituent study.,T2_63D,NIFTY_EX_POST_CONSTANT_AVERAGE_EXPOSURE_CASH_0,EX_POST_CONSTANT_AVERAGE_EXPOSURE,CASH_0,21.982654742968325,146217.6708055422,46.2176708055422,2.566020495626442,3.5734360541551045,-0.8887600579242829,-9.738515289713112,20.93092988785199,-25.28674091769021,Diagnostic control; does not establish causality.,Uses full-period realized average strategy exposure; diagnostic only; not deployable point-in-time.,NOT APPLICABLE: ex-post diagnostic uses full-period realized exposure.
S222_20110830_20260828_abaea4e9641f,e62dc4e75c056a216cc4bdaa589a95f9553ce40e37aa6690974759b7975ad23c,9434b39d2d7bbd8203a4674b4acdebfecf898afbc08cf7bc144729ec4b326c2b,91d3d84760c4b2427d500f0bee0f2dc0ceeb7e4f2e31d51d17a64342777993d5,8e6514353cc32a5b8bed1212df0c12d76de11d0624e4931fda4028f0be3ed31f,63345c591b46c656b204236d147993cb283d57fdbccd0246b7cef281d7968730,2b6a2bb93fcc6c3aa80d2115a002b8cba370f61442edb592ffc9bc95eaa02e35,f3328f947dda0f1fa993d4c40060bf414bc5ea73745cf9afe20031c9c4da5162,This test uses the supplied/current ticker universe and is not a survivorship-bias-free historical index-constituent study.,T2_63D,NIFTY_EX_POST_CONSTANT_AVERAGE_EXPOSURE_CASH_RF,EX_POST_CONSTANT_AVERAGE_EXPOSURE,CASH_RF,21.982654742968325,285006.692644323,185.00669264432298,7.234210704991728,3.5734427753976528,0.3832033147848443,-9.06411051032956,20.93092988785199,-164.075762756471,Diagnostic control; does not establish causality.,Uses full-period realized average strategy exposure; diagnostic only; not deployable point-in-time.,NOT APPLICABLE: ex-post diagnostic uses full-period realized exposure.
S222_20110830_20260828_abaea4e9641f,e62dc4e75c056a216cc4bdaa589a95f9553ce40e37aa6690974759b7975ad23c,9434b39d2d7bbd8203a4674b4acdebfecf898afbc08cf7bc144729ec4b326c2b,91d3d84760c4b2427d500f0bee0f2dc0ceeb7e4f2e31d51d17a64342777993d5,8e6514353cc32a5b8bed1212df0c12d76de11d0624e4931fda4028f0be3ed31f,63345c591b46c656b204236d147993cb283d57fdbccd0246b7cef281d7968730,2b6a2bb93fcc6c3aa80d2115a002b8cba370f61442edb592ffc9bc95eaa02e35,f3328f947dda0f1fa993d4c40060bf414bc5ea73745cf9afe20031c9c4da5162,This test uses the supplied/current ticker universe and is not a survivorship-bias-free historical index-constituent study.,T2_63D,NIFTY_PRIOR_SESSION_DYNAMIC_EXPOSURE_CASH_0,PRIOR_SESSION_DYNAMIC_EXPOSURE,CASH_0,21.982654742968325,128263.5607172299,28.263560717229907,1.6738312556364043,4.505459372553488,-0.8946022142314131,-11.70550244681946,20.93092988785199,-7.332630829377919,Diagnostic control; does not establish causality.,Uses prior-session strategy exposure for next-session NIFTY allocation; no same-day look-ahead.,Uses prior-session strategy exposure for next-session NIFTY allocation; no same-day look-ahead.
S222_20110830_20260828_abaea4e9641f,e62dc4e75c056a216cc4bdaa589a95f9553ce40e37aa6690974759b7975ad23c,9434b39d2d7bbd8203a4674b4acdebfecf898afbc08cf7bc144729ec4b326c2b,91d3d84760c4b2427d500f0bee0f2dc0ceeb7e4f2e31d51d17a64342777993d5,8e6514353cc32a5b8bed1212df0c12d76de11d0624e4931fda4028f0be3ed31f,63345c591b46c656b204236d147993cb283d57fdbccd0246b7cef281d7968730,2b6a2bb93fcc6c3aa80d2115a002b8cba370f61442edb592ffc9bc95eaa02e35,f3328f947dda0f1fa993d4c40060bf414bc5ea73745cf9afe20031c9c4da5162,This test uses the supplied/current ticker universe and is not a survivorship-bias-free historical index-constituent study.,T2_63D,NIFTY_PRIOR_SESSION_DYNAMIC_EXPOSURE_CASH_RF,PRIOR_SESSION_DYNAMIC_EXPOSURE,CASH_RF,21.982654742968325,250017.3734157569,150.0173734157569,6.301605328478477,4.5047192083345635,0.1141785238894316,-9.685045248115443,20.93092988785199,-129.08644352790492,Diagnostic control; does not establish causality.,Uses prior-session strategy exposure for next-session NIFTY allocation; no same-day look-ahead.,Uses prior-session strategy exposure for next-session NIFTY allocation; no same-day look-ahead.
