Experiment ID,STRATEGY_HASH,EXECUTION_HASH,STAGE21_CODE_HASH,STAGE222_CODE_HASH,DATA_CONTENT_HASH,MANIFEST_DOCUMENT_HASH,Survivorship Bias Warning,Ticker,Status,Reason,Rows,First Date,Last Date,Source
S222_20110830_20260828_e7e6ecf95bca,e62dc4e75c056a216cc4bdaa589a95f9553ce40e37aa6690974759b7975ad23c,9434b39d2d7bbd8203a4674b4acdebfecf898afbc08cf7bc144729ec4b326c2b,91d3d84760c4b2427d500f0bee0f2dc0ceeb7e4f2e31d51d17a64342777993d5,80b9ba6e412486dd19390ad2c74c84b20a56afdec0c0a0938fff0f6a213badfb,2b6a2bb93fcc6c3aa80d2115a002b8cba370f61442edb592ffc9bc95eaa02e35,f3328f947dda0f1fa993d4c40060bf414bc5ea73745cf9afe20031c9c4da5162,This test uses the supplied/current ticker universe and is not a survivorship-bias-free historical index-constituent study.,^NSEI,LOADED,,3987,2010-06-07,2026-08-28,FROZEN
S222_20110830_20260828_e7e6ecf95bca,e62dc4e75c056a216cc4bdaa589a95f9553ce40e37aa6690974759b7975ad23c,9434b39d2d7bbd8203a4674b4acdebfecf898afbc08cf7bc144729ec4b326c2b,91d3d84760c4b2427d500f0bee0f2dc0ceeb7e4f2e31d51d17a64342777993d5,80b9ba6e412486dd19390ad2c74c84b20a56afdec0c0a0938fff0f6a213badfb,2b6a2bb93fcc6c3aa80d2115a002b8cba370f61442edb592ffc9bc95eaa02e35,f3328f947dda0f1fa993d4c40060bf414bc5ea73745cf9afe20031c9c4da5162,This test uses the supplied/current ticker universe and is not a survivorship-bias-free historical index-constituent study.,TCS.NS,LOADED,,4011,2010-06-07,2026-08-28,FROZEN
S222_20110830_20260828_e7e6ecf95bca,e62dc4e75c056a216cc4bdaa589a95f9553ce40e37aa6690974759b7975ad23c,9434b39d2d7bbd8203a4674b4acdebfecf898afbc08cf7bc144729ec4b326c2b,91d3d84760c4b2427d500f0bee0f2dc0ceeb7e4f2e31d51d17a64342777993d5,80b9ba6e412486dd19390ad2c74c84b20a56afdec0c0a0938fff0f6a213badfb,2b6a2bb93fcc6c3aa80d2115a002b8cba370f61442edb592ffc9bc95eaa02e35,f3328f947dda0f1fa993d4c40060bf414bc5ea73745cf9afe20031c9c4da5162,This test uses the supplied/current ticker universe and is not a survivorship-bias-free historical index-constituent study.,INFY.NS,LOADED,,4011,2010-06-07,2026-08-28,FROZEN
S222_20110830_20260828_e7e6ecf95bca,e62dc4e75c056a216cc4bdaa589a95f9553ce40e37aa6690974759b7975ad23c,9434b39d2d7bbd8203a4674b4acdebfecf898afbc08cf7bc144729ec4b326c2b,91d3d84760c4b2427d500f0bee0f2dc0ceeb7e4f2e31d51d17a64342777993d5,80b9ba6e412486dd19390ad2c74c84b20a56afdec0c0a0938fff0f6a213badfb,2b6a2bb93fcc6c3aa80d2115a002b8cba370f61442edb592ffc9bc95eaa02e35,f3328f947dda0f1fa993d4c40060bf414bc5ea73745cf9afe20031c9c4da5162,This test uses the supplied/current ticker universe and is not a survivorship-bias-free historical index-constituent study.,HCLTECH.NS,LOADED,,4011,2010-06-07,2026-08-28,FROZEN
S222_20110830_20260828_e7e6ecf95bca,e62dc4e75c056a216cc4bdaa589a95f9553ce40e37aa6690974759b7975ad23c,9434b39d2d7bbd8203a4674b4acdebfecf898afbc08cf7bc144729ec4b326c2b,91d3d84760c4b2427d500f0bee0f2dc0ceeb7e4f2e31d51d17a64342777993d5,80b9ba6e412486dd19390ad2c74c84b20a56afdec0c0a0938fff0f6a213badfb,2b6a2bb93fcc6c3aa80d2115a002b8cba370f61442edb592ffc9bc95eaa02e35,f3328f947dda0f1fa993d4c40060bf414bc5ea73745cf9afe20031c9c4da5162,This test uses the supplied/current ticker universe and is not a survivorship-bias-free historical index-constituent study.,WIPRO.NS,LOADED,,4011,2010-06-07,2026-08-28,FROZEN
S222_20110830_20260828_e7e6ecf95bca,e62dc4e75c056a216cc4bdaa589a95f9553ce40e37aa6690974759b7975ad23c,9434b39d2d7bbd8203a4674b4acdebfecf898afbc08cf7bc144729ec4b326c2b,91d3d84760c4b2427d500f0bee0f2dc0ceeb7e4f2e31d51d17a64342777993d5,80b9ba6e412486dd19390ad2c74c84b20a56afdec0c0a0938fff0f6a213badfb,2b6a2bb93fcc6c3aa80d2115a002b8cba370f61442edb592ffc9bc95eaa02e35,f3328f947dda0f1fa993d4c40060bf414bc5ea73745cf9afe20031c9c4da5162,This test uses the supplied/current ticker universe and is not a survivorship-bias-free historical index-constituent study.,ICICIBANK.NS,LOADED,,4011,2010-06-07,2026-08-28,FROZEN
S222_20110830_20260828_e7e6ecf95bca,e62dc4e75c056a216cc4bdaa589a95f9553ce40e37aa6690974759b7975ad23c,9434b39d2d7bbd8203a4674b4acdebfecf898afbc08cf7bc144729ec4b326c2b,91d3d84760c4b2427d500f0bee0f2dc0ceeb7e4f2e31d51d17a64342777993d5,80b9ba6e412486dd19390ad2c74c84b20a56afdec0c0a0938fff0f6a213badfb,2b6a2bb93fcc6c3aa80d2115a002b8cba370f61442edb592ffc9bc95eaa02e35,f3328f947dda0f1fa993d4c40060bf414bc5ea73745cf9afe20031c9c4da5162,This test uses the supplied/current ticker universe and is not a survivorship-bias-free historical index-constituent study.,HDFCBANK.NS,LOADED,,4011,2010-06-07,2026-08-28,FROZEN
S222_20110830_20260828_e7e6ecf95bca,e62dc4e75c056a216cc4bdaa589a95f9553ce40e37aa6690974759b7975ad23c,9434b39d2d7bbd8203a4674b4acdebfecf898afbc08cf7bc144729ec4b326c2b,91d3d84760c4b2427d500f0bee0f2dc0ceeb7e4f2e31d51d17a64342777993d5,80b9ba6e412486dd19390ad2c74c84b20a56afdec0c0a0938fff0f6a213badfb,2b6a2bb93fcc6c3aa80d2115a002b8cba370f61442edb592ffc9bc95eaa02e35,f3328f947dda0f1fa993d4c40060bf414bc5ea73745cf9afe20031c9c4da5162,This test uses the supplied/current ticker universe and is not a survivorship-bias-free historical index-constituent study.,SBIN.NS,LOADED,,4011,2010-06-07,2026-08-28,FROZEN
S222_20110830_20260828_e7e6ecf95bca,e62dc4e75c056a216cc4bdaa589a95f9553ce40e37aa6690974759b7975ad23c,9434b39d2d7bbd8203a4674b4acdebfecf898afbc08cf7bc144729ec4b326c2b,91d3d84760c4b2427d500f0bee0f2dc0ceeb7e4f2e31d51d17a64342777993d5,80b9ba6e412486dd19390ad2c74c84b20a56afdec0c0a0938fff0f6a213badfb,2b6a2bb93fcc6c3aa80d2115a002b8cba370f61442edb592ffc9bc95eaa02e35,f3328f947dda0f1fa993d4c40060bf414bc5ea73745cf9afe20031c9c4da5162,This test uses the supplied/current ticker universe and is not a survivorship-bias-free historical index-constituent study.,AXISBANK.NS,LOADED,,4011,2010-06-07,2026-08-28,FROZEN
S222_20110830_20260828_e7e6ecf95bca,e62dc4e75c056a216cc4bdaa589a95f9553ce40e37aa6690974759b7975ad23c,9434b39d2d7bbd8203a4674b4acdebfecf898afbc08cf7bc144729ec4b326c2b,91d3d84760c4b2427d500f0bee0f2dc0ceeb7e4f2e31d51d17a64342777993d5,80b9ba6e412486dd19390ad2c74c84b20a56afdec0c0a0938fff0f6a213badfb,2b6a2bb93fcc6c3aa80d2115a002b8cba370f61442edb592ffc9bc95eaa02e35,f3328f947dda0f1fa993d4c40060bf414bc5ea73745cf9afe20031c9c4da5162,This test uses the supplied/current ticker universe and is not a survivorship-bias-free historical index-constituent study.,BEL.NS,LOADED,,4011,2010-06-07,2026-08-28,FROZEN
S222_20110830_20260828_e7e6ecf95bca,e62dc4e75c056a216cc4bdaa589a95f9553ce40e37aa6690974759b7975ad23c,9434b39d2d7bbd8203a4674b4acdebfecf898afbc08cf7bc144729ec4b326c2b,91d3d84760c4b2427d500f0bee0f2dc0ceeb7e4f2e31d51d17a64342777993d5,80b9ba6e412486dd19390ad2c74c84b20a56afdec0c0a0938fff0f6a213badfb,2b6a2bb93fcc6c3aa80d2115a002b8cba370f61442edb592ffc9bc95eaa02e35,f3328f947dda0f1fa993d4c40060bf414bc5ea73745cf9afe20031c9c4da5162,This test uses the supplied/current ticker universe and is not a survivorship-bias-free historical index-constituent study.,HAL.NS,LOADED,,2082,2018-04-02,2026-08-28,FROZEN
S222_20110830_20260828_e7e6ecf95bca,e62dc4e75c056a216cc4bdaa589a95f9553ce40e37aa6690974759b7975ad23c,9434b39d2d7bbd8203a4674b4acdebfecf898afbc08cf7bc144729ec4b326c2b,91d3d84760c4b2427d500f0bee0f2dc0ceeb7e4f2e31d51d17a64342777993d5,80b9ba6e412486dd19390ad2c74c84b20a56afdec0c0a0938fff0f6a213badfb,2b6a2bb93fcc6c3aa80d2115a002b8cba370f61442edb592ffc9bc95eaa02e35,f3328f947dda0f1fa993d4c40060bf414bc5ea73745cf9afe20031c9c4da5162,This test uses the supplied/current ticker universe and is not a survivorship-bias-free historical index-constituent study.,LT.NS,LOADED,,4011,2010-06-07,2026-08-28,FROZEN
S222_20110830_20260828_e7e6ecf95bca,e62dc4e75c056a216cc4bdaa589a95f9553ce40e37aa6690974759b7975ad23c,9434b39d2d7bbd8203a4674b4acdebfecf898afbc08cf7bc144729ec4b326c2b,91d3d84760c4b2427d500f0bee0f2dc0ceeb7e4f2e31d51d17a64342777993d5,80b9ba6e412486dd19390ad2c74c84b20a56afdec0c0a0938fff0f6a213badfb,2b6a2bb93fcc6c3aa80d2115a002b8cba370f61442edb592ffc9bc95eaa02e35,f3328f947dda0f1fa993d4c40060bf414bc5ea73745cf9afe20031c9c4da5162,This test uses the supplied/current ticker universe and is not a survivorship-bias-free historical index-constituent study.,ITC.NS,LOADED,,4011,2010-06-07,2026-08-28,FROZEN
S222_20110830_20260828_e7e6ecf95bca,e62dc4e75c056a216cc4bdaa589a95f9553ce40e37aa6690974759b7975ad23c,9434b39d2d7bbd8203a4674b4acdebfecf898afbc08cf7bc144729ec4b326c2b,91d3d84760c4b2427d500f0bee0f2dc0ceeb7e4f2e31d51d17a64342777993d5,80b9ba6e412486dd19390ad2c74c84b20a56afdec0c0a0938fff0f6a213badfb,2b6a2bb93fcc6c3aa80d2115a002b8cba370f61442edb592ffc9bc95eaa02e35,f3328f947dda0f1fa993d4c40060bf414bc5ea73745cf9afe20031c9c4da5162,This test uses the supplied/current ticker universe and is not a survivorship-bias-free historical index-constituent study.,TITAN.NS,LOADED,,4011,2010-06-07,2026-08-28,FROZEN
S222_20110830_20260828_e7e6ecf95bca,e62dc4e75c056a216cc4bdaa589a95f9553ce40e37aa6690974759b7975ad23c,9434b39d2d7bbd8203a4674b4acdebfecf898afbc08cf7bc144729ec4b326c2b,91d3d84760c4b2427d500f0bee0f2dc0ceeb7e4f2e31d51d17a64342777993d5,80b9ba6e412486dd19390ad2c74c84b20a56afdec0c0a0938fff0f6a213badfb,2b6a2bb93fcc6c3aa80d2115a002b8cba370f61442edb592ffc9bc95eaa02e35,f3328f947dda0f1fa993d4c40060bf414bc5ea73745cf9afe20031c9c4da5162,This test uses the supplied/current ticker universe and is not a survivorship-bias-free historical index-constituent study.,HINDUNILVR.NS,LOADED,,4011,2010-06-07,2026-08-28,FROZEN
S222_20110830_20260828_e7e6ecf95bca,e62dc4e75c056a216cc4bdaa589a95f9553ce40e37aa6690974759b7975ad23c,9434b39d2d7bbd8203a4674b4acdebfecf898afbc08cf7bc144729ec4b326c2b,91d3d84760c4b2427d500f0bee0f2dc0ceeb7e4f2e31d51d17a64342777993d5,80b9ba6e412486dd19390ad2c74c84b20a56afdec0c0a0938fff0f6a213badfb,2b6a2bb93fcc6c3aa80d2115a002b8cba370f61442edb592ffc9bc95eaa02e35,f3328f947dda0f1fa993d4c40060bf414bc5ea73745cf9afe20031c9c4da5162,This test uses the supplied/current ticker universe and is not a survivorship-bias-free historical index-constituent study.,M&M.NS,LOADED,,4011,2010-06-07,2026-08-28,FROZEN
S222_20110830_20260828_e7e6ecf95bca,e62dc4e75c056a216cc4bdaa589a95f9553ce40e37aa6690974759b7975ad23c,9434b39d2d7bbd8203a4674b4acdebfecf898afbc08cf7bc144729ec4b326c2b,91d3d84760c4b2427d500f0bee0f2dc0ceeb7e4f2e31d51d17a64342777993d5,80b9ba6e412486dd19390ad2c74c84b20a56afdec0c0a0938fff0f6a213badfb,2b6a2bb93fcc6c3aa80d2115a002b8cba370f61442edb592ffc9bc95eaa02e35,f3328f947dda0f1fa993d4c40060bf414bc5ea73745cf9afe20031c9c4da5162,This test uses the supplied/current ticker universe and is not a survivorship-bias-free historical index-constituent study.,MARUTI.NS,LOADED,,4011,2010-06-07,2026-08-28,FROZEN
S222_20110830_20260828_e7e6ecf95bca,e62dc4e75c056a216cc4bdaa589a95f9553ce40e37aa6690974759b7975ad23c,9434b39d2d7bbd8203a4674b4acdebfecf898afbc08cf7bc144729ec4b326c2b,91d3d84760c4b2427d500f0bee0f2dc0ceeb7e4f2e31d51d17a64342777993d5,80b9ba6e412486dd19390ad2c74c84b20a56afdec0c0a0938fff0f6a213badfb,2b6a2bb93fcc6c3aa80d2115a002b8cba370f61442edb592ffc9bc95eaa02e35,f3328f947dda0f1fa993d4c40060bf414bc5ea73745cf9afe20031c9c4da5162,This test uses the supplied/current ticker universe and is not a survivorship-bias-free historical index-constituent study.,TMPV.NS,LOADED,,4011,2010-06-07,2026-08-28,FROZEN
S222_20110830_20260828_e7e6ecf95bca,e62dc4e75c056a216cc4bdaa589a95f9553ce40e37aa6690974759b7975ad23c,9434b39d2d7bbd8203a4674b4acdebfecf898afbc08cf7bc144729ec4b326c2b,91d3d84760c4b2427d500f0bee0f2dc0ceeb7e4f2e31d51d17a64342777993d5,80b9ba6e412486dd19390ad2c74c84b20a56afdec0c0a0938fff0f6a213badfb,2b6a2bb93fcc6c3aa80d2115a002b8cba370f61442edb592ffc9bc95eaa02e35,f3328f947dda0f1fa993d4c40060bf414bc5ea73745cf9afe20031c9c4da5162,This test uses the supplied/current ticker universe and is not a survivorship-bias-free historical index-constituent study.,TMCV.NS,SKIPPED,INSUFFICIENT_HISTORY_OR_FEATURE_ERROR,201,2025-11-12,2026-08-28,FROZEN
S222_20110830_20260828_e7e6ecf95bca,e62dc4e75c056a216cc4bdaa589a95f9553ce40e37aa6690974759b7975ad23c,9434b39d2d7bbd8203a4674b4acdebfecf898afbc08cf7bc144729ec4b326c2b,91d3d84760c4b2427d500f0bee0f2dc0ceeb7e4f2e31d51d17a64342777993d5,80b9ba6e412486dd19390ad2c74c84b20a56afdec0c0a0938fff0f6a213badfb,2b6a2bb93fcc6c3aa80d2115a002b8cba370f61442edb592ffc9bc95eaa02e35,f3328f947dda0f1fa993d4c40060bf414bc5ea73745cf9afe20031c9c4da5162,This test uses the supplied/current ticker universe and is not a survivorship-bias-free historical index-constituent study.,SUNPHARMA.NS,LOADED,,4011,2010-06-07,2026-08-28,FROZEN
S222_20110830_20260828_e7e6ecf95bca,e62dc4e75c056a216cc4bdaa589a95f9553ce40e37aa6690974759b7975ad23c,9434b39d2d7bbd8203a4674b4acdebfecf898afbc08cf7bc144729ec4b326c2b,91d3d84760c4b2427d500f0bee0f2dc0ceeb7e4f2e31d51d17a64342777993d5,80b9ba6e412486dd19390ad2c74c84b20a56afdec0c0a0938fff0f6a213badfb,2b6a2bb93fcc6c3aa80d2115a002b8cba370f61442edb592ffc9bc95eaa02e35,f3328f947dda0f1fa993d4c40060bf414bc5ea73745cf9afe20031c9c4da5162,This test uses the supplied/current ticker universe and is not a survivorship-bias-free historical index-constituent study.,CIPLA.NS,LOADED,,4011,2010-06-07,2026-08-28,FROZEN
