Experiment ID,STRATEGY_HASH,EXECUTION_HASH,STAGE21_CODE_HASH,STAGE222_CODE_HASH,DATA_CONTENT_HASH,MANIFEST_DOCUMENT_HASH,Survivorship Bias Warning,Technical Score Band,Actionability Score Band,Trades,Wins,Losses,Win Rate %,Average Return %,Median Return %,Average R,Median R,Profit Factor,Expectancy R,Average Holding Days,Max Consecutive Losses,One-Share Net PnL (Diagnostic Only)
S222_20110830_20260828_e7e6ecf95bca,e62dc4e75c056a216cc4bdaa589a95f9553ce40e37aa6690974759b7975ad23c,9434b39d2d7bbd8203a4674b4acdebfecf898afbc08cf7bc144729ec4b326c2b,91d3d84760c4b2427d500f0bee0f2dc0ceeb7e4f2e31d51d17a64342777993d5,80b9ba6e412486dd19390ad2c74c84b20a56afdec0c0a0938fff0f6a213badfb,2b6a2bb93fcc6c3aa80d2115a002b8cba370f61442edb592ffc9bc95eaa02e35,f3328f947dda0f1fa993d4c40060bf414bc5ea73745cf9afe20031c9c4da5162,This test uses the supplied/current ticker universe and is not a survivorship-bias-free historical index-constituent study.,60-69,40-49,12,7,5,58.333333333333336,1.2806650733731653,1.4839878621563671,0.15240700644744518,0.13808431288065065,1.5130798793721638,0.15240700644744518,50.666666666666664,2,-223.4282122573614
S222_20110830_20260828_e7e6ecf95bca,e62dc4e75c056a216cc4bdaa589a95f9553ce40e37aa6690974759b7975ad23c,9434b39d2d7bbd8203a4674b4acdebfecf898afbc08cf7bc144729ec4b326c2b,91d3d84760c4b2427d500f0bee0f2dc0ceeb7e4f2e31d51d17a64342777993d5,80b9ba6e412486dd19390ad2c74c84b20a56afdec0c0a0938fff0f6a213badfb,2b6a2bb93fcc6c3aa80d2115a002b8cba370f61442edb592ffc9bc95eaa02e35,f3328f947dda0f1fa993d4c40060bf414bc5ea73745cf9afe20031c9c4da5162,This test uses the supplied/current ticker universe and is not a survivorship-bias-free historical index-constituent study.,60-69,50-59,24,13,11,54.166666666666664,2.2749079671631747,2.225759992509614,0.7548442770627398,0.1865889821944628,2.748305382540471,0.7548442770627398,25.958333333333332,3,-299.93624855035114
S222_20110830_20260828_e7e6ecf95bca,e62dc4e75c056a216cc4bdaa589a95f9553ce40e37aa6690974759b7975ad23c,9434b39d2d7bbd8203a4674b4acdebfecf898afbc08cf7bc144729ec4b326c2b,91d3d84760c4b2427d500f0bee0f2dc0ceeb7e4f2e31d51d17a64342777993d5,80b9ba6e412486dd19390ad2c74c84b20a56afdec0c0a0938fff0f6a213badfb,2b6a2bb93fcc6c3aa80d2115a002b8cba370f61442edb592ffc9bc95eaa02e35,f3328f947dda0f1fa993d4c40060bf414bc5ea73745cf9afe20031c9c4da5162,This test uses the supplied/current ticker universe and is not a survivorship-bias-free historical index-constituent study.,60-69,60-69,37,14,23,37.83783783783784,0.19215814252826133,-3.113811208647936,0.01954580782485249,-1.0215546103216095,1.0301131769436718,0.01954580782485249,17.72972972972973,6,-680.3333707695607
S222_20110830_20260828_e7e6ecf95bca,e62dc4e75c056a216cc4bdaa589a95f9553ce40e37aa6690974759b7975ad23c,9434b39d2d7bbd8203a4674b4acdebfecf898afbc08cf7bc144729ec4b326c2b,91d3d84760c4b2427d500f0bee0f2dc0ceeb7e4f2e31d51d17a64342777993d5,80b9ba6e412486dd19390ad2c74c84b20a56afdec0c0a0938fff0f6a213badfb,2b6a2bb93fcc6c3aa80d2115a002b8cba370f61442edb592ffc9bc95eaa02e35,f3328f947dda0f1fa993d4c40060bf414bc5ea73745cf9afe20031c9c4da5162,This test uses the supplied/current ticker universe and is not a survivorship-bias-free historical index-constituent study.,60-69,70-79,172,66,106,38.372093023255815,0.48658887145544283,-3.204203475729692,0.10882341602032505,-1.0311605056201822,1.1683884532751394,0.10882341602032505,9.796511627906977,16,2314.328968561875
S222_20110830_20260828_e7e6ecf95bca,e62dc4e75c056a216cc4bdaa589a95f9553ce40e37aa6690974759b7975ad23c,9434b39d2d7bbd8203a4674b4acdebfecf898afbc08cf7bc144729ec4b326c2b,91d3d84760c4b2427d500f0bee0f2dc0ceeb7e4f2e31d51d17a64342777993d5,80b9ba6e412486dd19390ad2c74c84b20a56afdec0c0a0938fff0f6a213badfb,2b6a2bb93fcc6c3aa80d2115a002b8cba370f61442edb592ffc9bc95eaa02e35,f3328f947dda0f1fa993d4c40060bf414bc5ea73745cf9afe20031c9c4da5162,This test uses the supplied/current ticker universe and is not a survivorship-bias-free historical index-constituent study.,60-69,80-89,485,205,280,42.2680412371134,0.598386736620344,-2.6182367774866213,0.14713679129101634,-1.0328102061194755,1.2252529474208411,0.14713679129101634,12.216494845360824,25,1852.7994707656899
S222_20110830_20260828_e7e6ecf95bca,e62dc4e75c056a216cc4bdaa589a95f9553ce40e37aa6690974759b7975ad23c,9434b39d2d7bbd8203a4674b4acdebfecf898afbc08cf7bc144729ec4b326c2b,91d3d84760c4b2427d500f0bee0f2dc0ceeb7e4f2e31d51d17a64342777993d5,80b9ba6e412486dd19390ad2c74c84b20a56afdec0c0a0938fff0f6a213badfb,2b6a2bb93fcc6c3aa80d2115a002b8cba370f61442edb592ffc9bc95eaa02e35,f3328f947dda0f1fa993d4c40060bf414bc5ea73745cf9afe20031c9c4da5162,This test uses the supplied/current ticker universe and is not a survivorship-bias-free historical index-constituent study.,60-69,90-100,177,87,90,49.152542372881356,1.3138373390692921,-2.181347270748884,0.41521293016905836,-1.0244655184077804,1.7462236090013927,0.41521293016905836,12.299435028248588,8,1528.7113454215682
S222_20110830_20260828_e7e6ecf95bca,e62dc4e75c056a216cc4bdaa589a95f9553ce40e37aa6690974759b7975ad23c,9434b39d2d7bbd8203a4674b4acdebfecf898afbc08cf7bc144729ec4b326c2b,91d3d84760c4b2427d500f0bee0f2dc0ceeb7e4f2e31d51d17a64342777993d5,80b9ba6e412486dd19390ad2c74c84b20a56afdec0c0a0938fff0f6a213badfb,2b6a2bb93fcc6c3aa80d2115a002b8cba370f61442edb592ffc9bc95eaa02e35,f3328f947dda0f1fa993d4c40060bf414bc5ea73745cf9afe20031c9c4da5162,This test uses the supplied/current ticker universe and is not a survivorship-bias-free historical index-constituent study.,70-79,40-49,82,40,42,48.78048780487805,0.8430536975789188,-0.4572698900914865,0.13193357973310718,-0.04037069765216712,1.3281568523507281,0.13193357973310718,41.8780487804878,5,575.1900670028224
S222_20110830_20260828_e7e6ecf95bca,e62dc4e75c056a216cc4bdaa589a95f9553ce40e37aa6690974759b7975ad23c,9434b39d2d7bbd8203a4674b4acdebfecf898afbc08cf7bc144729ec4b326c2b,91d3d84760c4b2427d500f0bee0f2dc0ceeb7e4f2e31d51d17a64342777993d5,80b9ba6e412486dd19390ad2c74c84b20a56afdec0c0a0938fff0f6a213badfb,2b6a2bb93fcc6c3aa80d2115a002b8cba370f61442edb592ffc9bc95eaa02e35,f3328f947dda0f1fa993d4c40060bf414bc5ea73745cf9afe20031c9c4da5162,This test uses the supplied/current ticker universe and is not a survivorship-bias-free historical index-constituent study.,70-79,50-59,91,51,40,56.043956043956044,2.9535360567626316,2.9766910802851716,0.4065376733633189,0.39091350803767283,2.055040645608364,0.4065376733633189,32.91208791208791,7,6444.29143135113
S222_20110830_20260828_e7e6ecf95bca,e62dc4e75c056a216cc4bdaa589a95f9553ce40e37aa6690974759b7975ad23c,9434b39d2d7bbd8203a4674b4acdebfecf898afbc08cf7bc144729ec4b326c2b,91d3d84760c4b2427d500f0bee0f2dc0ceeb7e4f2e31d51d17a64342777993d5,80b9ba6e412486dd19390ad2c74c84b20a56afdec0c0a0938fff0f6a213badfb,2b6a2bb93fcc6c3aa80d2115a002b8cba370f61442edb592ffc9bc95eaa02e35,f3328f947dda0f1fa993d4c40060bf414bc5ea73745cf9afe20031c9c4da5162,This test uses the supplied/current ticker universe and is not a survivorship-bias-free historical index-constituent study.,70-79,60-69,145,71,74,48.96551724137931,2.036283383712204,-0.25092050032899116,0.16731878521400295,-0.05289086691152883,1.3085728285451736,0.16731878521400295,22.83448275862069,9,1120.4093596969992
S222_20110830_20260828_e7e6ecf95bca,e62dc4e75c056a216cc4bdaa589a95f9553ce40e37aa6690974759b7975ad23c,9434b39d2d7bbd8203a4674b4acdebfecf898afbc08cf7bc144729ec4b326c2b,91d3d84760c4b2427d500f0bee0f2dc0ceeb7e4f2e31d51d17a64342777993d5,80b9ba6e412486dd19390ad2c74c84b20a56afdec0c0a0938fff0f6a213badfb,2b6a2bb93fcc6c3aa80d2115a002b8cba370f61442edb592ffc9bc95eaa02e35,f3328f947dda0f1fa993d4c40060bf414bc5ea73745cf9afe20031c9c4da5162,This test uses the supplied/current ticker universe and is not a survivorship-bias-free historical index-constituent study.,70-79,70-79,242,91,151,37.60330578512397,0.17764286135764826,-3.3312813020322025,0.033376840603477904,-1.0268805189666006,1.0513610061702756,0.033376840603477904,14.921487603305785,14,-165.20727188089296
S222_20110830_20260828_e7e6ecf95bca,e62dc4e75c056a216cc4bdaa589a95f9553ce40e37aa6690974759b7975ad23c,9434b39d2d7bbd8203a4674b4acdebfecf898afbc08cf7bc144729ec4b326c2b,91d3d84760c4b2427d500f0bee0f2dc0ceeb7e4f2e31d51d17a64342777993d5,80b9ba6e412486dd19390ad2c74c84b20a56afdec0c0a0938fff0f6a213badfb,2b6a2bb93fcc6c3aa80d2115a002b8cba370f61442edb592ffc9bc95eaa02e35,f3328f947dda0f1fa993d4c40060bf414bc5ea73745cf9afe20031c9c4da5162,This test uses the supplied/current ticker universe and is not a survivorship-bias-free historical index-constituent study.,70-79,80-89,729,320,409,43.895747599451305,0.7216231492051968,-2.522659775969731,0.1897845750179299,-1.0271160843146139,1.310223774334955,0.1897845750179299,11.578875171467764,28,2456.605205434576
S222_20110830_20260828_e7e6ecf95bca,e62dc4e75c056a216cc4bdaa589a95f9553ce40e37aa6690974759b7975ad23c,9434b39d2d7bbd8203a4674b4acdebfecf898afbc08cf7bc144729ec4b326c2b,91d3d84760c4b2427d500f0bee0f2dc0ceeb7e4f2e31d51d17a64342777993d5,80b9ba6e412486dd19390ad2c74c84b20a56afdec0c0a0938fff0f6a213badfb,2b6a2bb93fcc6c3aa80d2115a002b8cba370f61442edb592ffc9bc95eaa02e35,f3328f947dda0f1fa993d4c40060bf414bc5ea73745cf9afe20031c9c4da5162,This test uses the supplied/current ticker universe and is not a survivorship-bias-free historical index-constituent study.,70-79,90-100,201,75,126,37.3134328358209,0.30186670984246783,-2.9125245839367606,0.08237418639358528,-1.0320702079856738,1.1170384816443295,0.08237418639358528,12.45273631840796,16,-1942.9722871280126
S222_20110830_20260828_e7e6ecf95bca,e62dc4e75c056a216cc4bdaa589a95f9553ce40e37aa6690974759b7975ad23c,9434b39d2d7bbd8203a4674b4acdebfecf898afbc08cf7bc144729ec4b326c2b,91d3d84760c4b2427d500f0bee0f2dc0ceeb7e4f2e31d51d17a64342777993d5,80b9ba6e412486dd19390ad2c74c84b20a56afdec0c0a0938fff0f6a213badfb,2b6a2bb93fcc6c3aa80d2115a002b8cba370f61442edb592ffc9bc95eaa02e35,f3328f947dda0f1fa993d4c40060bf414bc5ea73745cf9afe20031c9c4da5162,This test uses the supplied/current ticker universe and is not a survivorship-bias-free historical index-constituent study.,80-89,40-49,3,2,1,66.66666666666666,1.4233307370420818,3.8519196878489557,0.03048234332003948,0.4447809402163884,1.0887371937433616,0.03048234332003948,43.0,1,72.81155650919959
S222_20110830_20260828_e7e6ecf95bca,e62dc4e75c056a216cc4bdaa589a95f9553ce40e37aa6690974759b7975ad23c,9434b39d2d7bbd8203a4674b4acdebfecf898afbc08cf7bc144729ec4b326c2b,91d3d84760c4b2427d500f0bee0f2dc0ceeb7e4f2e31d51d17a64342777993d5,80b9ba6e412486dd19390ad2c74c84b20a56afdec0c0a0938fff0f6a213badfb,2b6a2bb93fcc6c3aa80d2115a002b8cba370f61442edb592ffc9bc95eaa02e35,f3328f947dda0f1fa993d4c40060bf414bc5ea73745cf9afe20031c9c4da5162,This test uses the supplied/current ticker universe and is not a survivorship-bias-free historical index-constituent study.,80-89,50-59,14,6,8,42.857142857142854,0.6011629988277291,-4.135986784610412,-0.004496579460006446,-1.0183849951270996,0.9926603334430163,-0.004496579460006446,25.642857142857142,3,246.96686152140597
S222_20110830_20260828_e7e6ecf95bca,e62dc4e75c056a216cc4bdaa589a95f9553ce40e37aa6690974759b7975ad23c,9434b39d2d7bbd8203a4674b4acdebfecf898afbc08cf7bc144729ec4b326c2b,91d3d84760c4b2427d500f0bee0f2dc0ceeb7e4f2e31d51d17a64342777993d5,80b9ba6e412486dd19390ad2c74c84b20a56afdec0c0a0938fff0f6a213badfb,2b6a2bb93fcc6c3aa80d2115a002b8cba370f61442edb592ffc9bc95eaa02e35,f3328f947dda0f1fa993d4c40060bf414bc5ea73745cf9afe20031c9c4da5162,This test uses the supplied/current ticker universe and is not a survivorship-bias-free historical index-constituent study.,80-89,60-69,34,17,17,50.0,1.9543573264333556,-0.6969900343271206,0.21730921382411306,-0.4196574720259404,1.4081789193210097,0.21730921382411306,20.676470588235293,10,589.8065721965122
S222_20110830_20260828_e7e6ecf95bca,e62dc4e75c056a216cc4bdaa589a95f9553ce40e37aa6690974759b7975ad23c,9434b39d2d7bbd8203a4674b4acdebfecf898afbc08cf7bc144729ec4b326c2b,91d3d84760c4b2427d500f0bee0f2dc0ceeb7e4f2e31d51d17a64342777993d5,80b9ba6e412486dd19390ad2c74c84b20a56afdec0c0a0938fff0f6a213badfb,2b6a2bb93fcc6c3aa80d2115a002b8cba370f61442edb592ffc9bc95eaa02e35,f3328f947dda0f1fa993d4c40060bf414bc5ea73745cf9afe20031c9c4da5162,This test uses the supplied/current ticker universe and is not a survivorship-bias-free historical index-constituent study.,80-89,70-79,108,47,61,43.51851851851852,0.5289601707067431,-2.988279651608814,0.1274820603097939,-1.0193415604348837,1.2006066746237452,0.1274820603097939,14.731481481481481,10,-457.0775758134848
S222_20110830_20260828_e7e6ecf95bca,e62dc4e75c056a216cc4bdaa589a95f9553ce40e37aa6690974759b7975ad23c,9434b39d2d7bbd8203a4674b4acdebfecf898afbc08cf7bc144729ec4b326c2b,91d3d84760c4b2427d500f0bee0f2dc0ceeb7e4f2e31d51d17a64342777993d5,80b9ba6e412486dd19390ad2c74c84b20a56afdec0c0a0938fff0f6a213badfb,2b6a2bb93fcc6c3aa80d2115a002b8cba370f61442edb592ffc9bc95eaa02e35,f3328f947dda0f1fa993d4c40060bf414bc5ea73745cf9afe20031c9c4da5162,This test uses the supplied/current ticker universe and is not a survivorship-bias-free historical index-constituent study.,80-89,80-89,305,128,177,41.967213114754095,0.6497028448113663,-3.058556294436879,0.1389205411378171,-1.0284993270067564,1.2135580723476316,0.1389205411378171,12.436065573770492,16,429.97343221098606
S222_20110830_20260828_e7e6ecf95bca,e62dc4e75c056a216cc4bdaa589a95f9553ce40e37aa6690974759b7975ad23c,9434b39d2d7bbd8203a4674b4acdebfecf898afbc08cf7bc144729ec4b326c2b,91d3d84760c4b2427d500f0bee0f2dc0ceeb7e4f2e31d51d17a64342777993d5,80b9ba6e412486dd19390ad2c74c84b20a56afdec0c0a0938fff0f6a213badfb,2b6a2bb93fcc6c3aa80d2115a002b8cba370f61442edb592ffc9bc95eaa02e35,f3328f947dda0f1fa993d4c40060bf414bc5ea73745cf9afe20031c9c4da5162,This test uses the supplied/current ticker universe and is not a survivorship-bias-free historical index-constituent study.,80-89,90-100,72,28,44,38.88888888888889,0.9042608310127945,-2.7667578505432813,0.1853300935257154,-1.0324696648807348,1.2780586148122555,0.1853300935257154,12.541666666666666,9,-547.2779295719234
S222_20110830_20260828_e7e6ecf95bca,e62dc4e75c056a216cc4bdaa589a95f9553ce40e37aa6690974759b7975ad23c,9434b39d2d7bbd8203a4674b4acdebfecf898afbc08cf7bc144729ec4b326c2b,91d3d84760c4b2427d500f0bee0f2dc0ceeb7e4f2e31d51d17a64342777993d5,80b9ba6e412486dd19390ad2c74c84b20a56afdec0c0a0938fff0f6a213badfb,2b6a2bb93fcc6c3aa80d2115a002b8cba370f61442edb592ffc9bc95eaa02e35,f3328f947dda0f1fa993d4c40060bf414bc5ea73745cf9afe20031c9c4da5162,This test uses the supplied/current ticker universe and is not a survivorship-bias-free historical index-constituent study.,90-100,90-100,1,1,0,100.0,9.16362461042614,9.16362461042614,1.6056918377025373,1.6056918377025373,inf,1.6056918377025373,9.0,0,110.22608815195007
