Experiment ID,Variant,Dimension,Group,Signals,Orders Created,Filled,Expired,Capacity Rejections,Cash Rejections,Already Open Ignored,Already Pending Ignored,Fill Rate %,Average Trading Sessions to Fill,Median Trading Sessions to Fill,Config SHA-256,Data Manifest SHA-256,Survivorship Bias Warning
S221_20110830_20260828_e210057f2894,T1_10D,Signal,BUY,1072,462,354,101,7,0,463,141,76.62337662337663,1.46045197740113,1.0,b2dc08f8e57ea70d6a36372de7ecf55973b2df31ba21790751114c469ae92677,03d9336d738313c29e42ee886423cfa38cf070a550b61ae611fb3fceea482aae,This test uses the supplied/current ticker universe and is not a survivorship-bias-free historical index-constituent study.
S221_20110830_20260828_e210057f2894,T1_10D,Signal,STRONG BUY,16,6,2,4,0,0,5,5,33.33333333333333,1.5,1.5,b2dc08f8e57ea70d6a36372de7ecf55973b2df31ba21790751114c469ae92677,03d9336d738313c29e42ee886423cfa38cf070a550b61ae611fb3fceea482aae,This test uses the supplied/current ticker universe and is not a survivorship-bias-free historical index-constituent study.
S221_20110830_20260828_e210057f2894,T1_20D,Signal,BUY,1072,445,339,98,8,0,482,139,76.17977528089888,1.471976401179941,1.0,b2dc08f8e57ea70d6a36372de7ecf55973b2df31ba21790751114c469ae92677,03d9336d738313c29e42ee886423cfa38cf070a550b61ae611fb3fceea482aae,This test uses the supplied/current ticker universe and is not a survivorship-bias-free historical index-constituent study.
S221_20110830_20260828_e210057f2894,T1_20D,Signal,STRONG BUY,16,6,2,4,0,0,5,5,33.33333333333333,1.5,1.5,b2dc08f8e57ea70d6a36372de7ecf55973b2df31ba21790751114c469ae92677,03d9336d738313c29e42ee886423cfa38cf070a550b61ae611fb3fceea482aae,This test uses the supplied/current ticker universe and is not a survivorship-bias-free historical index-constituent study.
S221_20110830_20260828_e210057f2894,T1_30D,Signal,BUY,1072,447,336,98,13,0,483,136,75.16778523489933,1.4791666666666667,1.0,b2dc08f8e57ea70d6a36372de7ecf55973b2df31ba21790751114c469ae92677,03d9336d738313c29e42ee886423cfa38cf070a550b61ae611fb3fceea482aae,This test uses the supplied/current ticker universe and is not a survivorship-bias-free historical index-constituent study.
S221_20110830_20260828_e210057f2894,T1_30D,Signal,STRONG BUY,16,6,2,4,0,0,5,5,33.33333333333333,1.5,1.5,b2dc08f8e57ea70d6a36372de7ecf55973b2df31ba21790751114c469ae92677,03d9336d738313c29e42ee886423cfa38cf070a550b61ae611fb3fceea482aae,This test uses the supplied/current ticker universe and is not a survivorship-bias-free historical index-constituent study.
S221_20110830_20260828_e210057f2894,T1_45D,Signal,BUY,1072,445,335,97,13,0,485,136,75.28089887640449,1.480597014925373,1.0,b2dc08f8e57ea70d6a36372de7ecf55973b2df31ba21790751114c469ae92677,03d9336d738313c29e42ee886423cfa38cf070a550b61ae611fb3fceea482aae,This test uses the supplied/current ticker universe and is not a survivorship-bias-free historical index-constituent study.
S221_20110830_20260828_e210057f2894,T1_45D,Signal,STRONG BUY,16,6,2,4,0,0,5,5,33.33333333333333,1.5,1.5,b2dc08f8e57ea70d6a36372de7ecf55973b2df31ba21790751114c469ae92677,03d9336d738313c29e42ee886423cfa38cf070a550b61ae611fb3fceea482aae,This test uses the supplied/current ticker universe and is not a survivorship-bias-free historical index-constituent study.
S221_20110830_20260828_e210057f2894,T1_63D,Signal,BUY,1072,444,334,97,13,0,486,136,75.22522522522522,1.4820359281437125,1.0,b2dc08f8e57ea70d6a36372de7ecf55973b2df31ba21790751114c469ae92677,03d9336d738313c29e42ee886423cfa38cf070a550b61ae611fb3fceea482aae,This test uses the supplied/current ticker universe and is not a survivorship-bias-free historical index-constituent study.
S221_20110830_20260828_e210057f2894,T1_63D,Signal,STRONG BUY,16,6,2,4,0,0,5,5,33.33333333333333,1.5,1.5,b2dc08f8e57ea70d6a36372de7ecf55973b2df31ba21790751114c469ae92677,03d9336d738313c29e42ee886423cfa38cf070a550b61ae611fb3fceea482aae,This test uses the supplied/current ticker universe and is not a survivorship-bias-free historical index-constituent study.
S221_20110830_20260828_e210057f2894,T2_10D,Signal,BUY,1072,459,352,99,8,0,467,140,76.68845315904139,1.4545454545454546,1.0,b2dc08f8e57ea70d6a36372de7ecf55973b2df31ba21790751114c469ae92677,03d9336d738313c29e42ee886423cfa38cf070a550b61ae611fb3fceea482aae,This test uses the supplied/current ticker universe and is not a survivorship-bias-free historical index-constituent study.
S221_20110830_20260828_e210057f2894,T2_10D,Signal,STRONG BUY,16,6,2,4,0,0,5,5,33.33333333333333,1.5,1.5,b2dc08f8e57ea70d6a36372de7ecf55973b2df31ba21790751114c469ae92677,03d9336d738313c29e42ee886423cfa38cf070a550b61ae611fb3fceea482aae,This test uses the supplied/current ticker universe and is not a survivorship-bias-free historical index-constituent study.
S221_20110830_20260828_e210057f2894,T2_20D,Signal,BUY,1072,435,334,93,8,0,494,137,76.7816091954023,1.4760479041916168,1.0,b2dc08f8e57ea70d6a36372de7ecf55973b2df31ba21790751114c469ae92677,03d9336d738313c29e42ee886423cfa38cf070a550b61ae611fb3fceea482aae,This test uses the supplied/current ticker universe and is not a survivorship-bias-free historical index-constituent study.
S221_20110830_20260828_e210057f2894,T2_20D,Signal,STRONG BUY,16,6,2,4,0,0,5,5,33.33333333333333,1.5,1.5,b2dc08f8e57ea70d6a36372de7ecf55973b2df31ba21790751114c469ae92677,03d9336d738313c29e42ee886423cfa38cf070a550b61ae611fb3fceea482aae,This test uses the supplied/current ticker universe and is not a survivorship-bias-free historical index-constituent study.
S221_20110830_20260828_e210057f2894,T2_30D,Signal,BUY,1072,438,326,93,19,0,495,133,74.42922374429224,1.4754601226993864,1.0,b2dc08f8e57ea70d6a36372de7ecf55973b2df31ba21790751114c469ae92677,03d9336d738313c29e42ee886423cfa38cf070a550b61ae611fb3fceea482aae,This test uses the supplied/current ticker universe and is not a survivorship-bias-free historical index-constituent study.
S221_20110830_20260828_e210057f2894,T2_30D,Signal,STRONG BUY,16,6,2,4,0,0,5,5,33.33333333333333,1.5,1.5,b2dc08f8e57ea70d6a36372de7ecf55973b2df31ba21790751114c469ae92677,03d9336d738313c29e42ee886423cfa38cf070a550b61ae611fb3fceea482aae,This test uses the supplied/current ticker universe and is not a survivorship-bias-free historical index-constituent study.
S221_20110830_20260828_e210057f2894,T2_45D,Signal,BUY,1072,433,321,92,20,0,500,133,74.13394919168591,1.4766355140186915,1.0,b2dc08f8e57ea70d6a36372de7ecf55973b2df31ba21790751114c469ae92677,03d9336d738313c29e42ee886423cfa38cf070a550b61ae611fb3fceea482aae,This test uses the supplied/current ticker universe and is not a survivorship-bias-free historical index-constituent study.
S221_20110830_20260828_e210057f2894,T2_45D,Signal,STRONG BUY,16,6,2,4,0,0,5,5,33.33333333333333,1.5,1.5,b2dc08f8e57ea70d6a36372de7ecf55973b2df31ba21790751114c469ae92677,03d9336d738313c29e42ee886423cfa38cf070a550b61ae611fb3fceea482aae,This test uses the supplied/current ticker universe and is not a survivorship-bias-free historical index-constituent study.
S221_20110830_20260828_e210057f2894,T2_63D,Signal,BUY,1072,431,319,92,20,0,502,133,74.0139211136891,1.4796238244514106,1.0,b2dc08f8e57ea70d6a36372de7ecf55973b2df31ba21790751114c469ae92677,03d9336d738313c29e42ee886423cfa38cf070a550b61ae611fb3fceea482aae,This test uses the supplied/current ticker universe and is not a survivorship-bias-free historical index-constituent study.
S221_20110830_20260828_e210057f2894,T2_63D,Signal,STRONG BUY,16,6,2,4,0,0,5,5,33.33333333333333,1.5,1.5,b2dc08f8e57ea70d6a36372de7ecf55973b2df31ba21790751114c469ae92677,03d9336d738313c29e42ee886423cfa38cf070a550b61ae611fb3fceea482aae,This test uses the supplied/current ticker universe and is not a survivorship-bias-free historical index-constituent study.
S221_20110830_20260828_e210057f2894,T1_10D,Setup,BREAKOUT,24,23,22,1,0,0,0,1,95.65217391304348,1.0,1.0,b2dc08f8e57ea70d6a36372de7ecf55973b2df31ba21790751114c469ae92677,03d9336d738313c29e42ee886423cfa38cf070a550b61ae611fb3fceea482aae,This test uses the supplied/current ticker universe and is not a survivorship-bias-free historical index-constituent study.
S221_20110830_20260828_e210057f2894,T1_10D,Setup,PULLBACK,1064,445,334,104,7,0,468,145,75.0561797752809,1.4910179640718564,1.0,b2dc08f8e57ea70d6a36372de7ecf55973b2df31ba21790751114c469ae92677,03d9336d738313c29e42ee886423cfa38cf070a550b61ae611fb3fceea482aae,This test uses the supplied/current ticker universe and is not a survivorship-bias-free historical index-constituent study.
S221_20110830_20260828_e210057f2894,T1_20D,Setup,BREAKOUT,24,23,22,1,0,0,0,1,95.65217391304348,1.0,1.0,b2dc08f8e57ea70d6a36372de7ecf55973b2df31ba21790751114c469ae92677,03d9336d738313c29e42ee886423cfa38cf070a550b61ae611fb3fceea482aae,This test uses the supplied/current ticker universe and is not a survivorship-bias-free historical index-constituent study.
S221_20110830_20260828_e210057f2894,T1_20D,Setup,PULLBACK,1064,428,319,101,8,0,487,143,74.53271028037383,1.5047021943573669,1.0,b2dc08f8e57ea70d6a36372de7ecf55973b2df31ba21790751114c469ae92677,03d9336d738313c29e42ee886423cfa38cf070a550b61ae611fb3fceea482aae,This test uses the supplied/current ticker universe and is not a survivorship-bias-free historical index-constituent study.
S221_20110830_20260828_e210057f2894,T1_30D,Setup,BREAKOUT,24,23,22,1,0,0,0,1,95.65217391304348,1.0,1.0,b2dc08f8e57ea70d6a36372de7ecf55973b2df31ba21790751114c469ae92677,03d9336d738313c29e42ee886423cfa38cf070a550b61ae611fb3fceea482aae,This test uses the supplied/current ticker universe and is not a survivorship-bias-free historical index-constituent study.
S221_20110830_20260828_e210057f2894,T1_30D,Setup,PULLBACK,1064,430,316,101,13,0,488,140,73.48837209302326,1.5126582278481013,1.0,b2dc08f8e57ea70d6a36372de7ecf55973b2df31ba21790751114c469ae92677,03d9336d738313c29e42ee886423cfa38cf070a550b61ae611fb3fceea482aae,This test uses the supplied/current ticker universe and is not a survivorship-bias-free historical index-constituent study.
S221_20110830_20260828_e210057f2894,T1_45D,Setup,BREAKOUT,24,23,22,1,0,0,0,1,95.65217391304348,1.0,1.0,b2dc08f8e57ea70d6a36372de7ecf55973b2df31ba21790751114c469ae92677,03d9336d738313c29e42ee886423cfa38cf070a550b61ae611fb3fceea482aae,This test uses the supplied/current ticker universe and is not a survivorship-bias-free historical index-constituent study.
S221_20110830_20260828_e210057f2894,T1_45D,Setup,PULLBACK,1064,428,315,100,13,0,490,140,73.5981308411215,1.5142857142857142,1.0,b2dc08f8e57ea70d6a36372de7ecf55973b2df31ba21790751114c469ae92677,03d9336d738313c29e42ee886423cfa38cf070a550b61ae611fb3fceea482aae,This test uses the supplied/current ticker universe and is not a survivorship-bias-free historical index-constituent study.
S221_20110830_20260828_e210057f2894,T1_63D,Setup,BREAKOUT,24,23,22,1,0,0,0,1,95.65217391304348,1.0,1.0,b2dc08f8e57ea70d6a36372de7ecf55973b2df31ba21790751114c469ae92677,03d9336d738313c29e42ee886423cfa38cf070a550b61ae611fb3fceea482aae,This test uses the supplied/current ticker universe and is not a survivorship-bias-free historical index-constituent study.
S221_20110830_20260828_e210057f2894,T1_63D,Setup,PULLBACK,1064,427,314,100,13,0,491,140,73.53629976580797,1.515923566878981,1.0,b2dc08f8e57ea70d6a36372de7ecf55973b2df31ba21790751114c469ae92677,03d9336d738313c29e42ee886423cfa38cf070a550b61ae611fb3fceea482aae,This test uses the supplied/current ticker universe and is not a survivorship-bias-free historical index-constituent study.
S221_20110830_20260828_e210057f2894,T2_10D,Setup,BREAKOUT,24,22,22,0,0,0,1,1,100.0,1.0,1.0,b2dc08f8e57ea70d6a36372de7ecf55973b2df31ba21790751114c469ae92677,03d9336d738313c29e42ee886423cfa38cf070a550b61ae611fb3fceea482aae,This test uses the supplied/current ticker universe and is not a survivorship-bias-free historical index-constituent study.
S221_20110830_20260828_e210057f2894,T2_10D,Setup,PULLBACK,1064,443,332,103,8,0,471,144,74.94356659142211,1.4849397590361446,1.0,b2dc08f8e57ea70d6a36372de7ecf55973b2df31ba21790751114c469ae92677,03d9336d738313c29e42ee886423cfa38cf070a550b61ae611fb3fceea482aae,This test uses the supplied/current ticker universe and is not a survivorship-bias-free historical index-constituent study.
S221_20110830_20260828_e210057f2894,T2_20D,Setup,BREAKOUT,24,22,22,0,0,0,1,1,100.0,1.0,1.0,b2dc08f8e57ea70d6a36372de7ecf55973b2df31ba21790751114c469ae92677,03d9336d738313c29e42ee886423cfa38cf070a550b61ae611fb3fceea482aae,This test uses the supplied/current ticker universe and is not a survivorship-bias-free historical index-constituent study.
S221_20110830_20260828_e210057f2894,T2_20D,Setup,PULLBACK,1064,419,314,97,8,0,498,141,74.94033412887828,1.5095541401273886,1.0,b2dc08f8e57ea70d6a36372de7ecf55973b2df31ba21790751114c469ae92677,03d9336d738313c29e42ee886423cfa38cf070a550b61ae611fb3fceea482aae,This test uses the supplied/current ticker universe and is not a survivorship-bias-free historical index-constituent study.
S221_20110830_20260828_e210057f2894,T2_30D,Setup,BREAKOUT,24,22,22,0,0,0,1,1,100.0,1.0,1.0,b2dc08f8e57ea70d6a36372de7ecf55973b2df31ba21790751114c469ae92677,03d9336d738313c29e42ee886423cfa38cf070a550b61ae611fb3fceea482aae,This test uses the supplied/current ticker universe and is not a survivorship-bias-free historical index-constituent study.
S221_20110830_20260828_e210057f2894,T2_30D,Setup,PULLBACK,1064,422,306,97,19,0,499,137,72.51184834123224,1.5098039215686274,1.0,b2dc08f8e57ea70d6a36372de7ecf55973b2df31ba21790751114c469ae92677,03d9336d738313c29e42ee886423cfa38cf070a550b61ae611fb3fceea482aae,This test uses the supplied/current ticker universe and is not a survivorship-bias-free historical index-constituent study.
S221_20110830_20260828_e210057f2894,T2_45D,Setup,BREAKOUT,24,22,22,0,0,0,1,1,100.0,1.0,1.0,b2dc08f8e57ea70d6a36372de7ecf55973b2df31ba21790751114c469ae92677,03d9336d738313c29e42ee886423cfa38cf070a550b61ae611fb3fceea482aae,This test uses the supplied/current ticker universe and is not a survivorship-bias-free historical index-constituent study.
S221_20110830_20260828_e210057f2894,T2_45D,Setup,PULLBACK,1064,417,301,96,20,0,504,137,72.18225419664267,1.5116279069767442,1.0,b2dc08f8e57ea70d6a36372de7ecf55973b2df31ba21790751114c469ae92677,03d9336d738313c29e42ee886423cfa38cf070a550b61ae611fb3fceea482aae,This test uses the supplied/current ticker universe and is not a survivorship-bias-free historical index-constituent study.
S221_20110830_20260828_e210057f2894,T2_63D,Setup,BREAKOUT,24,21,21,0,0,0,2,1,100.0,1.0,1.0,b2dc08f8e57ea70d6a36372de7ecf55973b2df31ba21790751114c469ae92677,03d9336d738313c29e42ee886423cfa38cf070a550b61ae611fb3fceea482aae,This test uses the supplied/current ticker universe and is not a survivorship-bias-free historical index-constituent study.
S221_20110830_20260828_e210057f2894,T2_63D,Setup,PULLBACK,1064,416,300,96,20,0,505,137,72.11538461538461,1.5133333333333334,1.0,b2dc08f8e57ea70d6a36372de7ecf55973b2df31ba21790751114c469ae92677,03d9336d738313c29e42ee886423cfa38cf070a550b61ae611fb3fceea482aae,This test uses the supplied/current ticker universe and is not a survivorship-bias-free historical index-constituent study.
S221_20110830_20260828_e210057f2894,T1_10D,Market Regime,BULL,189,86,65,20,1,0,78,25,75.5813953488372,1.4,1.0,b2dc08f8e57ea70d6a36372de7ecf55973b2df31ba21790751114c469ae92677,03d9336d738313c29e42ee886423cfa38cf070a550b61ae611fb3fceea482aae,This test uses the supplied/current ticker universe and is not a survivorship-bias-free historical index-constituent study.
S221_20110830_20260828_e210057f2894,T1_10D,Market Regime,NEUTRAL,345,133,107,21,5,0,178,32,80.45112781954887,1.4299065420560748,1.0,b2dc08f8e57ea70d6a36372de7ecf55973b2df31ba21790751114c469ae92677,03d9336d738313c29e42ee886423cfa38cf070a550b61ae611fb3fceea482aae,This test uses the supplied/current ticker universe and is not a survivorship-bias-free historical index-constituent study.
S221_20110830_20260828_e210057f2894,T1_10D,Market Regime,STRONG BULL,554,249,184,64,1,0,212,89,73.89558232931726,1.5,1.0,b2dc08f8e57ea70d6a36372de7ecf55973b2df31ba21790751114c469ae92677,03d9336d738313c29e42ee886423cfa38cf070a550b61ae611fb3fceea482aae,This test uses the supplied/current ticker universe and is not a survivorship-bias-free historical index-constituent study.
S221_20110830_20260828_e210057f2894,T1_20D,Market Regime,BULL,189,81,60,20,1,0,83,25,74.07407407407408,1.3833333333333333,1.0,b2dc08f8e57ea70d6a36372de7ecf55973b2df31ba21790751114c469ae92677,03d9336d738313c29e42ee886423cfa38cf070a550b61ae611fb3fceea482aae,This test uses the supplied/current ticker universe and is not a survivorship-bias-free historical index-constituent study.
S221_20110830_20260828_e210057f2894,T1_20D,Market Regime,NEUTRAL,345,130,102,21,7,0,181,32,78.46153846153847,1.4901960784313726,1.0,b2dc08f8e57ea70d6a36372de7ecf55973b2df31ba21790751114c469ae92677,03d9336d738313c29e42ee886423cfa38cf070a550b61ae611fb3fceea482aae,This test uses the supplied/current ticker universe and is not a survivorship-bias-free historical index-constituent study.
S221_20110830_20260828_e210057f2894,T1_20D,Market Regime,STRONG BULL,554,240,179,61,0,0,223,87,74.58333333333333,1.4916201117318435,1.0,b2dc08f8e57ea70d6a36372de7ecf55973b2df31ba21790751114c469ae92677,03d9336d738313c29e42ee886423cfa38cf070a550b61ae611fb3fceea482aae,This test uses the supplied/current ticker universe and is not a survivorship-bias-free historical index-constituent study.
S221_20110830_20260828_e210057f2894,T1_30D,Market Regime,BULL,189,81,60,20,1,0,83,25,74.07407407407408,1.3833333333333333,1.0,b2dc08f8e57ea70d6a36372de7ecf55973b2df31ba21790751114c469ae92677,03d9336d738313c29e42ee886423cfa38cf070a550b61ae611fb3fceea482aae,This test uses the supplied/current ticker universe and is not a survivorship-bias-free historical index-constituent study.
S221_20110830_20260828_e210057f2894,T1_30D,Market Regime,NEUTRAL,345,132,99,23,10,0,179,32,75.0,1.505050505050505,1.0,b2dc08f8e57ea70d6a36372de7ecf55973b2df31ba21790751114c469ae92677,03d9336d738313c29e42ee886423cfa38cf070a550b61ae611fb3fceea482aae,This test uses the supplied/current ticker universe and is not a survivorship-bias-free historical index-constituent study.
S221_20110830_20260828_e210057f2894,T1_30D,Market Regime,STRONG BULL,554,240,179,59,2,0,226,84,74.58333333333333,1.4972067039106145,1.0,b2dc08f8e57ea70d6a36372de7ecf55973b2df31ba21790751114c469ae92677,03d9336d738313c29e42ee886423cfa38cf070a550b61ae611fb3fceea482aae,This test uses the supplied/current ticker universe and is not a survivorship-bias-free historical index-constituent study.
S221_20110830_20260828_e210057f2894,T1_45D,Market Regime,BULL,189,81,60,20,1,0,83,25,74.07407407407408,1.3833333333333333,1.0,b2dc08f8e57ea70d6a36372de7ecf55973b2df31ba21790751114c469ae92677,03d9336d738313c29e42ee886423cfa38cf070a550b61ae611fb3fceea482aae,This test uses the supplied/current ticker universe and is not a survivorship-bias-free historical index-constituent study.
S221_20110830_20260828_e210057f2894,T1_45D,Market Regime,NEUTRAL,345,131,99,22,10,0,180,32,75.57251908396947,1.505050505050505,1.0,b2dc08f8e57ea70d6a36372de7ecf55973b2df31ba21790751114c469ae92677,03d9336d738313c29e42ee886423cfa38cf070a550b61ae611fb3fceea482aae,This test uses the supplied/current ticker universe and is not a survivorship-bias-free historical index-constituent study.
S221_20110830_20260828_e210057f2894,T1_45D,Market Regime,STRONG BULL,554,239,178,59,2,0,227,84,74.47698744769873,1.5,1.0,b2dc08f8e57ea70d6a36372de7ecf55973b2df31ba21790751114c469ae92677,03d9336d738313c29e42ee886423cfa38cf070a550b61ae611fb3fceea482aae,This test uses the supplied/current ticker universe and is not a survivorship-bias-free historical index-constituent study.
S221_20110830_20260828_e210057f2894,T1_63D,Market Regime,BULL,189,81,60,20,1,0,83,25,74.07407407407408,1.3833333333333333,1.0,b2dc08f8e57ea70d6a36372de7ecf55973b2df31ba21790751114c469ae92677,03d9336d738313c29e42ee886423cfa38cf070a550b61ae611fb3fceea482aae,This test uses the supplied/current ticker universe and is not a survivorship-bias-free historical index-constituent study.
S221_20110830_20260828_e210057f2894,T1_63D,Market Regime,NEUTRAL,345,130,98,22,10,0,181,32,75.38461538461539,1.510204081632653,1.0,b2dc08f8e57ea70d6a36372de7ecf55973b2df31ba21790751114c469ae92677,03d9336d738313c29e42ee886423cfa38cf070a550b61ae611fb3fceea482aae,This test uses the supplied/current ticker universe and is not a survivorship-bias-free historical index-constituent study.
S221_20110830_20260828_e210057f2894,T1_63D,Market Regime,STRONG BULL,554,239,178,59,2,0,227,84,74.47698744769873,1.5,1.0,b2dc08f8e57ea70d6a36372de7ecf55973b2df31ba21790751114c469ae92677,03d9336d738313c29e42ee886423cfa38cf070a550b61ae611fb3fceea482aae,This test uses the supplied/current ticker universe and is not a survivorship-bias-free historical index-constituent study.
S221_20110830_20260828_e210057f2894,T2_10D,Market Regime,BULL,189,84,64,19,1,0,80,25,76.19047619047619,1.375,1.0,b2dc08f8e57ea70d6a36372de7ecf55973b2df31ba21790751114c469ae92677,03d9336d738313c29e42ee886423cfa38cf070a550b61ae611fb3fceea482aae,This test uses the supplied/current ticker universe and is not a survivorship-bias-free historical index-constituent study.
S221_20110830_20260828_e210057f2894,T2_10D,Market Regime,NEUTRAL,345,133,107,20,6,0,178,32,80.45112781954887,1.4299065420560748,1.0,b2dc08f8e57ea70d6a36372de7ecf55973b2df31ba21790751114c469ae92677,03d9336d738313c29e42ee886423cfa38cf070a550b61ae611fb3fceea482aae,This test uses the supplied/current ticker universe and is not a survivorship-bias-free historical index-constituent study.
S221_20110830_20260828_e210057f2894,T2_10D,Market Regime,STRONG BULL,554,248,183,64,1,0,214,88,73.79032258064517,1.4972677595628416,1.0,b2dc08f8e57ea70d6a36372de7ecf55973b2df31ba21790751114c469ae92677,03d9336d738313c29e42ee886423cfa38cf070a550b61ae611fb3fceea482aae,This test uses the supplied/current ticker universe and is not a survivorship-bias-free historical index-constituent study.
S221_20110830_20260828_e210057f2894,T2_20D,Market Regime,BULL,189,78,59,18,1,0,86,25,75.64102564102564,1.3559322033898304,1.0,b2dc08f8e57ea70d6a36372de7ecf55973b2df31ba21790751114c469ae92677,03d9336d738313c29e42ee886423cfa38cf070a550b61ae611fb3fceea482aae,This test uses the supplied/current ticker universe and is not a survivorship-bias-free historical index-constituent study.
S221_20110830_20260828_e210057f2894,T2_20D,Market Regime,NEUTRAL,345,126,100,19,7,0,186,31,79.36507936507937,1.52,1.0,b2dc08f8e57ea70d6a36372de7ecf55973b2df31ba21790751114c469ae92677,03d9336d738313c29e42ee886423cfa38cf070a550b61ae611fb3fceea482aae,This test uses the supplied/current ticker universe and is not a survivorship-bias-free historical index-constituent study.
S221_20110830_20260828_e210057f2894,T2_20D,Market Regime,STRONG BULL,554,237,177,60,0,0,227,86,74.68354430379746,1.4915254237288136,1.0,b2dc08f8e57ea70d6a36372de7ecf55973b2df31ba21790751114c469ae92677,03d9336d738313c29e42ee886423cfa38cf070a550b61ae611fb3fceea482aae,This test uses the supplied/current ticker universe and is not a survivorship-bias-free historical index-constituent study.
S221_20110830_20260828_e210057f2894,T2_30D,Market Regime,BULL,189,78,59,18,1,0,85,26,75.64102564102564,1.3389830508474576,1.0,b2dc08f8e57ea70d6a36372de7ecf55973b2df31ba21790751114c469ae92677,03d9336d738313c29e42ee886423cfa38cf070a550b61ae611fb3fceea482aae,This test uses the supplied/current ticker universe and is not a survivorship-bias-free historical index-constituent study.
S221_20110830_20260828_e210057f2894,T2_30D,Market Regime,NEUTRAL,345,127,93,21,13,0,187,29,73.22834645669292,1.5268817204301075,1.0,b2dc08f8e57ea70d6a36372de7ecf55973b2df31ba21790751114c469ae92677,03d9336d738313c29e42ee886423cfa38cf070a550b61ae611fb3fceea482aae,This test uses the supplied/current ticker universe and is not a survivorship-bias-free historical index-constituent study.
S221_20110830_20260828_e210057f2894,T2_30D,Market Regime,STRONG BULL,554,239,176,58,5,0,228,83,73.64016736401673,1.4943181818181819,1.0,b2dc08f8e57ea70d6a36372de7ecf55973b2df31ba21790751114c469ae92677,03d9336d738313c29e42ee886423cfa38cf070a550b61ae611fb3fceea482aae,This test uses the supplied/current ticker universe and is not a survivorship-bias-free historical index-constituent study.
S221_20110830_20260828_e210057f2894,T2_45D,Market Regime,BULL,189,78,58,18,2,0,85,26,74.35897435897436,1.3448275862068966,1.0,b2dc08f8e57ea70d6a36372de7ecf55973b2df31ba21790751114c469ae92677,03d9336d738313c29e42ee886423cfa38cf070a550b61ae611fb3fceea482aae,This test uses the supplied/current ticker universe and is not a survivorship-bias-free historical index-constituent study.
S221_20110830_20260828_e210057f2894,T2_45D,Market Regime,NEUTRAL,345,124,91,20,13,0,190,29,73.38709677419355,1.5164835164835164,1.0,b2dc08f8e57ea70d6a36372de7ecf55973b2df31ba21790751114c469ae92677,03d9336d738313c29e42ee886423cfa38cf070a550b61ae611fb3fceea482aae,This test uses the supplied/current ticker universe and is not a survivorship-bias-free historical index-constituent study.
S221_20110830_20260828_e210057f2894,T2_45D,Market Regime,STRONG BULL,554,237,174,58,5,0,230,83,73.41772151898735,1.5,1.0,b2dc08f8e57ea70d6a36372de7ecf55973b2df31ba21790751114c469ae92677,03d9336d738313c29e42ee886423cfa38cf070a550b61ae611fb3fceea482aae,This test uses the supplied/current ticker universe and is not a survivorship-bias-free historical index-constituent study.
S221_20110830_20260828_e210057f2894,T2_63D,Market Regime,BULL,189,78,59,18,1,0,85,26,75.64102564102564,1.3389830508474576,1.0,b2dc08f8e57ea70d6a36372de7ecf55973b2df31ba21790751114c469ae92677,03d9336d738313c29e42ee886423cfa38cf070a550b61ae611fb3fceea482aae,This test uses the supplied/current ticker universe and is not a survivorship-bias-free historical index-constituent study.
S221_20110830_20260828_e210057f2894,T2_63D,Market Regime,NEUTRAL,345,124,90,20,14,0,190,29,72.58064516129032,1.5222222222222221,1.0,b2dc08f8e57ea70d6a36372de7ecf55973b2df31ba21790751114c469ae92677,03d9336d738313c29e42ee886423cfa38cf070a550b61ae611fb3fceea482aae,This test uses the supplied/current ticker universe and is not a survivorship-bias-free historical index-constituent study.
S221_20110830_20260828_e210057f2894,T2_63D,Market Regime,STRONG BULL,554,235,172,58,5,0,232,83,73.19148936170212,1.505813953488372,1.0,b2dc08f8e57ea70d6a36372de7ecf55973b2df31ba21790751114c469ae92677,03d9336d738313c29e42ee886423cfa38cf070a550b61ae611fb3fceea482aae,This test uses the supplied/current ticker universe and is not a survivorship-bias-free historical index-constituent study.
S221_20110830_20260828_e210057f2894,T1_10D,Ticker,AXISBANK.NS,67,29,25,3,1,0,32,6,86.20689655172413,1.16,1.0,b2dc08f8e57ea70d6a36372de7ecf55973b2df31ba21790751114c469ae92677,03d9336d738313c29e42ee886423cfa38cf070a550b61ae611fb3fceea482aae,This test uses the supplied/current ticker universe and is not a survivorship-bias-free historical index-constituent study.
S221_20110830_20260828_e210057f2894,T1_10D,Ticker,BEL.NS,31,14,10,4,0,0,9,7,71.42857142857143,1.9,1.0,b2dc08f8e57ea70d6a36372de7ecf55973b2df31ba21790751114c469ae92677,03d9336d738313c29e42ee886423cfa38cf070a550b61ae611fb3fceea482aae,This test uses the supplied/current ticker universe and is not a survivorship-bias-free historical index-constituent study.
S221_20110830_20260828_e210057f2894,T1_10D,Ticker,CIPLA.NS,57,23,16,7,0,0,23,11,69.56521739130434,2.125,1.0,b2dc08f8e57ea70d6a36372de7ecf55973b2df31ba21790751114c469ae92677,03d9336d738313c29e42ee886423cfa38cf070a550b61ae611fb3fceea482aae,This test uses the supplied/current ticker universe and is not a survivorship-bias-free historical index-constituent study.
S221_20110830_20260828_e210057f2894,T1_10D,Ticker,HAL.NS,26,13,9,4,0,0,10,3,69.23076923076923,1.8888888888888888,1.0,b2dc08f8e57ea70d6a36372de7ecf55973b2df31ba21790751114c469ae92677,03d9336d738313c29e42ee886423cfa38cf070a550b61ae611fb3fceea482aae,This test uses the supplied/current ticker universe and is not a survivorship-bias-free historical index-constituent study.
S221_20110830_20260828_e210057f2894,T1_10D,Ticker,HCLTECH.NS,49,27,22,4,1,0,20,2,81.48148148148148,1.3181818181818181,1.0,b2dc08f8e57ea70d6a36372de7ecf55973b2df31ba21790751114c469ae92677,03d9336d738313c29e42ee886423cfa38cf070a550b61ae611fb3fceea482aae,This test uses the supplied/current ticker universe and is not a survivorship-bias-free historical index-constituent study.
S221_20110830_20260828_e210057f2894,T1_10D,Ticker,HDFCBANK.NS,67,31,21,9,1,0,25,11,67.74193548387096,1.380952380952381,1.0,b2dc08f8e57ea70d6a36372de7ecf55973b2df31ba21790751114c469ae92677,03d9336d738313c29e42ee886423cfa38cf070a550b61ae611fb3fceea482aae,This test uses the supplied/current ticker universe and is not a survivorship-bias-free historical index-constituent study.
S221_20110830_20260828_e210057f2894,T1_10D,Ticker,HINDUNILVR.NS,74,26,18,8,0,0,35,13,69.23076923076923,1.1111111111111112,1.0,b2dc08f8e57ea70d6a36372de7ecf55973b2df31ba21790751114c469ae92677,03d9336d738313c29e42ee886423cfa38cf070a550b61ae611fb3fceea482aae,This test uses the supplied/current ticker universe and is not a survivorship-bias-free historical index-constituent study.
S221_20110830_20260828_e210057f2894,T1_10D,Ticker,ICICIBANK.NS,87,39,29,10,0,0,29,19,74.35897435897436,1.6551724137931034,1.0,b2dc08f8e57ea70d6a36372de7ecf55973b2df31ba21790751114c469ae92677,03d9336d738313c29e42ee886423cfa38cf070a550b61ae611fb3fceea482aae,This test uses the supplied/current ticker universe and is not a survivorship-bias-free historical index-constituent study.
S221_20110830_20260828_e210057f2894,T1_10D,Ticker,INFY.NS,71,31,27,4,0,0,36,4,87.09677419354838,1.4814814814814814,1.0,b2dc08f8e57ea70d6a36372de7ecf55973b2df31ba21790751114c469ae92677,03d9336d738313c29e42ee886423cfa38cf070a550b61ae611fb3fceea482aae,This test uses the supplied/current ticker universe and is not a survivorship-bias-free historical index-constituent study.
S221_20110830_20260828_e210057f2894,T1_10D,Ticker,ITC.NS,47,23,17,6,0,0,18,5,73.91304347826086,1.1176470588235294,1.0,b2dc08f8e57ea70d6a36372de7ecf55973b2df31ba21790751114c469ae92677,03d9336d738313c29e42ee886423cfa38cf070a550b61ae611fb3fceea482aae,This test uses the supplied/current ticker universe and is not a survivorship-bias-free historical index-constituent study.
S221_20110830_20260828_e210057f2894,T1_10D,Ticker,LT.NS,65,28,21,7,0,0,27,9,75.0,1.3333333333333333,1.0,b2dc08f8e57ea70d6a36372de7ecf55973b2df31ba21790751114c469ae92677,03d9336d738313c29e42ee886423cfa38cf070a550b61ae611fb3fceea482aae,This test uses the supplied/current ticker universe and is not a survivorship-bias-free historical index-constituent study.
S221_20110830_20260828_e210057f2894,T1_10D,Ticker,M&M.NS,57,25,19,5,1,0,25,7,76.0,1.5263157894736843,1.0,b2dc08f8e57ea70d6a36372de7ecf55973b2df31ba21790751114c469ae92677,03d9336d738313c29e42ee886423cfa38cf070a550b61ae611fb3fceea482aae,This test uses the supplied/current ticker universe and is not a survivorship-bias-free historical index-constituent study.
S221_20110830_20260828_e210057f2894,T1_10D,Ticker,MARUTI.NS,63,24,21,3,0,0,32,7,87.5,1.4285714285714286,1.0,b2dc08f8e57ea70d6a36372de7ecf55973b2df31ba21790751114c469ae92677,03d9336d738313c29e42ee886423cfa38cf070a550b61ae611fb3fceea482aae,This test uses the supplied/current ticker universe and is not a survivorship-bias-free historical index-constituent study.
S221_20110830_20260828_e210057f2894,T1_10D,Ticker,SBIN.NS,64,28,22,3,3,0,34,2,78.57142857142857,1.3636363636363635,1.0,b2dc08f8e57ea70d6a36372de7ecf55973b2df31ba21790751114c469ae92677,03d9336d738313c29e42ee886423cfa38cf070a550b61ae611fb3fceea482aae,This test uses the supplied/current ticker universe and is not a survivorship-bias-free historical index-constituent study.
S221_20110830_20260828_e210057f2894,T1_10D,Ticker,SUNPHARMA.NS,56,21,14,7,0,0,27,7,66.66666666666666,1.2142857142857142,1.0,b2dc08f8e57ea70d6a36372de7ecf55973b2df31ba21790751114c469ae92677,03d9336d738313c29e42ee886423cfa38cf070a550b61ae611fb3fceea482aae,This test uses the supplied/current ticker universe and is not a survivorship-bias-free historical index-constituent study.
S221_20110830_20260828_e210057f2894,T1_10D,Ticker,TCS.NS,59,26,19,7,0,0,25,8,73.07692307692307,1.4210526315789473,1.0,b2dc08f8e57ea70d6a36372de7ecf55973b2df31ba21790751114c469ae92677,03d9336d738313c29e42ee886423cfa38cf070a550b61ae611fb3fceea482aae,This test uses the supplied/current ticker universe and is not a survivorship-bias-free historical index-constituent study.
S221_20110830_20260828_e210057f2894,T1_10D,Ticker,TITAN.NS,66,31,22,9,0,0,21,13,70.96774193548387,1.5,1.0,b2dc08f8e57ea70d6a36372de7ecf55973b2df31ba21790751114c469ae92677,03d9336d738313c29e42ee886423cfa38cf070a550b61ae611fb3fceea482aae,This test uses the supplied/current ticker universe and is not a survivorship-bias-free historical index-constituent study.
S221_20110830_20260828_e210057f2894,T1_10D,Ticker,TMPV.NS,29,11,8,3,0,0,15,3,72.72727272727273,1.75,1.0,b2dc08f8e57ea70d6a36372de7ecf55973b2df31ba21790751114c469ae92677,03d9336d738313c29e42ee886423cfa38cf070a550b61ae611fb3fceea482aae,This test uses the supplied/current ticker universe and is not a survivorship-bias-free historical index-constituent study.
S221_20110830_20260828_e210057f2894,T1_10D,Ticker,WIPRO.NS,53,18,16,2,0,0,25,9,88.88888888888889,1.75,1.0,b2dc08f8e57ea70d6a36372de7ecf55973b2df31ba21790751114c469ae92677,03d9336d738313c29e42ee886423cfa38cf070a550b61ae611fb3fceea482aae,This test uses the supplied/current ticker universe and is not a survivorship-bias-free historical index-constituent study.
S221_20110830_20260828_e210057f2894,T1_20D,Ticker,AXISBANK.NS,67,28,24,3,1,0,33,6,85.71428571428571,1.1666666666666667,1.0,b2dc08f8e57ea70d6a36372de7ecf55973b2df31ba21790751114c469ae92677,03d9336d738313c29e42ee886423cfa38cf070a550b61ae611fb3fceea482aae,This test uses the supplied/current ticker universe and is not a survivorship-bias-free historical index-constituent study.
S221_20110830_20260828_e210057f2894,T1_20D,Ticker,BEL.NS,31,14,10,4,0,0,9,7,71.42857142857143,1.9,1.0,b2dc08f8e57ea70d6a36372de7ecf55973b2df31ba21790751114c469ae92677,03d9336d738313c29e42ee886423cfa38cf070a550b61ae611fb3fceea482aae,This test uses the supplied/current ticker universe and is not a survivorship-bias-free historical index-constituent study.
S221_20110830_20260828_e210057f2894,T1_20D,Ticker,CIPLA.NS,57,22,16,6,0,0,24,11,72.72727272727273,2.125,1.0,b2dc08f8e57ea70d6a36372de7ecf55973b2df31ba21790751114c469ae92677,03d9336d738313c29e42ee886423cfa38cf070a550b61ae611fb3fceea482aae,This test uses the supplied/current ticker universe and is not a survivorship-bias-free historical index-constituent study.
S221_20110830_20260828_e210057f2894,T1_20D,Ticker,HAL.NS,26,13,9,4,0,0,10,3,69.23076923076923,1.8888888888888888,1.0,b2dc08f8e57ea70d6a36372de7ecf55973b2df31ba21790751114c469ae92677,03d9336d738313c29e42ee886423cfa38cf070a550b61ae611fb3fceea482aae,This test uses the supplied/current ticker universe and is not a survivorship-bias-free historical index-constituent study.
S221_20110830_20260828_e210057f2894,T1_20D,Ticker,HCLTECH.NS,49,26,21,4,1,0,21,2,80.76923076923077,1.3333333333333333,1.0,b2dc08f8e57ea70d6a36372de7ecf55973b2df31ba21790751114c469ae92677,03d9336d738313c29e42ee886423cfa38cf070a550b61ae611fb3fceea482aae,This test uses the supplied/current ticker universe and is not a survivorship-bias-free historical index-constituent study.
S221_20110830_20260828_e210057f2894,T1_20D,Ticker,HDFCBANK.NS,67,31,21,9,1,0,25,11,67.74193548387096,1.380952380952381,1.0,b2dc08f8e57ea70d6a36372de7ecf55973b2df31ba21790751114c469ae92677,03d9336d738313c29e42ee886423cfa38cf070a550b61ae611fb3fceea482aae,This test uses the supplied/current ticker universe and is not a survivorship-bias-free historical index-constituent study.
S221_20110830_20260828_e210057f2894,T1_20D,Ticker,HINDUNILVR.NS,74,23,16,7,0,0,39,12,69.56521739130434,1.125,1.0,b2dc08f8e57ea70d6a36372de7ecf55973b2df31ba21790751114c469ae92677,03d9336d738313c29e42ee886423cfa38cf070a550b61ae611fb3fceea482aae,This test uses the supplied/current ticker universe and is not a survivorship-bias-free historical index-constituent study.
S221_20110830_20260828_e210057f2894,T1_20D,Ticker,ICICIBANK.NS,87,37,28,9,0,0,31,19,75.67567567567568,1.6785714285714286,1.0,b2dc08f8e57ea70d6a36372de7ecf55973b2df31ba21790751114c469ae92677,03d9336d738313c29e42ee886423cfa38cf070a550b61ae611fb3fceea482aae,This test uses the supplied/current ticker universe and is not a survivorship-bias-free historical index-constituent study.
S221_20110830_20260828_e210057f2894,T1_20D,Ticker,INFY.NS,71,29,25,4,0,0,38,4,86.20689655172413,1.52,1.0,b2dc08f8e57ea70d6a36372de7ecf55973b2df31ba21790751114c469ae92677,03d9336d738313c29e42ee886423cfa38cf070a550b61ae611fb3fceea482aae,This test uses the supplied/current ticker universe and is not a survivorship-bias-free historical index-constituent study.
S221_20110830_20260828_e210057f2894,T1_20D,Ticker,ITC.NS,47,22,16,6,0,0,19,5,72.72727272727273,1.125,1.0,b2dc08f8e57ea70d6a36372de7ecf55973b2df31ba21790751114c469ae92677,03d9336d738313c29e42ee886423cfa38cf070a550b61ae611fb3fceea482aae,This test uses the supplied/current ticker universe and is not a survivorship-bias-free historical index-constituent study.
S221_20110830_20260828_e210057f2894,T1_20D,Ticker,LT.NS,65,28,20,6,2,0,27,9,71.42857142857143,1.35,1.0,b2dc08f8e57ea70d6a36372de7ecf55973b2df31ba21790751114c469ae92677,03d9336d738313c29e42ee886423cfa38cf070a550b61ae611fb3fceea482aae,This test uses the supplied/current ticker universe and is not a survivorship-bias-free historical index-constituent study.
S221_20110830_20260828_e210057f2894,T1_20D,Ticker,M&M.NS,57,24,18,5,1,0,27,6,75.0,1.6666666666666667,1.0,b2dc08f8e57ea70d6a36372de7ecf55973b2df31ba21790751114c469ae92677,03d9336d738313c29e42ee886423cfa38cf070a550b61ae611fb3fceea482aae,This test uses the supplied/current ticker universe and is not a survivorship-bias-free historical index-constituent study.
S221_20110830_20260828_e210057f2894,T1_20D,Ticker,MARUTI.NS,63,22,19,3,0,0,35,6,86.36363636363636,1.2105263157894737,1.0,b2dc08f8e57ea70d6a36372de7ecf55973b2df31ba21790751114c469ae92677,03d9336d738313c29e42ee886423cfa38cf070a550b61ae611fb3fceea482aae,This test uses the supplied/current ticker universe and is not a survivorship-bias-free historical index-constituent study.
S221_20110830_20260828_e210057f2894,T1_20D,Ticker,SBIN.NS,64,25,22,3,0,0,38,1,88.0,1.4090909090909092,1.0,b2dc08f8e57ea70d6a36372de7ecf55973b2df31ba21790751114c469ae92677,03d9336d738313c29e42ee886423cfa38cf070a550b61ae611fb3fceea482aae,This test uses the supplied/current ticker universe and is not a survivorship-bias-free historical index-constituent study.
S221_20110830_20260828_e210057f2894,T1_20D,Ticker,SUNPHARMA.NS,56,21,14,7,0,0,27,7,66.66666666666666,1.2142857142857142,1.0,b2dc08f8e57ea70d6a36372de7ecf55973b2df31ba21790751114c469ae92677,03d9336d738313c29e42ee886423cfa38cf070a550b61ae611fb3fceea482aae,This test uses the supplied/current ticker universe and is not a survivorship-bias-free historical index-constituent study.
S221_20110830_20260828_e210057f2894,T1_20D,Ticker,TCS.NS,59,26,19,7,0,0,25,8,73.07692307692307,1.4210526315789473,1.0,b2dc08f8e57ea70d6a36372de7ecf55973b2df31ba21790751114c469ae92677,03d9336d738313c29e42ee886423cfa38cf070a550b61ae611fb3fceea482aae,This test uses the supplied/current ticker universe and is not a survivorship-bias-free historical index-constituent study.
S221_20110830_20260828_e210057f2894,T1_20D,Ticker,TITAN.NS,66,31,20,10,1,0,20,14,64.51612903225806,1.45,1.0,b2dc08f8e57ea70d6a36372de7ecf55973b2df31ba21790751114c469ae92677,03d9336d738313c29e42ee886423cfa38cf070a550b61ae611fb3fceea482aae,This test uses the supplied/current ticker universe and is not a survivorship-bias-free historical index-constituent study.
S221_20110830_20260828_e210057f2894,T1_20D,Ticker,TMPV.NS,29,12,8,3,1,0,13,4,66.66666666666666,1.875,1.5,b2dc08f8e57ea70d6a36372de7ecf55973b2df31ba21790751114c469ae92677,03d9336d738313c29e42ee886423cfa38cf070a550b61ae611fb3fceea482aae,This test uses the supplied/current ticker universe and is not a survivorship-bias-free historical index-constituent study.
S221_20110830_20260828_e210057f2894,T1_20D,Ticker,WIPRO.NS,53,17,15,2,0,0,26,9,88.23529411764706,1.8,1.0,b2dc08f8e57ea70d6a36372de7ecf55973b2df31ba21790751114c469ae92677,03d9336d738313c29e42ee886423cfa38cf070a550b61ae611fb3fceea482aae,This test uses the supplied/current ticker universe and is not a survivorship-bias-free historical index-constituent study.
S221_20110830_20260828_e210057f2894,T1_30D,Ticker,AXISBANK.NS,67,28,24,3,1,0,33,6,85.71428571428571,1.1666666666666667,1.0,b2dc08f8e57ea70d6a36372de7ecf55973b2df31ba21790751114c469ae92677,03d9336d738313c29e42ee886423cfa38cf070a550b61ae611fb3fceea482aae,This test uses the supplied/current ticker universe and is not a survivorship-bias-free historical index-constituent study.
S221_20110830_20260828_e210057f2894,T1_30D,Ticker,BEL.NS,31,14,9,4,1,0,9,7,64.28571428571429,2.0,1.0,b2dc08f8e57ea70d6a36372de7ecf55973b2df31ba21790751114c469ae92677,03d9336d738313c29e42ee886423cfa38cf070a550b61ae611fb3fceea482aae,This test uses the supplied/current ticker universe and is not a survivorship-bias-free historical index-constituent study.
S221_20110830_20260828_e210057f2894,T1_30D,Ticker,CIPLA.NS,57,22,16,6,0,0,24,11,72.72727272727273,2.125,1.0,b2dc08f8e57ea70d6a36372de7ecf55973b2df31ba21790751114c469ae92677,03d9336d738313c29e42ee886423cfa38cf070a550b61ae611fb3fceea482aae,This test uses the supplied/current ticker universe and is not a survivorship-bias-free historical index-constituent study.
S221_20110830_20260828_e210057f2894,T1_30D,Ticker,HAL.NS,26,13,9,4,0,0,10,3,69.23076923076923,1.8888888888888888,1.0,b2dc08f8e57ea70d6a36372de7ecf55973b2df31ba21790751114c469ae92677,03d9336d738313c29e42ee886423cfa38cf070a550b61ae611fb3fceea482aae,This test uses the supplied/current ticker universe and is not a survivorship-bias-free historical index-constituent study.
S221_20110830_20260828_e210057f2894,T1_30D,Ticker,HCLTECH.NS,49,25,20,4,1,0,22,2,80.0,1.35,1.0,b2dc08f8e57ea70d6a36372de7ecf55973b2df31ba21790751114c469ae92677,03d9336d738313c29e42ee886423cfa38cf070a550b61ae611fb3fceea482aae,This test uses the supplied/current ticker universe and is not a survivorship-bias-free historical index-constituent study.
S221_20110830_20260828_e210057f2894,T1_30D,Ticker,HDFCBANK.NS,67,31,21,9,1,0,25,11,67.74193548387096,1.380952380952381,1.0,b2dc08f8e57ea70d6a36372de7ecf55973b2df31ba21790751114c469ae92677,03d9336d738313c29e42ee886423cfa38cf070a550b61ae611fb3fceea482aae,This test uses the supplied/current ticker universe and is not a survivorship-bias-free historical index-constituent study.
S221_20110830_20260828_e210057f2894,T1_30D,Ticker,HINDUNILVR.NS,74,22,16,6,0,0,43,9,72.72727272727273,1.125,1.0,b2dc08f8e57ea70d6a36372de7ecf55973b2df31ba21790751114c469ae92677,03d9336d738313c29e42ee886423cfa38cf070a550b61ae611fb3fceea482aae,This test uses the supplied/current ticker universe and is not a survivorship-bias-free historical index-constituent study.
S221_20110830_20260828_e210057f2894,T1_30D,Ticker,ICICIBANK.NS,87,36,27,9,0,0,32,19,75.0,1.7037037037037037,1.0,b2dc08f8e57ea70d6a36372de7ecf55973b2df31ba21790751114c469ae92677,03d9336d738313c29e42ee886423cfa38cf070a550b61ae611fb3fceea482aae,This test uses the supplied/current ticker universe and is not a survivorship-bias-free historical index-constituent study.
S221_20110830_20260828_e210057f2894,T1_30D,Ticker,INFY.NS,71,29,25,4,0,0,38,4,86.20689655172413,1.52,1.0,b2dc08f8e57ea70d6a36372de7ecf55973b2df31ba21790751114c469ae92677,03d9336d738313c29e42ee886423cfa38cf070a550b61ae611fb3fceea482aae,This test uses the supplied/current ticker universe and is not a survivorship-bias-free historical index-constituent study.
S221_20110830_20260828_e210057f2894,T1_30D,Ticker,ITC.NS,47,21,16,5,0,0,22,3,76.19047619047619,1.125,1.0,b2dc08f8e57ea70d6a36372de7ecf55973b2df31ba21790751114c469ae92677,03d9336d738313c29e42ee886423cfa38cf070a550b61ae611fb3fceea482aae,This test uses the supplied/current ticker universe and is not a survivorship-bias-free historical index-constituent study.
S221_20110830_20260828_e210057f2894,T1_30D,Ticker,LT.NS,65,28,21,6,1,0,27,9,75.0,1.4285714285714286,1.0,b2dc08f8e57ea70d6a36372de7ecf55973b2df31ba21790751114c469ae92677,03d9336d738313c29e42ee886423cfa38cf070a550b61ae611fb3fceea482aae,This test uses the supplied/current ticker universe and is not a survivorship-bias-free historical index-constituent study.
S221_20110830_20260828_e210057f2894,T1_30D,Ticker,M&M.NS,57,24,18,5,1,0,27,6,75.0,1.6666666666666667,1.0,b2dc08f8e57ea70d6a36372de7ecf55973b2df31ba21790751114c469ae92677,03d9336d738313c29e42ee886423cfa38cf070a550b61ae611fb3fceea482aae,This test uses the supplied/current ticker universe and is not a survivorship-bias-free historical index-constituent study.
S221_20110830_20260828_e210057f2894,T1_30D,Ticker,MARUTI.NS,63,23,19,3,1,0,34,6,82.6086956521739,1.263157894736842,1.0,b2dc08f8e57ea70d6a36372de7ecf55973b2df31ba21790751114c469ae92677,03d9336d738313c29e42ee886423cfa38cf070a550b61ae611fb3fceea482aae,This test uses the supplied/current ticker universe and is not a survivorship-bias-free historical index-constituent study.
S221_20110830_20260828_e210057f2894,T1_30D,Ticker,SBIN.NS,64,28,22,3,3,0,34,2,78.57142857142857,1.3636363636363635,1.0,b2dc08f8e57ea70d6a36372de7ecf55973b2df31ba21790751114c469ae92677,03d9336d738313c29e42ee886423cfa38cf070a550b61ae611fb3fceea482aae,This test uses the supplied/current ticker universe and is not a survivorship-bias-free historical index-constituent study.
S221_20110830_20260828_e210057f2894,T1_30D,Ticker,SUNPHARMA.NS,56,21,14,7,0,0,27,7,66.66666666666666,1.2142857142857142,1.0,b2dc08f8e57ea70d6a36372de7ecf55973b2df31ba21790751114c469ae92677,03d9336d738313c29e42ee886423cfa38cf070a550b61ae611fb3fceea482aae,This test uses the supplied/current ticker universe and is not a survivorship-bias-free historical index-constituent study.
S221_20110830_20260828_e210057f2894,T1_30D,Ticker,TCS.NS,59,26,19,7,0,0,25,8,73.07692307692307,1.4210526315789473,1.0,b2dc08f8e57ea70d6a36372de7ecf55973b2df31ba21790751114c469ae92677,03d9336d738313c29e42ee886423cfa38cf070a550b61ae611fb3fceea482aae,This test uses the supplied/current ticker universe and is not a survivorship-bias-free historical index-constituent study.
S221_20110830_20260828_e210057f2894,T1_30D,Ticker,TITAN.NS,66,31,20,10,1,0,20,14,64.51612903225806,1.45,1.0,b2dc08f8e57ea70d6a36372de7ecf55973b2df31ba21790751114c469ae92677,03d9336d738313c29e42ee886423cfa38cf070a550b61ae611fb3fceea482aae,This test uses the supplied/current ticker universe and is not a survivorship-bias-free historical index-constituent study.
S221_20110830_20260828_e210057f2894,T1_30D,Ticker,TMPV.NS,29,14,7,5,2,0,10,5,50.0,1.8571428571428572,1.0,b2dc08f8e57ea70d6a36372de7ecf55973b2df31ba21790751114c469ae92677,03d9336d738313c29e42ee886423cfa38cf070a550b61ae611fb3fceea482aae,This test uses the supplied/current ticker universe and is not a survivorship-bias-free historical index-constituent study.
S221_20110830_20260828_e210057f2894,T1_30D,Ticker,WIPRO.NS,53,17,15,2,0,0,26,9,88.23529411764706,1.8,1.0,b2dc08f8e57ea70d6a36372de7ecf55973b2df31ba21790751114c469ae92677,03d9336d738313c29e42ee886423cfa38cf070a550b61ae611fb3fceea482aae,This test uses the supplied/current ticker universe and is not a survivorship-bias-free historical index-constituent study.
S221_20110830_20260828_e210057f2894,T1_45D,Ticker,AXISBANK.NS,67,28,24,3,1,0,33,6,85.71428571428571,1.1666666666666667,1.0,b2dc08f8e57ea70d6a36372de7ecf55973b2df31ba21790751114c469ae92677,03d9336d738313c29e42ee886423cfa38cf070a550b61ae611fb3fceea482aae,This test uses the supplied/current ticker universe and is not a survivorship-bias-free historical index-constituent study.
S221_20110830_20260828_e210057f2894,T1_45D,Ticker,BEL.NS,31,14,9,4,1,0,9,7,64.28571428571429,2.0,1.0,b2dc08f8e57ea70d6a36372de7ecf55973b2df31ba21790751114c469ae92677,03d9336d738313c29e42ee886423cfa38cf070a550b61ae611fb3fceea482aae,This test uses the supplied/current ticker universe and is not a survivorship-bias-free historical index-constituent study.
S221_20110830_20260828_e210057f2894,T1_45D,Ticker,CIPLA.NS,57,22,16,6,0,0,24,11,72.72727272727273,2.125,1.0,b2dc08f8e57ea70d6a36372de7ecf55973b2df31ba21790751114c469ae92677,03d9336d738313c29e42ee886423cfa38cf070a550b61ae611fb3fceea482aae,This test uses the supplied/current ticker universe and is not a survivorship-bias-free historical index-constituent study.
S221_20110830_20260828_e210057f2894,T1_45D,Ticker,HAL.NS,26,13,9,4,0,0,10,3,69.23076923076923,1.8888888888888888,1.0,b2dc08f8e57ea70d6a36372de7ecf55973b2df31ba21790751114c469ae92677,03d9336d738313c29e42ee886423cfa38cf070a550b61ae611fb3fceea482aae,This test uses the supplied/current ticker universe and is not a survivorship-bias-free historical index-constituent study.
S221_20110830_20260828_e210057f2894,T1_45D,Ticker,HCLTECH.NS,49,25,20,4,1,0,22,2,80.0,1.35,1.0,b2dc08f8e57ea70d6a36372de7ecf55973b2df31ba21790751114c469ae92677,03d9336d738313c29e42ee886423cfa38cf070a550b61ae611fb3fceea482aae,This test uses the supplied/current ticker universe and is not a survivorship-bias-free historical index-constituent study.
S221_20110830_20260828_e210057f2894,T1_45D,Ticker,HDFCBANK.NS,67,30,21,8,1,0,26,11,70.0,1.380952380952381,1.0,b2dc08f8e57ea70d6a36372de7ecf55973b2df31ba21790751114c469ae92677,03d9336d738313c29e42ee886423cfa38cf070a550b61ae611fb3fceea482aae,This test uses the supplied/current ticker universe and is not a survivorship-bias-free historical index-constituent study.
S221_20110830_20260828_e210057f2894,T1_45D,Ticker,HINDUNILVR.NS,74,22,16,6,0,0,43,9,72.72727272727273,1.125,1.0,b2dc08f8e57ea70d6a36372de7ecf55973b2df31ba21790751114c469ae92677,03d9336d738313c29e42ee886423cfa38cf070a550b61ae611fb3fceea482aae,This test uses the supplied/current ticker universe and is not a survivorship-bias-free historical index-constituent study.
S221_20110830_20260828_e210057f2894,T1_45D,Ticker,ICICIBANK.NS,87,36,27,9,0,0,32,19,75.0,1.7037037037037037,1.0,b2dc08f8e57ea70d6a36372de7ecf55973b2df31ba21790751114c469ae92677,03d9336d738313c29e42ee886423cfa38cf070a550b61ae611fb3fceea482aae,This test uses the supplied/current ticker universe and is not a survivorship-bias-free historical index-constituent study.
S221_20110830_20260828_e210057f2894,T1_45D,Ticker,INFY.NS,71,29,25,4,0,0,38,4,86.20689655172413,1.52,1.0,b2dc08f8e57ea70d6a36372de7ecf55973b2df31ba21790751114c469ae92677,03d9336d738313c29e42ee886423cfa38cf070a550b61ae611fb3fceea482aae,This test uses the supplied/current ticker universe and is not a survivorship-bias-free historical index-constituent study.
S221_20110830_20260828_e210057f2894,T1_45D,Ticker,ITC.NS,47,20,15,5,0,0,23,3,75.0,1.1333333333333333,1.0,b2dc08f8e57ea70d6a36372de7ecf55973b2df31ba21790751114c469ae92677,03d9336d738313c29e42ee886423cfa38cf070a550b61ae611fb3fceea482aae,This test uses the supplied/current ticker universe and is not a survivorship-bias-free historical index-constituent study.
S221_20110830_20260828_e210057f2894,T1_45D,Ticker,LT.NS,65,28,21,6,1,0,27,9,75.0,1.4285714285714286,1.0,b2dc08f8e57ea70d6a36372de7ecf55973b2df31ba21790751114c469ae92677,03d9336d738313c29e42ee886423cfa38cf070a550b61ae611fb3fceea482aae,This test uses the supplied/current ticker universe and is not a survivorship-bias-free historical index-constituent study.
S221_20110830_20260828_e210057f2894,T1_45D,Ticker,M&M.NS,57,24,18,5,1,0,27,6,75.0,1.6666666666666667,1.0,b2dc08f8e57ea70d6a36372de7ecf55973b2df31ba21790751114c469ae92677,03d9336d738313c29e42ee886423cfa38cf070a550b61ae611fb3fceea482aae,This test uses the supplied/current ticker universe and is not a survivorship-bias-free historical index-constituent study.
S221_20110830_20260828_e210057f2894,T1_45D,Ticker,MARUTI.NS,63,23,19,3,1,0,34,6,82.6086956521739,1.263157894736842,1.0,b2dc08f8e57ea70d6a36372de7ecf55973b2df31ba21790751114c469ae92677,03d9336d738313c29e42ee886423cfa38cf070a550b61ae611fb3fceea482aae,This test uses the supplied/current ticker universe and is not a survivorship-bias-free historical index-constituent study.
S221_20110830_20260828_e210057f2894,T1_45D,Ticker,SBIN.NS,64,28,22,3,3,0,34,2,78.57142857142857,1.3636363636363635,1.0,b2dc08f8e57ea70d6a36372de7ecf55973b2df31ba21790751114c469ae92677,03d9336d738313c29e42ee886423cfa38cf070a550b61ae611fb3fceea482aae,This test uses the supplied/current ticker universe and is not a survivorship-bias-free historical index-constituent study.
S221_20110830_20260828_e210057f2894,T1_45D,Ticker,SUNPHARMA.NS,56,21,14,7,0,0,27,7,66.66666666666666,1.2142857142857142,1.0,b2dc08f8e57ea70d6a36372de7ecf55973b2df31ba21790751114c469ae92677,03d9336d738313c29e42ee886423cfa38cf070a550b61ae611fb3fceea482aae,This test uses the supplied/current ticker universe and is not a survivorship-bias-free historical index-constituent study.
S221_20110830_20260828_e210057f2894,T1_45D,Ticker,TCS.NS,59,26,19,7,0,0,25,8,73.07692307692307,1.4210526315789473,1.0,b2dc08f8e57ea70d6a36372de7ecf55973b2df31ba21790751114c469ae92677,03d9336d738313c29e42ee886423cfa38cf070a550b61ae611fb3fceea482aae,This test uses the supplied/current ticker universe and is not a survivorship-bias-free historical index-constituent study.
S221_20110830_20260828_e210057f2894,T1_45D,Ticker,TITAN.NS,66,31,20,10,1,0,20,14,64.51612903225806,1.45,1.0,b2dc08f8e57ea70d6a36372de7ecf55973b2df31ba21790751114c469ae92677,03d9336d738313c29e42ee886423cfa38cf070a550b61ae611fb3fceea482aae,This test uses the supplied/current ticker universe and is not a survivorship-bias-free historical index-constituent study.
S221_20110830_20260828_e210057f2894,T1_45D,Ticker,TMPV.NS,29,14,7,5,2,0,10,5,50.0,1.8571428571428572,1.0,b2dc08f8e57ea70d6a36372de7ecf55973b2df31ba21790751114c469ae92677,03d9336d738313c29e42ee886423cfa38cf070a550b61ae611fb3fceea482aae,This test uses the supplied/current ticker universe and is not a survivorship-bias-free historical index-constituent study.
S221_20110830_20260828_e210057f2894,T1_45D,Ticker,WIPRO.NS,53,17,15,2,0,0,26,9,88.23529411764706,1.8,1.0,b2dc08f8e57ea70d6a36372de7ecf55973b2df31ba21790751114c469ae92677,03d9336d738313c29e42ee886423cfa38cf070a550b61ae611fb3fceea482aae,This test uses the supplied/current ticker universe and is not a survivorship-bias-free historical index-constituent study.
S221_20110830_20260828_e210057f2894,T1_63D,Ticker,AXISBANK.NS,67,28,24,3,1,0,33,6,85.71428571428571,1.1666666666666667,1.0,b2dc08f8e57ea70d6a36372de7ecf55973b2df31ba21790751114c469ae92677,03d9336d738313c29e42ee886423cfa38cf070a550b61ae611fb3fceea482aae,This test uses the supplied/current ticker universe and is not a survivorship-bias-free historical index-constituent study.
S221_20110830_20260828_e210057f2894,T1_63D,Ticker,BEL.NS,31,14,9,4,1,0,9,7,64.28571428571429,2.0,1.0,b2dc08f8e57ea70d6a36372de7ecf55973b2df31ba21790751114c469ae92677,03d9336d738313c29e42ee886423cfa38cf070a550b61ae611fb3fceea482aae,This test uses the supplied/current ticker universe and is not a survivorship-bias-free historical index-constituent study.
S221_20110830_20260828_e210057f2894,T1_63D,Ticker,CIPLA.NS,57,22,16,6,0,0,24,11,72.72727272727273,2.125,1.0,b2dc08f8e57ea70d6a36372de7ecf55973b2df31ba21790751114c469ae92677,03d9336d738313c29e42ee886423cfa38cf070a550b61ae611fb3fceea482aae,This test uses the supplied/current ticker universe and is not a survivorship-bias-free historical index-constituent study.
S221_20110830_20260828_e210057f2894,T1_63D,Ticker,HAL.NS,26,13,9,4,0,0,10,3,69.23076923076923,1.8888888888888888,1.0,b2dc08f8e57ea70d6a36372de7ecf55973b2df31ba21790751114c469ae92677,03d9336d738313c29e42ee886423cfa38cf070a550b61ae611fb3fceea482aae,This test uses the supplied/current ticker universe and is not a survivorship-bias-free historical index-constituent study.
S221_20110830_20260828_e210057f2894,T1_63D,Ticker,HCLTECH.NS,49,25,20,4,1,0,22,2,80.0,1.35,1.0,b2dc08f8e57ea70d6a36372de7ecf55973b2df31ba21790751114c469ae92677,03d9336d738313c29e42ee886423cfa38cf070a550b61ae611fb3fceea482aae,This test uses the supplied/current ticker universe and is not a survivorship-bias-free historical index-constituent study.
S221_20110830_20260828_e210057f2894,T1_63D,Ticker,HDFCBANK.NS,67,29,20,8,1,0,27,11,68.96551724137932,1.4,1.0,b2dc08f8e57ea70d6a36372de7ecf55973b2df31ba21790751114c469ae92677,03d9336d738313c29e42ee886423cfa38cf070a550b61ae611fb3fceea482aae,This test uses the supplied/current ticker universe and is not a survivorship-bias-free historical index-constituent study.
S221_20110830_20260828_e210057f2894,T1_63D,Ticker,HINDUNILVR.NS,74,22,16,6,0,0,43,9,72.72727272727273,1.125,1.0,b2dc08f8e57ea70d6a36372de7ecf55973b2df31ba21790751114c469ae92677,03d9336d738313c29e42ee886423cfa38cf070a550b61ae611fb3fceea482aae,This test uses the supplied/current ticker universe and is not a survivorship-bias-free historical index-constituent study.
S221_20110830_20260828_e210057f2894,T1_63D,Ticker,ICICIBANK.NS,87,36,27,9,0,0,32,19,75.0,1.7037037037037037,1.0,b2dc08f8e57ea70d6a36372de7ecf55973b2df31ba21790751114c469ae92677,03d9336d738313c29e42ee886423cfa38cf070a550b61ae611fb3fceea482aae,This test uses the supplied/current ticker universe and is not a survivorship-bias-free historical index-constituent study.
S221_20110830_20260828_e210057f2894,T1_63D,Ticker,INFY.NS,71,29,25,4,0,0,38,4,86.20689655172413,1.52,1.0,b2dc08f8e57ea70d6a36372de7ecf55973b2df31ba21790751114c469ae92677,03d9336d738313c29e42ee886423cfa38cf070a550b61ae611fb3fceea482aae,This test uses the supplied/current ticker universe and is not a survivorship-bias-free historical index-constituent study.
S221_20110830_20260828_e210057f2894,T1_63D,Ticker,ITC.NS,47,20,15,5,0,0,23,3,75.0,1.1333333333333333,1.0,b2dc08f8e57ea70d6a36372de7ecf55973b2df31ba21790751114c469ae92677,03d9336d738313c29e42ee886423cfa38cf070a550b61ae611fb3fceea482aae,This test uses the supplied/current ticker universe and is not a survivorship-bias-free historical index-constituent study.
S221_20110830_20260828_e210057f2894,T1_63D,Ticker,LT.NS,65,28,21,6,1,0,27,9,75.0,1.4285714285714286,1.0,b2dc08f8e57ea70d6a36372de7ecf55973b2df31ba21790751114c469ae92677,03d9336d738313c29e42ee886423cfa38cf070a550b61ae611fb3fceea482aae,This test uses the supplied/current ticker universe and is not a survivorship-bias-free historical index-constituent study.
S221_20110830_20260828_e210057f2894,T1_63D,Ticker,M&M.NS,57,24,18,5,1,0,27,6,75.0,1.6666666666666667,1.0,b2dc08f8e57ea70d6a36372de7ecf55973b2df31ba21790751114c469ae92677,03d9336d738313c29e42ee886423cfa38cf070a550b61ae611fb3fceea482aae,This test uses the supplied/current ticker universe and is not a survivorship-bias-free historical index-constituent study.
S221_20110830_20260828_e210057f2894,T1_63D,Ticker,MARUTI.NS,63,23,19,3,1,0,34,6,82.6086956521739,1.263157894736842,1.0,b2dc08f8e57ea70d6a36372de7ecf55973b2df31ba21790751114c469ae92677,03d9336d738313c29e42ee886423cfa38cf070a550b61ae611fb3fceea482aae,This test uses the supplied/current ticker universe and is not a survivorship-bias-free historical index-constituent study.
S221_20110830_20260828_e210057f2894,T1_63D,Ticker,SBIN.NS,64,28,22,3,3,0,34,2,78.57142857142857,1.3636363636363635,1.0,b2dc08f8e57ea70d6a36372de7ecf55973b2df31ba21790751114c469ae92677,03d9336d738313c29e42ee886423cfa38cf070a550b61ae611fb3fceea482aae,This test uses the supplied/current ticker universe and is not a survivorship-bias-free historical index-constituent study.
S221_20110830_20260828_e210057f2894,T1_63D,Ticker,SUNPHARMA.NS,56,21,14,7,0,0,27,7,66.66666666666666,1.2142857142857142,1.0,b2dc08f8e57ea70d6a36372de7ecf55973b2df31ba21790751114c469ae92677,03d9336d738313c29e42ee886423cfa38cf070a550b61ae611fb3fceea482aae,This test uses the supplied/current ticker universe and is not a survivorship-bias-free historical index-constituent study.
S221_20110830_20260828_e210057f2894,T1_63D,Ticker,TCS.NS,59,26,19,7,0,0,25,8,73.07692307692307,1.4210526315789473,1.0,b2dc08f8e57ea70d6a36372de7ecf55973b2df31ba21790751114c469ae92677,03d9336d738313c29e42ee886423cfa38cf070a550b61ae611fb3fceea482aae,This test uses the supplied/current ticker universe and is not a survivorship-bias-free historical index-constituent study.
S221_20110830_20260828_e210057f2894,T1_63D,Ticker,TITAN.NS,66,31,20,10,1,0,20,14,64.51612903225806,1.45,1.0,b2dc08f8e57ea70d6a36372de7ecf55973b2df31ba21790751114c469ae92677,03d9336d738313c29e42ee886423cfa38cf070a550b61ae611fb3fceea482aae,This test uses the supplied/current ticker universe and is not a survivorship-bias-free historical index-constituent study.
S221_20110830_20260828_e210057f2894,T1_63D,Ticker,TMPV.NS,29,14,7,5,2,0,10,5,50.0,1.8571428571428572,1.0,b2dc08f8e57ea70d6a36372de7ecf55973b2df31ba21790751114c469ae92677,03d9336d738313c29e42ee886423cfa38cf070a550b61ae611fb3fceea482aae,This test uses the supplied/current ticker universe and is not a survivorship-bias-free historical index-constituent study.
S221_20110830_20260828_e210057f2894,T1_63D,Ticker,WIPRO.NS,53,17,15,2,0,0,26,9,88.23529411764706,1.8,1.0,b2dc08f8e57ea70d6a36372de7ecf55973b2df31ba21790751114c469ae92677,03d9336d738313c29e42ee886423cfa38cf070a550b61ae611fb3fceea482aae,This test uses the supplied/current ticker universe and is not a survivorship-bias-free historical index-constituent study.
S221_20110830_20260828_e210057f2894,T2_10D,Ticker,AXISBANK.NS,67,29,25,3,1,0,32,6,86.20689655172413,1.16,1.0,b2dc08f8e57ea70d6a36372de7ecf55973b2df31ba21790751114c469ae92677,03d9336d738313c29e42ee886423cfa38cf070a550b61ae611fb3fceea482aae,This test uses the supplied/current ticker universe and is not a survivorship-bias-free historical index-constituent study.
S221_20110830_20260828_e210057f2894,T2_10D,Ticker,BEL.NS,31,14,10,4,0,0,9,7,71.42857142857143,1.9,1.0,b2dc08f8e57ea70d6a36372de7ecf55973b2df31ba21790751114c469ae92677,03d9336d738313c29e42ee886423cfa38cf070a550b61ae611fb3fceea482aae,This test uses the supplied/current ticker universe and is not a survivorship-bias-free historical index-constituent study.
S221_20110830_20260828_e210057f2894,T2_10D,Ticker,CIPLA.NS,57,23,16,7,0,0,23,11,69.56521739130434,2.125,1.0,b2dc08f8e57ea70d6a36372de7ecf55973b2df31ba21790751114c469ae92677,03d9336d738313c29e42ee886423cfa38cf070a550b61ae611fb3fceea482aae,This test uses the supplied/current ticker universe and is not a survivorship-bias-free historical index-constituent study.
S221_20110830_20260828_e210057f2894,T2_10D,Ticker,HAL.NS,26,12,9,3,0,0,11,3,75.0,1.8888888888888888,1.0,b2dc08f8e57ea70d6a36372de7ecf55973b2df31ba21790751114c469ae92677,03d9336d738313c29e42ee886423cfa38cf070a550b61ae611fb3fceea482aae,This test uses the supplied/current ticker universe and is not a survivorship-bias-free historical index-constituent study.
S221_20110830_20260828_e210057f2894,T2_10D,Ticker,HCLTECH.NS,49,26,22,3,1,0,21,2,84.61538461538461,1.3181818181818181,1.0,b2dc08f8e57ea70d6a36372de7ecf55973b2df31ba21790751114c469ae92677,03d9336d738313c29e42ee886423cfa38cf070a550b61ae611fb3fceea482aae,This test uses the supplied/current ticker universe and is not a survivorship-bias-free historical index-constituent study.
S221_20110830_20260828_e210057f2894,T2_10D,Ticker,HDFCBANK.NS,67,31,21,9,1,0,25,11,67.74193548387096,1.380952380952381,1.0,b2dc08f8e57ea70d6a36372de7ecf55973b2df31ba21790751114c469ae92677,03d9336d738313c29e42ee886423cfa38cf070a550b61ae611fb3fceea482aae,This test uses the supplied/current ticker universe and is not a survivorship-bias-free historical index-constituent study.
S221_20110830_20260828_e210057f2894,T2_10D,Ticker,HINDUNILVR.NS,74,26,18,8,0,0,35,13,69.23076923076923,1.1111111111111112,1.0,b2dc08f8e57ea70d6a36372de7ecf55973b2df31ba21790751114c469ae92677,03d9336d738313c29e42ee886423cfa38cf070a550b61ae611fb3fceea482aae,This test uses the supplied/current ticker universe and is not a survivorship-bias-free historical index-constituent study.
S221_20110830_20260828_e210057f2894,T2_10D,Ticker,ICICIBANK.NS,87,39,29,10,0,0,29,19,74.35897435897436,1.6551724137931034,1.0,b2dc08f8e57ea70d6a36372de7ecf55973b2df31ba21790751114c469ae92677,03d9336d738313c29e42ee886423cfa38cf070a550b61ae611fb3fceea482aae,This test uses the supplied/current ticker universe and is not a survivorship-bias-free historical index-constituent study.
S221_20110830_20260828_e210057f2894,T2_10D,Ticker,INFY.NS,71,30,26,4,0,0,37,4,86.66666666666667,1.4230769230769231,1.0,b2dc08f8e57ea70d6a36372de7ecf55973b2df31ba21790751114c469ae92677,03d9336d738313c29e42ee886423cfa38cf070a550b61ae611fb3fceea482aae,This test uses the supplied/current ticker universe and is not a survivorship-bias-free historical index-constituent study.
S221_20110830_20260828_e210057f2894,T2_10D,Ticker,ITC.NS,47,23,17,6,0,0,18,5,73.91304347826086,1.1176470588235294,1.0,b2dc08f8e57ea70d6a36372de7ecf55973b2df31ba21790751114c469ae92677,03d9336d738313c29e42ee886423cfa38cf070a550b61ae611fb3fceea482aae,This test uses the supplied/current ticker universe and is not a survivorship-bias-free historical index-constituent study.
S221_20110830_20260828_e210057f2894,T2_10D,Ticker,LT.NS,65,28,21,7,0,0,27,9,75.0,1.3333333333333333,1.0,b2dc08f8e57ea70d6a36372de7ecf55973b2df31ba21790751114c469ae92677,03d9336d738313c29e42ee886423cfa38cf070a550b61ae611fb3fceea482aae,This test uses the supplied/current ticker universe and is not a survivorship-bias-free historical index-constituent study.
S221_20110830_20260828_e210057f2894,T2_10D,Ticker,M&M.NS,57,25,19,5,1,0,25,7,76.0,1.5263157894736843,1.0,b2dc08f8e57ea70d6a36372de7ecf55973b2df31ba21790751114c469ae92677,03d9336d738313c29e42ee886423cfa38cf070a550b61ae611fb3fceea482aae,This test uses the supplied/current ticker universe and is not a survivorship-bias-free historical index-constituent study.
S221_20110830_20260828_e210057f2894,T2_10D,Ticker,MARUTI.NS,63,24,21,3,0,0,32,7,87.5,1.4285714285714286,1.0,b2dc08f8e57ea70d6a36372de7ecf55973b2df31ba21790751114c469ae92677,03d9336d738313c29e42ee886423cfa38cf070a550b61ae611fb3fceea482aae,This test uses the supplied/current ticker universe and is not a survivorship-bias-free historical index-constituent study.
S221_20110830_20260828_e210057f2894,T2_10D,Ticker,SBIN.NS,64,28,22,3,3,0,34,2,78.57142857142857,1.3636363636363635,1.0,b2dc08f8e57ea70d6a36372de7ecf55973b2df31ba21790751114c469ae92677,03d9336d738313c29e42ee886423cfa38cf070a550b61ae611fb3fceea482aae,This test uses the supplied/current ticker universe and is not a survivorship-bias-free historical index-constituent study.
S221_20110830_20260828_e210057f2894,T2_10D,Ticker,SUNPHARMA.NS,56,21,14,7,0,0,27,7,66.66666666666666,1.2142857142857142,1.0,b2dc08f8e57ea70d6a36372de7ecf55973b2df31ba21790751114c469ae92677,03d9336d738313c29e42ee886423cfa38cf070a550b61ae611fb3fceea482aae,This test uses the supplied/current ticker universe and is not a survivorship-bias-free historical index-constituent study.
S221_20110830_20260828_e210057f2894,T2_10D,Ticker,TCS.NS,59,25,18,7,0,0,27,7,72.0,1.3888888888888888,1.0,b2dc08f8e57ea70d6a36372de7ecf55973b2df31ba21790751114c469ae92677,03d9336d738313c29e42ee886423cfa38cf070a550b61ae611fb3fceea482aae,This test uses the supplied/current ticker universe and is not a survivorship-bias-free historical index-constituent study.
S221_20110830_20260828_e210057f2894,T2_10D,Ticker,TITAN.NS,66,31,22,9,0,0,21,13,70.96774193548387,1.5,1.0,b2dc08f8e57ea70d6a36372de7ecf55973b2df31ba21790751114c469ae92677,03d9336d738313c29e42ee886423cfa38cf070a550b61ae611fb3fceea482aae,This test uses the supplied/current ticker universe and is not a survivorship-bias-free historical index-constituent study.
S221_20110830_20260828_e210057f2894,T2_10D,Ticker,TMPV.NS,29,11,8,3,0,0,15,3,72.72727272727273,1.75,1.0,b2dc08f8e57ea70d6a36372de7ecf55973b2df31ba21790751114c469ae92677,03d9336d738313c29e42ee886423cfa38cf070a550b61ae611fb3fceea482aae,This test uses the supplied/current ticker universe and is not a survivorship-bias-free historical index-constituent study.
S221_20110830_20260828_e210057f2894,T2_10D,Ticker,WIPRO.NS,53,19,16,2,1,0,24,9,84.21052631578947,1.75,1.0,b2dc08f8e57ea70d6a36372de7ecf55973b2df31ba21790751114c469ae92677,03d9336d738313c29e42ee886423cfa38cf070a550b61ae611fb3fceea482aae,This test uses the supplied/current ticker universe and is not a survivorship-bias-free historical index-constituent study.
S221_20110830_20260828_e210057f2894,T2_20D,Ticker,AXISBANK.NS,67,28,24,3,1,0,33,6,85.71428571428571,1.1666666666666667,1.0,b2dc08f8e57ea70d6a36372de7ecf55973b2df31ba21790751114c469ae92677,03d9336d738313c29e42ee886423cfa38cf070a550b61ae611fb3fceea482aae,This test uses the supplied/current ticker universe and is not a survivorship-bias-free historical index-constituent study.
S221_20110830_20260828_e210057f2894,T2_20D,Ticker,BEL.NS,31,13,9,4,0,0,10,7,69.23076923076923,2.0,1.0,b2dc08f8e57ea70d6a36372de7ecf55973b2df31ba21790751114c469ae92677,03d9336d738313c29e42ee886423cfa38cf070a550b61ae611fb3fceea482aae,This test uses the supplied/current ticker universe and is not a survivorship-bias-free historical index-constituent study.
S221_20110830_20260828_e210057f2894,T2_20D,Ticker,CIPLA.NS,57,22,16,6,0,0,24,11,72.72727272727273,2.125,1.0,b2dc08f8e57ea70d6a36372de7ecf55973b2df31ba21790751114c469ae92677,03d9336d738313c29e42ee886423cfa38cf070a550b61ae611fb3fceea482aae,This test uses the supplied/current ticker universe and is not a survivorship-bias-free historical index-constituent study.
S221_20110830_20260828_e210057f2894,T2_20D,Ticker,HAL.NS,26,12,9,3,0,0,11,3,75.0,1.8888888888888888,1.0,b2dc08f8e57ea70d6a36372de7ecf55973b2df31ba21790751114c469ae92677,03d9336d738313c29e42ee886423cfa38cf070a550b61ae611fb3fceea482aae,This test uses the supplied/current ticker universe and is not a survivorship-bias-free historical index-constituent study.
S221_20110830_20260828_e210057f2894,T2_20D,Ticker,HCLTECH.NS,49,25,21,3,1,0,22,2,84.0,1.3333333333333333,1.0,b2dc08f8e57ea70d6a36372de7ecf55973b2df31ba21790751114c469ae92677,03d9336d738313c29e42ee886423cfa38cf070a550b61ae611fb3fceea482aae,This test uses the supplied/current ticker universe and is not a survivorship-bias-free historical index-constituent study.
S221_20110830_20260828_e210057f2894,T2_20D,Ticker,HDFCBANK.NS,67,30,21,8,1,0,28,9,70.0,1.380952380952381,1.0,b2dc08f8e57ea70d6a36372de7ecf55973b2df31ba21790751114c469ae92677,03d9336d738313c29e42ee886423cfa38cf070a550b61ae611fb3fceea482aae,This test uses the supplied/current ticker universe and is not a survivorship-bias-free historical index-constituent study.
S221_20110830_20260828_e210057f2894,T2_20D,Ticker,HINDUNILVR.NS,74,23,16,7,0,0,39,12,69.56521739130434,1.125,1.0,b2dc08f8e57ea70d6a36372de7ecf55973b2df31ba21790751114c469ae92677,03d9336d738313c29e42ee886423cfa38cf070a550b61ae611fb3fceea482aae,This test uses the supplied/current ticker universe and is not a survivorship-bias-free historical index-constituent study.
S221_20110830_20260828_e210057f2894,T2_20D,Ticker,ICICIBANK.NS,87,36,28,8,0,0,32,19,77.77777777777779,1.6785714285714286,1.0,b2dc08f8e57ea70d6a36372de7ecf55973b2df31ba21790751114c469ae92677,03d9336d738313c29e42ee886423cfa38cf070a550b61ae611fb3fceea482aae,This test uses the supplied/current ticker universe and is not a survivorship-bias-free historical index-constituent study.
S221_20110830_20260828_e210057f2894,T2_20D,Ticker,INFY.NS,71,28,24,4,0,0,39,4,85.71428571428571,1.4583333333333333,1.0,b2dc08f8e57ea70d6a36372de7ecf55973b2df31ba21790751114c469ae92677,03d9336d738313c29e42ee886423cfa38cf070a550b61ae611fb3fceea482aae,This test uses the supplied/current ticker universe and is not a survivorship-bias-free historical index-constituent study.
S221_20110830_20260828_e210057f2894,T2_20D,Ticker,ITC.NS,47,21,16,5,0,0,19,6,76.19047619047619,1.1875,1.0,b2dc08f8e57ea70d6a36372de7ecf55973b2df31ba21790751114c469ae92677,03d9336d738313c29e42ee886423cfa38cf070a550b61ae611fb3fceea482aae,This test uses the supplied/current ticker universe and is not a survivorship-bias-free historical index-constituent study.
S221_20110830_20260828_e210057f2894,T2_20D,Ticker,LT.NS,65,28,21,6,1,0,27,9,75.0,1.4285714285714286,1.0,b2dc08f8e57ea70d6a36372de7ecf55973b2df31ba21790751114c469ae92677,03d9336d738313c29e42ee886423cfa38cf070a550b61ae611fb3fceea482aae,This test uses the supplied/current ticker universe and is not a survivorship-bias-free historical index-constituent study.
S221_20110830_20260828_e210057f2894,T2_20D,Ticker,M&M.NS,57,23,17,5,1,0,28,6,73.91304347826086,1.7058823529411764,1.0,b2dc08f8e57ea70d6a36372de7ecf55973b2df31ba21790751114c469ae92677,03d9336d738313c29e42ee886423cfa38cf070a550b61ae611fb3fceea482aae,This test uses the supplied/current ticker universe and is not a survivorship-bias-free historical index-constituent study.
S221_20110830_20260828_e210057f2894,T2_20D,Ticker,MARUTI.NS,63,21,18,3,0,0,36,6,85.71428571428571,1.1666666666666667,1.0,b2dc08f8e57ea70d6a36372de7ecf55973b2df31ba21790751114c469ae92677,03d9336d738313c29e42ee886423cfa38cf070a550b61ae611fb3fceea482aae,This test uses the supplied/current ticker universe and is not a survivorship-bias-free historical index-constituent study.
S221_20110830_20260828_e210057f2894,T2_20D,Ticker,SBIN.NS,64,25,22,3,0,0,38,1,88.0,1.4090909090909092,1.0,b2dc08f8e57ea70d6a36372de7ecf55973b2df31ba21790751114c469ae92677,03d9336d738313c29e42ee886423cfa38cf070a550b61ae611fb3fceea482aae,This test uses the supplied/current ticker universe and is not a survivorship-bias-free historical index-constituent study.
S221_20110830_20260828_e210057f2894,T2_20D,Ticker,SUNPHARMA.NS,56,21,14,7,0,0,27,7,66.66666666666666,1.2142857142857142,1.0,b2dc08f8e57ea70d6a36372de7ecf55973b2df31ba21790751114c469ae92677,03d9336d738313c29e42ee886423cfa38cf070a550b61ae611fb3fceea482aae,This test uses the supplied/current ticker universe and is not a survivorship-bias-free historical index-constituent study.
S221_20110830_20260828_e210057f2894,T2_20D,Ticker,TCS.NS,59,25,18,7,0,0,27,7,72.0,1.3888888888888888,1.0,b2dc08f8e57ea70d6a36372de7ecf55973b2df31ba21790751114c469ae92677,03d9336d738313c29e42ee886423cfa38cf070a550b61ae611fb3fceea482aae,This test uses the supplied/current ticker universe and is not a survivorship-bias-free historical index-constituent study.
S221_20110830_20260828_e210057f2894,T2_20D,Ticker,TITAN.NS,66,30,19,10,1,0,21,14,63.33333333333333,1.4736842105263157,1.0,b2dc08f8e57ea70d6a36372de7ecf55973b2df31ba21790751114c469ae92677,03d9336d738313c29e42ee886423cfa38cf070a550b61ae611fb3fceea482aae,This test uses the supplied/current ticker universe and is not a survivorship-bias-free historical index-constituent study.
S221_20110830_20260828_e210057f2894,T2_20D,Ticker,TMPV.NS,29,12,8,3,1,0,13,4,66.66666666666666,1.875,1.5,b2dc08f8e57ea70d6a36372de7ecf55973b2df31ba21790751114c469ae92677,03d9336d738313c29e42ee886423cfa38cf070a550b61ae611fb3fceea482aae,This test uses the supplied/current ticker universe and is not a survivorship-bias-free historical index-constituent study.
S221_20110830_20260828_e210057f2894,T2_20D,Ticker,WIPRO.NS,53,18,15,2,1,0,25,9,83.33333333333334,1.8,1.0,b2dc08f8e57ea70d6a36372de7ecf55973b2df31ba21790751114c469ae92677,03d9336d738313c29e42ee886423cfa38cf070a550b61ae611fb3fceea482aae,This test uses the supplied/current ticker universe and is not a survivorship-bias-free historical index-constituent study.
S221_20110830_20260828_e210057f2894,T2_30D,Ticker,AXISBANK.NS,67,30,22,3,5,0,31,6,73.33333333333333,1.1363636363636365,1.0,b2dc08f8e57ea70d6a36372de7ecf55973b2df31ba21790751114c469ae92677,03d9336d738313c29e42ee886423cfa38cf070a550b61ae611fb3fceea482aae,This test uses the supplied/current ticker universe and is not a survivorship-bias-free historical index-constituent study.
S221_20110830_20260828_e210057f2894,T2_30D,Ticker,BEL.NS,31,13,9,4,0,0,10,7,69.23076923076923,2.0,1.0,b2dc08f8e57ea70d6a36372de7ecf55973b2df31ba21790751114c469ae92677,03d9336d738313c29e42ee886423cfa38cf070a550b61ae611fb3fceea482aae,This test uses the supplied/current ticker universe and is not a survivorship-bias-free historical index-constituent study.
S221_20110830_20260828_e210057f2894,T2_30D,Ticker,CIPLA.NS,57,22,16,6,0,0,24,11,72.72727272727273,2.125,1.0,b2dc08f8e57ea70d6a36372de7ecf55973b2df31ba21790751114c469ae92677,03d9336d738313c29e42ee886423cfa38cf070a550b61ae611fb3fceea482aae,This test uses the supplied/current ticker universe and is not a survivorship-bias-free historical index-constituent study.
S221_20110830_20260828_e210057f2894,T2_30D,Ticker,HAL.NS,26,12,9,3,0,0,11,3,75.0,1.8888888888888888,1.0,b2dc08f8e57ea70d6a36372de7ecf55973b2df31ba21790751114c469ae92677,03d9336d738313c29e42ee886423cfa38cf070a550b61ae611fb3fceea482aae,This test uses the supplied/current ticker universe and is not a survivorship-bias-free historical index-constituent study.
S221_20110830_20260828_e210057f2894,T2_30D,Ticker,HCLTECH.NS,49,24,20,3,1,0,23,2,83.33333333333334,1.35,1.0,b2dc08f8e57ea70d6a36372de7ecf55973b2df31ba21790751114c469ae92677,03d9336d738313c29e42ee886423cfa38cf070a550b61ae611fb3fceea482aae,This test uses the supplied/current ticker universe and is not a survivorship-bias-free historical index-constituent study.
S221_20110830_20260828_e210057f2894,T2_30D,Ticker,HDFCBANK.NS,67,30,21,8,1,0,28,9,70.0,1.380952380952381,1.0,b2dc08f8e57ea70d6a36372de7ecf55973b2df31ba21790751114c469ae92677,03d9336d738313c29e42ee886423cfa38cf070a550b61ae611fb3fceea482aae,This test uses the supplied/current ticker universe and is not a survivorship-bias-free historical index-constituent study.
S221_20110830_20260828_e210057f2894,T2_30D,Ticker,HINDUNILVR.NS,74,22,16,6,0,0,43,9,72.72727272727273,1.125,1.0,b2dc08f8e57ea70d6a36372de7ecf55973b2df31ba21790751114c469ae92677,03d9336d738313c29e42ee886423cfa38cf070a550b61ae611fb3fceea482aae,This test uses the supplied/current ticker universe and is not a survivorship-bias-free historical index-constituent study.
S221_20110830_20260828_e210057f2894,T2_30D,Ticker,ICICIBANK.NS,87,35,27,8,0,0,33,19,77.14285714285715,1.7037037037037037,1.0,b2dc08f8e57ea70d6a36372de7ecf55973b2df31ba21790751114c469ae92677,03d9336d738313c29e42ee886423cfa38cf070a550b61ae611fb3fceea482aae,This test uses the supplied/current ticker universe and is not a survivorship-bias-free historical index-constituent study.
S221_20110830_20260828_e210057f2894,T2_30D,Ticker,INFY.NS,71,27,23,4,0,0,40,4,85.18518518518519,1.4782608695652173,1.0,b2dc08f8e57ea70d6a36372de7ecf55973b2df31ba21790751114c469ae92677,03d9336d738313c29e42ee886423cfa38cf070a550b61ae611fb3fceea482aae,This test uses the supplied/current ticker universe and is not a survivorship-bias-free historical index-constituent study.
S221_20110830_20260828_e210057f2894,T2_30D,Ticker,ITC.NS,47,19,15,4,0,0,24,3,78.94736842105263,1.1333333333333333,1.0,b2dc08f8e57ea70d6a36372de7ecf55973b2df31ba21790751114c469ae92677,03d9336d738313c29e42ee886423cfa38cf070a550b61ae611fb3fceea482aae,This test uses the supplied/current ticker universe and is not a survivorship-bias-free historical index-constituent study.
S221_20110830_20260828_e210057f2894,T2_30D,Ticker,LT.NS,65,28,21,6,1,0,27,9,75.0,1.4285714285714286,1.0,b2dc08f8e57ea70d6a36372de7ecf55973b2df31ba21790751114c469ae92677,03d9336d738313c29e42ee886423cfa38cf070a550b61ae611fb3fceea482aae,This test uses the supplied/current ticker universe and is not a survivorship-bias-free historical index-constituent study.
S221_20110830_20260828_e210057f2894,T2_30D,Ticker,M&M.NS,57,23,17,5,1,0,28,6,73.91304347826086,1.7058823529411764,1.0,b2dc08f8e57ea70d6a36372de7ecf55973b2df31ba21790751114c469ae92677,03d9336d738313c29e42ee886423cfa38cf070a550b61ae611fb3fceea482aae,This test uses the supplied/current ticker universe and is not a survivorship-bias-free historical index-constituent study.
S221_20110830_20260828_e210057f2894,T2_30D,Ticker,MARUTI.NS,63,24,18,3,3,0,33,6,75.0,1.1666666666666667,1.0,b2dc08f8e57ea70d6a36372de7ecf55973b2df31ba21790751114c469ae92677,03d9336d738313c29e42ee886423cfa38cf070a550b61ae611fb3fceea482aae,This test uses the supplied/current ticker universe and is not a survivorship-bias-free historical index-constituent study.
S221_20110830_20260828_e210057f2894,T2_30D,Ticker,SBIN.NS,64,27,21,3,3,0,35,2,77.77777777777779,1.380952380952381,1.0,b2dc08f8e57ea70d6a36372de7ecf55973b2df31ba21790751114c469ae92677,03d9336d738313c29e42ee886423cfa38cf070a550b61ae611fb3fceea482aae,This test uses the supplied/current ticker universe and is not a survivorship-bias-free historical index-constituent study.
S221_20110830_20260828_e210057f2894,T2_30D,Ticker,SUNPHARMA.NS,56,21,14,7,0,0,27,7,66.66666666666666,1.2142857142857142,1.0,b2dc08f8e57ea70d6a36372de7ecf55973b2df31ba21790751114c469ae92677,03d9336d738313c29e42ee886423cfa38cf070a550b61ae611fb3fceea482aae,This test uses the supplied/current ticker universe and is not a survivorship-bias-free historical index-constituent study.
S221_20110830_20260828_e210057f2894,T2_30D,Ticker,TCS.NS,59,25,18,7,0,0,27,7,72.0,1.3888888888888888,1.0,b2dc08f8e57ea70d6a36372de7ecf55973b2df31ba21790751114c469ae92677,03d9336d738313c29e42ee886423cfa38cf070a550b61ae611fb3fceea482aae,This test uses the supplied/current ticker universe and is not a survivorship-bias-free historical index-constituent study.
S221_20110830_20260828_e210057f2894,T2_30D,Ticker,TITAN.NS,66,30,19,10,1,0,21,14,63.33333333333333,1.4736842105263157,1.0,b2dc08f8e57ea70d6a36372de7ecf55973b2df31ba21790751114c469ae92677,03d9336d738313c29e42ee886423cfa38cf070a550b61ae611fb3fceea482aae,This test uses the supplied/current ticker universe and is not a survivorship-bias-free historical index-constituent study.
S221_20110830_20260828_e210057f2894,T2_30D,Ticker,TMPV.NS,29,14,7,5,2,0,10,5,50.0,1.8571428571428572,1.0,b2dc08f8e57ea70d6a36372de7ecf55973b2df31ba21790751114c469ae92677,03d9336d738313c29e42ee886423cfa38cf070a550b61ae611fb3fceea482aae,This test uses the supplied/current ticker universe and is not a survivorship-bias-free historical index-constituent study.
S221_20110830_20260828_e210057f2894,T2_30D,Ticker,WIPRO.NS,53,18,15,2,1,0,25,9,83.33333333333334,1.8,1.0,b2dc08f8e57ea70d6a36372de7ecf55973b2df31ba21790751114c469ae92677,03d9336d738313c29e42ee886423cfa38cf070a550b61ae611fb3fceea482aae,This test uses the supplied/current ticker universe and is not a survivorship-bias-free historical index-constituent study.
S221_20110830_20260828_e210057f2894,T2_45D,Ticker,AXISBANK.NS,67,30,22,3,5,0,31,6,73.33333333333333,1.1363636363636365,1.0,b2dc08f8e57ea70d6a36372de7ecf55973b2df31ba21790751114c469ae92677,03d9336d738313c29e42ee886423cfa38cf070a550b61ae611fb3fceea482aae,This test uses the supplied/current ticker universe and is not a survivorship-bias-free historical index-constituent study.
S221_20110830_20260828_e210057f2894,T2_45D,Ticker,BEL.NS,31,13,9,4,0,0,10,7,69.23076923076923,2.0,1.0,b2dc08f8e57ea70d6a36372de7ecf55973b2df31ba21790751114c469ae92677,03d9336d738313c29e42ee886423cfa38cf070a550b61ae611fb3fceea482aae,This test uses the supplied/current ticker universe and is not a survivorship-bias-free historical index-constituent study.
S221_20110830_20260828_e210057f2894,T2_45D,Ticker,CIPLA.NS,57,22,16,6,0,0,24,11,72.72727272727273,2.125,1.0,b2dc08f8e57ea70d6a36372de7ecf55973b2df31ba21790751114c469ae92677,03d9336d738313c29e42ee886423cfa38cf070a550b61ae611fb3fceea482aae,This test uses the supplied/current ticker universe and is not a survivorship-bias-free historical index-constituent study.
S221_20110830_20260828_e210057f2894,T2_45D,Ticker,HAL.NS,26,12,9,3,0,0,11,3,75.0,1.8888888888888888,1.0,b2dc08f8e57ea70d6a36372de7ecf55973b2df31ba21790751114c469ae92677,03d9336d738313c29e42ee886423cfa38cf070a550b61ae611fb3fceea482aae,This test uses the supplied/current ticker universe and is not a survivorship-bias-free historical index-constituent study.
S221_20110830_20260828_e210057f2894,T2_45D,Ticker,HCLTECH.NS,49,24,20,3,1,0,23,2,83.33333333333334,1.35,1.0,b2dc08f8e57ea70d6a36372de7ecf55973b2df31ba21790751114c469ae92677,03d9336d738313c29e42ee886423cfa38cf070a550b61ae611fb3fceea482aae,This test uses the supplied/current ticker universe and is not a survivorship-bias-free historical index-constituent study.
S221_20110830_20260828_e210057f2894,T2_45D,Ticker,HDFCBANK.NS,67,29,21,7,1,0,29,9,72.41379310344827,1.380952380952381,1.0,b2dc08f8e57ea70d6a36372de7ecf55973b2df31ba21790751114c469ae92677,03d9336d738313c29e42ee886423cfa38cf070a550b61ae611fb3fceea482aae,This test uses the supplied/current ticker universe and is not a survivorship-bias-free historical index-constituent study.
S221_20110830_20260828_e210057f2894,T2_45D,Ticker,HINDUNILVR.NS,74,21,15,6,0,0,44,9,71.42857142857143,1.1333333333333333,1.0,b2dc08f8e57ea70d6a36372de7ecf55973b2df31ba21790751114c469ae92677,03d9336d738313c29e42ee886423cfa38cf070a550b61ae611fb3fceea482aae,This test uses the supplied/current ticker universe and is not a survivorship-bias-free historical index-constituent study.
S221_20110830_20260828_e210057f2894,T2_45D,Ticker,ICICIBANK.NS,87,35,27,8,0,0,33,19,77.14285714285715,1.7037037037037037,1.0,b2dc08f8e57ea70d6a36372de7ecf55973b2df31ba21790751114c469ae92677,03d9336d738313c29e42ee886423cfa38cf070a550b61ae611fb3fceea482aae,This test uses the supplied/current ticker universe and is not a survivorship-bias-free historical index-constituent study.
S221_20110830_20260828_e210057f2894,T2_45D,Ticker,INFY.NS,71,26,22,4,0,0,41,4,84.61538461538461,1.5,1.0,b2dc08f8e57ea70d6a36372de7ecf55973b2df31ba21790751114c469ae92677,03d9336d738313c29e42ee886423cfa38cf070a550b61ae611fb3fceea482aae,This test uses the supplied/current ticker universe and is not a survivorship-bias-free historical index-constituent study.
S221_20110830_20260828_e210057f2894,T2_45D,Ticker,ITC.NS,47,17,13,4,0,0,26,3,76.47058823529412,1.1538461538461537,1.0,b2dc08f8e57ea70d6a36372de7ecf55973b2df31ba21790751114c469ae92677,03d9336d738313c29e42ee886423cfa38cf070a550b61ae611fb3fceea482aae,This test uses the supplied/current ticker universe and is not a survivorship-bias-free historical index-constituent study.
S221_20110830_20260828_e210057f2894,T2_45D,Ticker,LT.NS,65,28,20,6,2,0,27,9,71.42857142857143,1.35,1.0,b2dc08f8e57ea70d6a36372de7ecf55973b2df31ba21790751114c469ae92677,03d9336d738313c29e42ee886423cfa38cf070a550b61ae611fb3fceea482aae,This test uses the supplied/current ticker universe and is not a survivorship-bias-free historical index-constituent study.
S221_20110830_20260828_e210057f2894,T2_45D,Ticker,M&M.NS,57,23,17,5,1,0,28,6,73.91304347826086,1.7058823529411764,1.0,b2dc08f8e57ea70d6a36372de7ecf55973b2df31ba21790751114c469ae92677,03d9336d738313c29e42ee886423cfa38cf070a550b61ae611fb3fceea482aae,This test uses the supplied/current ticker universe and is not a survivorship-bias-free historical index-constituent study.
S221_20110830_20260828_e210057f2894,T2_45D,Ticker,MARUTI.NS,63,24,18,3,3,0,33,6,75.0,1.1666666666666667,1.0,b2dc08f8e57ea70d6a36372de7ecf55973b2df31ba21790751114c469ae92677,03d9336d738313c29e42ee886423cfa38cf070a550b61ae611fb3fceea482aae,This test uses the supplied/current ticker universe and is not a survivorship-bias-free historical index-constituent study.
S221_20110830_20260828_e210057f2894,T2_45D,Ticker,SBIN.NS,64,27,21,3,3,0,35,2,77.77777777777779,1.380952380952381,1.0,b2dc08f8e57ea70d6a36372de7ecf55973b2df31ba21790751114c469ae92677,03d9336d738313c29e42ee886423cfa38cf070a550b61ae611fb3fceea482aae,This test uses the supplied/current ticker universe and is not a survivorship-bias-free historical index-constituent study.
S221_20110830_20260828_e210057f2894,T2_45D,Ticker,SUNPHARMA.NS,56,21,14,7,0,0,27,7,66.66666666666666,1.2142857142857142,1.0,b2dc08f8e57ea70d6a36372de7ecf55973b2df31ba21790751114c469ae92677,03d9336d738313c29e42ee886423cfa38cf070a550b61ae611fb3fceea482aae,This test uses the supplied/current ticker universe and is not a survivorship-bias-free historical index-constituent study.
S221_20110830_20260828_e210057f2894,T2_45D,Ticker,TCS.NS,59,25,18,7,0,0,27,7,72.0,1.3888888888888888,1.0,b2dc08f8e57ea70d6a36372de7ecf55973b2df31ba21790751114c469ae92677,03d9336d738313c29e42ee886423cfa38cf070a550b61ae611fb3fceea482aae,This test uses the supplied/current ticker universe and is not a survivorship-bias-free historical index-constituent study.
S221_20110830_20260828_e210057f2894,T2_45D,Ticker,TITAN.NS,66,30,19,10,1,0,21,14,63.33333333333333,1.4736842105263157,1.0,b2dc08f8e57ea70d6a36372de7ecf55973b2df31ba21790751114c469ae92677,03d9336d738313c29e42ee886423cfa38cf070a550b61ae611fb3fceea482aae,This test uses the supplied/current ticker universe and is not a survivorship-bias-free historical index-constituent study.
S221_20110830_20260828_e210057f2894,T2_45D,Ticker,TMPV.NS,29,15,7,5,3,0,9,5,46.666666666666664,1.8571428571428572,1.0,b2dc08f8e57ea70d6a36372de7ecf55973b2df31ba21790751114c469ae92677,03d9336d738313c29e42ee886423cfa38cf070a550b61ae611fb3fceea482aae,This test uses the supplied/current ticker universe and is not a survivorship-bias-free historical index-constituent study.
S221_20110830_20260828_e210057f2894,T2_45D,Ticker,WIPRO.NS,53,17,15,2,0,0,26,9,88.23529411764706,1.8,1.0,b2dc08f8e57ea70d6a36372de7ecf55973b2df31ba21790751114c469ae92677,03d9336d738313c29e42ee886423cfa38cf070a550b61ae611fb3fceea482aae,This test uses the supplied/current ticker universe and is not a survivorship-bias-free historical index-constituent study.
S221_20110830_20260828_e210057f2894,T2_63D,Ticker,AXISBANK.NS,67,30,22,3,5,0,31,6,73.33333333333333,1.1363636363636365,1.0,b2dc08f8e57ea70d6a36372de7ecf55973b2df31ba21790751114c469ae92677,03d9336d738313c29e42ee886423cfa38cf070a550b61ae611fb3fceea482aae,This test uses the supplied/current ticker universe and is not a survivorship-bias-free historical index-constituent study.
S221_20110830_20260828_e210057f2894,T2_63D,Ticker,BEL.NS,31,13,9,4,0,0,10,7,69.23076923076923,2.0,1.0,b2dc08f8e57ea70d6a36372de7ecf55973b2df31ba21790751114c469ae92677,03d9336d738313c29e42ee886423cfa38cf070a550b61ae611fb3fceea482aae,This test uses the supplied/current ticker universe and is not a survivorship-bias-free historical index-constituent study.
S221_20110830_20260828_e210057f2894,T2_63D,Ticker,CIPLA.NS,57,22,16,6,0,0,24,11,72.72727272727273,2.125,1.0,b2dc08f8e57ea70d6a36372de7ecf55973b2df31ba21790751114c469ae92677,03d9336d738313c29e42ee886423cfa38cf070a550b61ae611fb3fceea482aae,This test uses the supplied/current ticker universe and is not a survivorship-bias-free historical index-constituent study.
S221_20110830_20260828_e210057f2894,T2_63D,Ticker,HAL.NS,26,12,9,3,0,0,11,3,75.0,1.8888888888888888,1.0,b2dc08f8e57ea70d6a36372de7ecf55973b2df31ba21790751114c469ae92677,03d9336d738313c29e42ee886423cfa38cf070a550b61ae611fb3fceea482aae,This test uses the supplied/current ticker universe and is not a survivorship-bias-free historical index-constituent study.
S221_20110830_20260828_e210057f2894,T2_63D,Ticker,HCLTECH.NS,49,24,20,3,1,0,23,2,83.33333333333334,1.35,1.0,b2dc08f8e57ea70d6a36372de7ecf55973b2df31ba21790751114c469ae92677,03d9336d738313c29e42ee886423cfa38cf070a550b61ae611fb3fceea482aae,This test uses the supplied/current ticker universe and is not a survivorship-bias-free historical index-constituent study.
S221_20110830_20260828_e210057f2894,T2_63D,Ticker,HDFCBANK.NS,67,27,19,7,1,0,31,9,70.37037037037037,1.4210526315789473,1.0,b2dc08f8e57ea70d6a36372de7ecf55973b2df31ba21790751114c469ae92677,03d9336d738313c29e42ee886423cfa38cf070a550b61ae611fb3fceea482aae,This test uses the supplied/current ticker universe and is not a survivorship-bias-free historical index-constituent study.
S221_20110830_20260828_e210057f2894,T2_63D,Ticker,HINDUNILVR.NS,74,21,15,6,0,0,44,9,71.42857142857143,1.1333333333333333,1.0,b2dc08f8e57ea70d6a36372de7ecf55973b2df31ba21790751114c469ae92677,03d9336d738313c29e42ee886423cfa38cf070a550b61ae611fb3fceea482aae,This test uses the supplied/current ticker universe and is not a survivorship-bias-free historical index-constituent study.
S221_20110830_20260828_e210057f2894,T2_63D,Ticker,ICICIBANK.NS,87,35,27,8,0,0,33,19,77.14285714285715,1.7037037037037037,1.0,b2dc08f8e57ea70d6a36372de7ecf55973b2df31ba21790751114c469ae92677,03d9336d738313c29e42ee886423cfa38cf070a550b61ae611fb3fceea482aae,This test uses the supplied/current ticker universe and is not a survivorship-bias-free historical index-constituent study.
S221_20110830_20260828_e210057f2894,T2_63D,Ticker,INFY.NS,71,26,22,4,0,0,41,4,84.61538461538461,1.5,1.0,b2dc08f8e57ea70d6a36372de7ecf55973b2df31ba21790751114c469ae92677,03d9336d738313c29e42ee886423cfa38cf070a550b61ae611fb3fceea482aae,This test uses the supplied/current ticker universe and is not a survivorship-bias-free historical index-constituent study.
S221_20110830_20260828_e210057f2894,T2_63D,Ticker,ITC.NS,47,17,13,4,0,0,26,3,76.47058823529412,1.1538461538461537,1.0,b2dc08f8e57ea70d6a36372de7ecf55973b2df31ba21790751114c469ae92677,03d9336d738313c29e42ee886423cfa38cf070a550b61ae611fb3fceea482aae,This test uses the supplied/current ticker universe and is not a survivorship-bias-free historical index-constituent study.
S221_20110830_20260828_e210057f2894,T2_63D,Ticker,LT.NS,65,28,20,6,2,0,27,9,71.42857142857143,1.35,1.0,b2dc08f8e57ea70d6a36372de7ecf55973b2df31ba21790751114c469ae92677,03d9336d738313c29e42ee886423cfa38cf070a550b61ae611fb3fceea482aae,This test uses the supplied/current ticker universe and is not a survivorship-bias-free historical index-constituent study.
S221_20110830_20260828_e210057f2894,T2_63D,Ticker,M&M.NS,57,23,17,5,1,0,28,6,73.91304347826086,1.7058823529411764,1.0,b2dc08f8e57ea70d6a36372de7ecf55973b2df31ba21790751114c469ae92677,03d9336d738313c29e42ee886423cfa38cf070a550b61ae611fb3fceea482aae,This test uses the supplied/current ticker universe and is not a survivorship-bias-free historical index-constituent study.
S221_20110830_20260828_e210057f2894,T2_63D,Ticker,MARUTI.NS,63,24,18,3,3,0,33,6,75.0,1.1666666666666667,1.0,b2dc08f8e57ea70d6a36372de7ecf55973b2df31ba21790751114c469ae92677,03d9336d738313c29e42ee886423cfa38cf070a550b61ae611fb3fceea482aae,This test uses the supplied/current ticker universe and is not a survivorship-bias-free historical index-constituent study.
S221_20110830_20260828_e210057f2894,T2_63D,Ticker,SBIN.NS,64,27,21,3,3,0,35,2,77.77777777777779,1.380952380952381,1.0,b2dc08f8e57ea70d6a36372de7ecf55973b2df31ba21790751114c469ae92677,03d9336d738313c29e42ee886423cfa38cf070a550b61ae611fb3fceea482aae,This test uses the supplied/current ticker universe and is not a survivorship-bias-free historical index-constituent study.
S221_20110830_20260828_e210057f2894,T2_63D,Ticker,SUNPHARMA.NS,56,21,14,7,0,0,27,7,66.66666666666666,1.2142857142857142,1.0,b2dc08f8e57ea70d6a36372de7ecf55973b2df31ba21790751114c469ae92677,03d9336d738313c29e42ee886423cfa38cf070a550b61ae611fb3fceea482aae,This test uses the supplied/current ticker universe and is not a survivorship-bias-free historical index-constituent study.
S221_20110830_20260828_e210057f2894,T2_63D,Ticker,TCS.NS,59,25,18,7,0,0,27,7,72.0,1.3888888888888888,1.0,b2dc08f8e57ea70d6a36372de7ecf55973b2df31ba21790751114c469ae92677,03d9336d738313c29e42ee886423cfa38cf070a550b61ae611fb3fceea482aae,This test uses the supplied/current ticker universe and is not a survivorship-bias-free historical index-constituent study.
S221_20110830_20260828_e210057f2894,T2_63D,Ticker,TITAN.NS,66,30,19,10,1,0,21,14,63.33333333333333,1.4736842105263157,1.0,b2dc08f8e57ea70d6a36372de7ecf55973b2df31ba21790751114c469ae92677,03d9336d738313c29e42ee886423cfa38cf070a550b61ae611fb3fceea482aae,This test uses the supplied/current ticker universe and is not a survivorship-bias-free historical index-constituent study.
S221_20110830_20260828_e210057f2894,T2_63D,Ticker,TMPV.NS,29,14,7,5,2,0,10,5,50.0,1.8571428571428572,1.0,b2dc08f8e57ea70d6a36372de7ecf55973b2df31ba21790751114c469ae92677,03d9336d738313c29e42ee886423cfa38cf070a550b61ae611fb3fceea482aae,This test uses the supplied/current ticker universe and is not a survivorship-bias-free historical index-constituent study.
S221_20110830_20260828_e210057f2894,T2_63D,Ticker,WIPRO.NS,53,18,15,2,1,0,25,9,83.33333333333334,1.8,1.0,b2dc08f8e57ea70d6a36372de7ecf55973b2df31ba21790751114c469ae92677,03d9336d738313c29e42ee886423cfa38cf070a550b61ae611fb3fceea482aae,This test uses the supplied/current ticker universe and is not a survivorship-bias-free historical index-constituent study.
