Target,Model Variant,Feature Set,Cohort,Cohort Field,Models Refit for Cohort,Rows,Positive Count,Prevalence,ROC AUC,Average Precision,Brier Score,Brier Benchmark Score,Brier Skill Score vs Training Prior,Log Loss,Accuracy at 0.50,Precision at 0.50,Recall at 0.50,Specificity at 0.50,F1 at 0.50
ENTRY_FILLED,DUMMY_PRIOR,NONE,BEAR,Market Regime,False,426,339,0.795774647887,0.471925541654,0.786792786523,0.163152500425,0.163152500425,0,0.508010176157,0.795774647887,0.795774647887,1,0,0.886274509804
ENTRY_FILLED,DUMMY_PRIOR,NONE,BULL,Market Regime,False,1168,869,0.744006849315,0.542972162675,0.764069755716,0.190942936609,0.190942936609,0,0.570158624318,0.744006849315,0.744006849315,1,0,0.853215513009
ENTRY_FILLED,DUMMY_PRIOR,NONE,NEUTRAL,Market Regime,False,1329,1056,0.794582392777,0.524563977689,0.812689535439,0.163593207619,0.163593207619,0,0.508887191803,0.794582392777,0.794582392777,1,0,0.885534591195
ENTRY_FILLED,DUMMY_PRIOR,NONE,STRONG BEAR,Market Regime,False,214,156,0.728971962617,0.416500884173,0.69116781977,0.200787904785,0.200787904785,0,0.593292543119,0.728971962617,0.728971962617,1,0,0.843243243243
ENTRY_FILLED,DUMMY_PRIOR,NONE,STRONG BULL,Market Regime,False,6372,4740,0.743879472693,0.501198666439,0.743544807606,0.191594426878,0.191594426878,0,0.57196827152,0.743879472693,0.743879472693,1,0,0.85313174946
ENTRY_FILLED,LOGIT_FULL,FS3_FULL_SIGNAL_STATE,BEAR,Market Regime,False,426,339,0.795774647887,0.762587732682,0.901869620045,0.132757672048,0.163152500425,0.186297042935,0.430922127092,0.821596244131,0.834605597964,0.967551622419,0.252873563218,0.896174863388
ENTRY_FILLED,LOGIT_FULL,FS3_FULL_SIGNAL_STATE,BULL,Market Regime,False,1168,869,0.744006849315,0.772667618567,0.895205410082,0.152653399402,0.190942936609,0.200528691385,0.47245065136,0.784246575342,0.80156402737,0.943613348677,0.321070234114,0.866807610994
ENTRY_FILLED,LOGIT_FULL,FS3_FULL_SIGNAL_STATE,NEUTRAL,Market Regime,False,1329,1056,0.794582392777,0.745466339216,0.906441974827,0.139343930763,0.163593207619,0.148229117875,0.441721290329,0.808126410835,0.834028356964,0.94696969697,0.271062271062,0.886917960089
ENTRY_FILLED,LOGIT_FULL,FS3_FULL_SIGNAL_STATE,STRONG BEAR,Market Regime,False,214,156,0.728971962617,0.70767020336,0.845599748893,0.183351417818,0.200787904785,0.0868403252983,0.553936494327,0.724299065421,0.774011299435,0.878205128205,0.310344827586,0.822822822823
ENTRY_FILLED,LOGIT_FULL,FS3_FULL_SIGNAL_STATE,STRONG BULL,Market Regime,False,6372,4740,0.743879472693,0.756211735749,0.87667338612,0.156720737171,0.191594426878,0.182018288709,0.485951023723,0.776365348399,0.805755395683,0.921518987342,0.354779411765,0.859757897845
ENTRY_FILLED,LOGIT_RAW,FS2_RAW_SIGNAL_STATE,BEAR,Market Regime,False,426,339,0.795774647887,0.76401179941,0.904856664923,0.133925117195,0.163152500425,0.179141497397,0.432076570526,0.81455399061,0.835051546392,0.955752212389,0.264367816092,0.891334250344
ENTRY_FILLED,LOGIT_RAW,FS2_RAW_SIGNAL_STATE,BULL,Market Regime,False,1168,869,0.744006849315,0.774568854371,0.894229061708,0.151775205194,0.190942936609,0.205127940897,0.471045308581,0.78852739726,0.8037109375,0.947065592635,0.327759197324,0.869519281564
ENTRY_FILLED,LOGIT_RAW,FS2_RAW_SIGNAL_STATE,NEUTRAL,Market Regime,False,1329,1056,0.794582392777,0.748227466977,0.906584402121,0.138536044272,0.163593207619,0.153167504396,0.440096926576,0.812641083521,0.837656903766,0.947916666667,0.289377289377,0.889382496668
ENTRY_FILLED,LOGIT_RAW,FS2_RAW_SIGNAL_STATE,STRONG BEAR,Market Regime,False,214,156,0.728971962617,0.705459770115,0.858019147895,0.1849528723,0.200787904785,0.0788644739424,0.553979080494,0.714953271028,0.768361581921,0.871794871795,0.293103448276,0.816816816817
ENTRY_FILLED,LOGIT_RAW,FS2_RAW_SIGNAL_STATE,STRONG BULL,Market Regime,False,6372,4740,0.743879472693,0.755476700174,0.875570459565,0.157025810813,0.191594426878,0.180426000005,0.48692711316,0.774482109228,0.803975704031,0.921518987342,0.347426470588,0.858743733412
ENTRY_FILLED,LOGIT_RULE,FS1_RULE_SUMMARY,BEAR,Market Regime,False,426,339,0.795774647887,0.441867561794,0.773970217406,0.166522652338,0.163152500425,-0.0206564527291,0.517535331153,0.795774647887,0.795774647887,1,0,0.886274509804
ENTRY_FILLED,LOGIT_RULE,FS1_RULE_SUMMARY,BULL,Market Regime,False,1168,869,0.744006849315,0.544194110787,0.773572441227,0.189919068261,0.190942936609,0.00536216927558,0.567730840239,0.744863013699,0.744644387318,1,0.00334448160535,0.853634577603
ENTRY_FILLED,LOGIT_RULE,FS1_RULE_SUMMARY,NEUTRAL,Market Regime,False,1329,1056,0.794582392777,0.57631951382,0.833444950005,0.16191960406,0.163593207619,0.0102302753454,0.503978861591,0.794582392777,0.794582392777,1,0,0.885534591195
ENTRY_FILLED,LOGIT_RULE,FS1_RULE_SUMMARY,STRONG BEAR,Market Regime,False,214,156,0.728971962617,0.463417329797,0.693879156045,0.206942333792,0.200787904785,-0.0306513931378,0.610770590396,0.728971962617,0.728971962617,1,0,0.843243243243
ENTRY_FILLED,LOGIT_RULE,FS1_RULE_SUMMARY,STRONG BULL,Market Regime,False,6372,4740,0.743879472693,0.569494019918,0.777451777188,0.189069929138,0.191594426878,0.0131762587301,0.565681281726,0.744350282486,0.744229863401,1,0.00183823529412,0.853362138806
ENTRY_FILLED,RF_FULL,FS3_FULL_SIGNAL_STATE,BEAR,Market Regime,False,426,339,0.795774647887,0.736344217272,0.880532497442,0.13881737729,0.163152500425,0.149155686072,0.443076656948,0.81455399061,0.821782178218,0.979351032448,0.172413793103,0.893674293405
ENTRY_FILLED,RF_FULL,FS3_FULL_SIGNAL_STATE,BULL,Market Regime,False,1168,869,0.744006849315,0.759574492651,0.891093637206,0.159218817813,0.190942936609,0.16614450034,0.488836846969,0.768835616438,0.774518790101,0.972382048331,0.177257525084,0.862244897959
ENTRY_FILLED,RF_FULL,FS3_FULL_SIGNAL_STATE,NEUTRAL,Market Regime,False,1329,1056,0.794582392777,0.749562937063,0.905027949102,0.139394391899,0.163593207619,0.147920662916,0.44203991447,0.807373965388,0.817965023847,0.974431818182,0.161172161172,0.889369057908
ENTRY_FILLED,RF_FULL,FS3_FULL_SIGNAL_STATE,STRONG BEAR,Market Regime,False,214,156,0.728971962617,0.737068965517,0.865092787826,0.179016236287,0.200787904785,0.10843117528,0.534221857442,0.710280373832,0.72380952381,0.974358974359,0,0.830601092896
ENTRY_FILLED,RF_FULL,FS3_FULL_SIGNAL_STATE,STRONG BULL,Market Regime,False,6372,4740,0.743879472693,0.763088442128,0.878658466004,0.156485535195,0.191594426878,0.183245892142,0.484408615015,0.774952919021,0.78112244898,0.968987341772,0.211397058824,0.864971751412
JOINT_T1,DUMMY_PRIOR,NONE,BEAR,Market Regime,False,412,142,0.344660194175,0.547717788211,0.371296825004,0.234054369722,0.234054369722,0,0.661071098258,0.655339805825,0,0,1,0
JOINT_T1,DUMMY_PRIOR,NONE,BULL,Market Regime,False,1164,466,0.400343642612,0.507736697124,0.406802574073,0.241197923577,0.241197923577,0,0.675460084358,0.599656357388,0,0,1,0
JOINT_T1,DUMMY_PRIOR,NONE,NEUTRAL,Market Regime,False,1297,502,0.387047031611,0.424708712321,0.342481494366,0.240957212668,0.240957212668,0,0.675001738189,0.612952968389,0,0,1,0
JOINT_T1,DUMMY_PRIOR,NONE,STRONG BEAR,Market Regime,False,208,86,0.413461538462,0.554470072436,0.471897939671,0.241801561421,0.241801561421,0,0.676654536362,0.586538461538,0,0,1,0
JOINT_T1,DUMMY_PRIOR,NONE,STRONG BULL,Market Regime,False,6361,2719,0.427448514385,0.475100625109,0.410759814452,0.245293732822,0.245293732822,0,0.683711737549,0.572551485615,0,0,1,0
JOINT_T1,LOGIT_FULL,FS3_FULL_SIGNAL_STATE,BEAR,Market Regime,False,412,142,0.344660194175,0.652529994784,0.452073693563,0.222595517326,0.234054369722,0.0489580793101,0.641153561265,0.645631067961,0.478723404255,0.316901408451,0.818518518519,0.381355932203
JOINT_T1,LOGIT_FULL,FS3_FULL_SIGNAL_STATE,BULL,Market Regime,False,1164,466,0.400343642612,0.595865563166,0.483875751373,0.247253764641,0.241197923577,-0.0251073515621,0.704467597263,0.602233676976,0.505084745763,0.31974248927,0.790830945559,0.391590013141
JOINT_T1,LOGIT_FULL,FS3_FULL_SIGNAL_STATE,NEUTRAL,Market Regime,False,1297,502,0.387047031611,0.565228394598,0.43912121728,0.257782757037,0.240957212668,-0.0698279341075,0.736035094337,0.609868928296,0.489898989899,0.193227091633,0.872955974843,0.277142857143
JOINT_T1,LOGIT_FULL,FS3_FULL_SIGNAL_STATE,STRONG BEAR,Market Regime,False,208,86,0.413461538462,0.589687380862,0.485618474869,0.255721791109,0.241801561421,-0.0575688163694,0.736586825829,0.620192307692,0.581395348837,0.290697674419,0.852459016393,0.387596899225
JOINT_T1,LOGIT_FULL,FS3_FULL_SIGNAL_STATE,STRONG BULL,Market Regime,False,6361,2719,0.427448514385,0.643656341497,0.555432956214,0.237817488038,0.245293732822,0.0304787435799,0.678688879466,0.613582770005,0.577173270254,0.358955498345,0.80367929709,0.442630385488
JOINT_T1,LOGIT_RAW,FS2_RAW_SIGNAL_STATE,BEAR,Market Regime,False,412,142,0.344660194175,0.649269692227,0.443616383976,0.224638873855,0.234054369722,0.0402278149191,0.645989729674,0.638349514563,0.463157894737,0.30985915493,0.811111111111,0.371308016878
JOINT_T1,LOGIT_RAW,FS2_RAW_SIGNAL_STATE,BULL,Market Regime,False,1164,466,0.400343642612,0.596271382368,0.484640139607,0.247099860648,0.241197923577,-0.0244692698122,0.70307591552,0.600515463918,0.501742160279,0.309012875536,0.795128939828,0.382470119522
JOINT_T1,LOGIT_RAW,FS2_RAW_SIGNAL_STATE,NEUTRAL,Market Regime,False,1297,502,0.387047031611,0.556959583051,0.434416168708,0.259801325807,0.240957212668,-0.0782052254461,0.742430333916,0.609097918273,0.48730964467,0.191235059761,0.872955974843,0.274678111588
JOINT_T1,LOGIT_RAW,FS2_RAW_SIGNAL_STATE,STRONG BEAR,Market Regime,False,208,86,0.413461538462,0.581395348837,0.48086400025,0.256155554234,0.241801561421,-0.0593626969479,0.740894297466,0.615384615385,0.583333333333,0.244186046512,0.877049180328,0.344262295082
JOINT_T1,LOGIT_RAW,FS2_RAW_SIGNAL_STATE,STRONG BULL,Market Regime,False,6361,2719,0.427448514385,0.644058155244,0.556330601277,0.237700744192,0.245293732822,0.0309546784702,0.678166178898,0.611381858198,0.573120189461,0.356013240162,0.802031850632,0.439201451906
JOINT_T1,LOGIT_RULE,FS1_RULE_SUMMARY,BEAR,Market Regime,False,412,142,0.344660194175,0.699882629108,0.499673751351,0.216259623348,0.234054369722,0.0760282595664,0.623153214878,0.691747572816,0.566371681416,0.450704225352,0.818518518519,0.501960784314
JOINT_T1,LOGIT_RULE,FS1_RULE_SUMMARY,BULL,Market Regime,False,1164,466,0.400343642612,0.581503560141,0.460996487188,0.236709104764,0.241197923577,0.0186105201368,0.666170765904,0.590206185567,0.484679665738,0.37339055794,0.734957020057,0.421818181818
JOINT_T1,LOGIT_RULE,FS1_RULE_SUMMARY,NEUTRAL,Market Regime,False,1297,502,0.387047031611,0.60791550778,0.472157421433,0.23069026832,0.240957212668,0.0426089936643,0.653660759646,0.604471858134,0.482428115016,0.300796812749,0.796226415094,0.370552147239
JOINT_T1,LOGIT_RULE,FS1_RULE_SUMMARY,STRONG BEAR,Market Regime,False,208,86,0.413461538462,0.58149065955,0.529730867906,0.246843386888,0.241801561421,-0.0208510872999,0.693332935323,0.634615384615,0.596153846154,0.360465116279,0.827868852459,0.449275362319
JOINT_T1,LOGIT_RULE,FS1_RULE_SUMMARY,STRONG BULL,Market Regime,False,6361,2719,0.427448514385,0.60449050845,0.502599090562,0.237804973551,0.245293732822,0.0305297619503,0.668319387519,0.588586700204,0.521646859083,0.452004413387,0.690554640308,0.484334975369
JOINT_T1,RF_FULL,FS3_FULL_SIGNAL_STATE,BEAR,Market Regime,False,412,142,0.344660194175,0.669561815336,0.493736027281,0.209278783564,0.234054369722,0.10585397823,0.607466699324,0.677184466019,0.584905660377,0.218309859155,0.918518518519,0.317948717949
JOINT_T1,RF_FULL,FS3_FULL_SIGNAL_STATE,BULL,Market Regime,False,1164,466,0.400343642612,0.598076048059,0.490325843011,0.241109936886,0.241197923577,0.000364790419469,0.680341751981,0.599656357388,0.5,0.115879828326,0.922636103152,0.188153310105
JOINT_T1,RF_FULL,FS3_FULL_SIGNAL_STATE,NEUTRAL,Market Regime,False,1297,502,0.387047031611,0.598436442908,0.466160064617,0.238468379881,0.240957212668,0.0103289408057,0.676605356921,0.603700848111,0.44,0.0876494023904,0.929559748428,0.146179401993
JOINT_T1,RF_FULL,FS3_FULL_SIGNAL_STATE,STRONG BEAR,Market Regime,False,208,86,0.413461538462,0.605890202059,0.52133071983,0.237993101854,0.241801561421,0.0157503514244,0.670628995375,0.615384615385,0.636363636364,0.162790697674,0.934426229508,0.259259259259
JOINT_T1,RF_FULL,FS3_FULL_SIGNAL_STATE,STRONG BULL,Market Regime,False,6361,2719,0.427448514385,0.583398619231,0.511934734582,0.253789431158,0.245293732822,-0.0346347957509,0.709127107371,0.590158780066,0.570351758794,0.166973151894,0.906095551895,0.258321479374
JOINT_T2,DUMMY_PRIOR,NONE,BEAR,Market Regime,False,411,74,0.1800486618,0.615626754351,0.231020391748,0.154188756585,0.154188756585,0,0.489813014305,0.8199513382,0,0,1,0
JOINT_T2,DUMMY_PRIOR,NONE,BULL,Market Regime,False,1164,259,0.222508591065,0.503502634442,0.231051986779,0.174851481378,0.174851481378,-2.22044604925e-16,0.534983164263,0.777491408935,0,0,1,0
JOINT_T2,DUMMY_PRIOR,NONE,NEUTRAL,Market Regime,False,1293,301,0.23279195669,0.387361349266,0.187923067549,0.180609104548,0.180609104548,0,0.547846456503,0.76720804331,0,0,1,0
JOINT_T2,DUMMY_PRIOR,NONE,STRONG BEAR,Market Regime,False,208,69,0.331730769231,0.547179647586,0.361127740539,0.225539382821,0.225539382821,0,0.644783019955,0.668269230769,0,0,1,0
JOINT_T2,DUMMY_PRIOR,NONE,STRONG BULL,Market Regime,False,6361,1603,0.252004401824,0.433362059946,0.224804498444,0.189297494996,0.189297494996,0,0.566573671055,0.747995598176,0,0,1,0
JOINT_T2,LOGIT_FULL,FS3_FULL_SIGNAL_STATE,BEAR,Market Regime,False,411,74,0.1800486618,0.637621300826,0.318547910149,0.15469453978,0.154188756585,-0.00328028584348,0.481913816753,0.798053527981,0.384615384615,0.202702702703,0.928783382789,0.265486725664
JOINT_T2,LOGIT_FULL,FS3_FULL_SIGNAL_STATE,BULL,Market Regime,False,1164,259,0.222508591065,0.571667484375,0.30365836618,0.179082222026,0.174851481378,-0.0241961956171,0.571500057,0.775773195876,0.477272727273,0.0810810810811,0.974585635359,0.138613861386
JOINT_T2,LOGIT_FULL,FS3_FULL_SIGNAL_STATE,NEUTRAL,Market Regime,False,1293,301,0.23279195669,0.572131872254,0.300338854933,0.186529876051,0.180609104548,-0.0327822427253,0.593103959084,0.76256767208,0.453125,0.0963455149502,0.964717741935,0.158904109589
JOINT_T2,LOGIT_FULL,FS3_FULL_SIGNAL_STATE,STRONG BEAR,Market Regime,False,208,69,0.331730769231,0.611197998123,0.457791342895,0.22219385262,0.225539382821,0.0148334634913,0.698595340989,0.658653846154,0.428571428571,0.0869565217391,0.942446043165,0.144578313253
JOINT_T2,LOGIT_FULL,FS3_FULL_SIGNAL_STATE,STRONG BULL,Market Regime,False,6361,1603,0.252004401824,0.59116851364,0.326263732475,0.193693921775,0.189297494996,-0.0232249601515,0.608051229089,0.745323062412,0.458536585366,0.0586400499064,0.976670870113,0.103982300885
JOINT_T2,LOGIT_RAW,FS2_RAW_SIGNAL_STATE,BEAR,Market Regime,False,411,74,0.1800486618,0.628358328655,0.300450872385,0.156490123065,0.154188756585,-0.0149256439409,0.487900818816,0.788321167883,0.341463414634,0.189189189189,0.919881305638,0.24347826087
JOINT_T2,LOGIT_RAW,FS2_RAW_SIGNAL_STATE,BULL,Market Regime,False,1164,259,0.222508591065,0.572098380938,0.30500485554,0.179081128771,0.174851481378,-0.0241899431404,0.571659551738,0.777491408935,0.5,0.0888030888031,0.974585635359,0.150819672131
JOINT_T2,LOGIT_RAW,FS2_RAW_SIGNAL_STATE,NEUTRAL,Market Regime,False,1293,301,0.23279195669,0.565648108456,0.298189546787,0.187474459817,0.180609104548,-0.0380122324749,0.598185953073,0.761794276875,0.44776119403,0.0996677740864,0.962701612903,0.163043478261
JOINT_T2,LOGIT_RAW,FS2_RAW_SIGNAL_STATE,STRONG BEAR,Market Regime,False,208,69,0.331730769231,0.621832968408,0.484468244057,0.21994737102,0.225539382821,0.0247939483161,0.698508345757,0.677884615385,0.625,0.0724637681159,0.978417266187,0.12987012987
JOINT_T2,LOGIT_RAW,FS2_RAW_SIGNAL_STATE,STRONG BULL,Market Regime,False,6361,1603,0.252004401824,0.590513740918,0.326140141012,0.193704506876,0.189297494996,-0.0232808779644,0.608091508696,0.743908190536,0.439252336449,0.0586400499064,0.974779319042,0.103467253715
JOINT_T2,LOGIT_RULE,FS1_RULE_SUMMARY,BEAR,Market Regime,False,411,74,0.1800486618,0.602393936964,0.240230600435,0.152471496458,0.154188756585,0.0111373887768,0.484763052217,0.8199513382,0,0,1,0
JOINT_T2,LOGIT_RULE,FS1_RULE_SUMMARY,BULL,Market Regime,False,1164,259,0.222508591065,0.547631135476,0.268268057075,0.173459218175,0.174851481378,0.00796254737071,0.531236922446,0.777491408935,0,0,1,0
JOINT_T2,LOGIT_RULE,FS1_RULE_SUMMARY,NEUTRAL,Market Regime,False,1293,301,0.23279195669,0.598622870003,0.305779420718,0.176477641884,0.180609104548,0.0228751627655,0.536952582026,0.76720804331,0,0,1,0
JOINT_T2,LOGIT_RULE,FS1_RULE_SUMMARY,STRONG BEAR,Market Regime,False,208,69,0.331730769231,0.58195182984,0.416386553936,0.233806205648,0.225539382821,-0.0366535667675,0.678959893197,0.668269230769,0,0,1,0
JOINT_T2,LOGIT_RULE,FS1_RULE_SUMMARY,STRONG BULL,Market Regime,False,6361,1603,0.252004401824,0.533757506483,0.26685021956,0.188234509587,0.189297494996,0.005615422484,0.562559734817,0.747995598176,0,0,1,0
JOINT_T2,RF_FULL,FS3_FULL_SIGNAL_STATE,BEAR,Market Regime,False,411,74,0.1800486618,0.704547277248,0.437255732265,0.134328717214,0.154188756585,0.12880342128,0.436349237418,0.815085158151,0,0,0.994065281899,0
JOINT_T2,RF_FULL,FS3_FULL_SIGNAL_STATE,BULL,Market Regime,False,1164,259,0.222508591065,0.592367584633,0.339980925011,0.169815319556,0.174851481378,0.0288025116072,0.528026018896,0.780068728522,0.8,0.015444015444,0.998895027624,0.030303030303
JOINT_T2,RF_FULL,FS3_FULL_SIGNAL_STATE,NEUTRAL,Market Regime,False,1293,301,0.23279195669,0.626098488908,0.339128561398,0.173679306808,0.180609104548,0.0383690388005,0.531133335382,0.764887857695,0,0,0.996975806452,0
JOINT_T2,RF_FULL,FS3_FULL_SIGNAL_STATE,STRONG BEAR,Market Regime,False,208,69,0.331730769231,0.578354707538,0.434836324373,0.224938792383,0.225539382821,0.00266290716158,0.644793275062,0.673076923077,1,0.0144927536232,1,0.0285714285714
JOINT_T2,RF_FULL,FS3_FULL_SIGNAL_STATE,STRONG BULL,Market Regime,False,6361,1603,0.252004401824,0.547485575727,0.287639027301,0.195650703426,0.189297494996,-0.0335620311803,0.593683298115,0.743593774564,0.166666666667,0.00436681222707,0.992643968054,0.00851063829787
T1_BEFORE_STOP_63,DUMMY_PRIOR,NONE,BEAR,Market Regime,False,325,142,0.436923076923,0.556511198338,0.479612703978,0.261745072186,0.261745072186,0,0.716806847499,0.436923076923,0.436923076923,1,0,0.608137044968
T1_BEFORE_STOP_63,DUMMY_PRIOR,NONE,BULL,Market Regime,False,865,466,0.538728323699,0.50356309228,0.540095843019,0.249331099112,0.249331099112,0,0.69183114407,0.538728323699,0.538728323699,1,0,0.70022539444
T1_BEFORE_STOP_63,DUMMY_PRIOR,NONE,NEUTRAL,Market Regime,False,1024,502,0.490234375,0.410883286776,0.429164819935,0.257132425325,0.257132425325,0,0.707571835302,0.490234375,0.490234375,1,0,0.657929226737
T1_BEFORE_STOP_63,DUMMY_PRIOR,NONE,STRONG BEAR,Market Regime,False,150,86,0.573333333333,0.617278343023,0.659832292787,0.242869395057,0.242869395057,0,0.678787477695,0.573333333333,0.573333333333,1,0,0.728813559322
T1_BEFORE_STOP_63,DUMMY_PRIOR,NONE,STRONG BULL,Market Regime,False,4729,2719,0.574962994291,0.436703572977,0.5415335998,0.245436712504,0.245436712504,0,0.684012890215,0.574962994291,0.574962994291,1,0,0.730128893663
T1_BEFORE_STOP_63,LOGIT_FULL,FS3_FULL_SIGNAL_STATE,BEAR,Market Regime,False,325,142,0.436923076923,0.61125221273,0.525529524488,0.260359727668,0.261745072186,0.0052927243534,0.738075349887,0.621538461538,0.579831932773,0.485915492958,0.726775956284,0.528735632184
T1_BEFORE_STOP_63,LOGIT_FULL,FS3_FULL_SIGNAL_STATE,BULL,Market Regime,False,865,466,0.538728323699,0.574752331472,0.611598233318,0.27194786565,0.249331099112,-0.0907097695326,0.761126359552,0.556069364162,0.604591836735,0.508583690987,0.611528822055,0.552447552448
T1_BEFORE_STOP_63,LOGIT_FULL,FS3_FULL_SIGNAL_STATE,NEUTRAL,Market Regime,False,1024,502,0.490234375,0.535604707606,0.521126626207,0.291494634698,0.257132425325,-0.133636235604,0.809540489206,0.5390625,0.54746835443,0.344621513944,0.726053639847,0.422982885086
T1_BEFORE_STOP_63,LOGIT_FULL,FS3_FULL_SIGNAL_STATE,STRONG BEAR,Market Regime,False,150,86,0.573333333333,0.57085755814,0.640064001805,0.273437831581,0.242869395057,-0.125863682894,0.770812207348,0.546666666667,0.618421052632,0.546511627907,0.546875,0.58024691358
T1_BEFORE_STOP_63,LOGIT_FULL,FS3_FULL_SIGNAL_STATE,STRONG BULL,Market Regime,False,4729,2719,0.574962994291,0.579319291736,0.647951980336,0.261783185147,0.245436712504,-0.0666015791877,0.732631650149,0.555720025375,0.625,0.568223611622,0.538805970149,0.595261028704
T1_BEFORE_STOP_63,LOGIT_RAW,FS2_RAW_SIGNAL_STATE,BEAR,Market Regime,False,325,142,0.436923076923,0.610713461094,0.525057445393,0.261209379794,0.261745072186,0.0020466188226,0.739027837343,0.609230769231,0.563025210084,0.471830985915,0.715846994536,0.513409961686
T1_BEFORE_STOP_63,LOGIT_RAW,FS2_RAW_SIGNAL_STATE,BULL,Market Regime,False,865,466,0.538728323699,0.571654458033,0.610760415421,0.27302790939,0.249331099112,-0.0950415345812,0.761712796313,0.551445086705,0.5960591133,0.519313304721,0.588972431078,0.55504587156
T1_BEFORE_STOP_63,LOGIT_RAW,FS2_RAW_SIGNAL_STATE,NEUTRAL,Market Regime,False,1024,502,0.490234375,0.523755552503,0.516177065943,0.295724736492,0.257132425325,-0.15008729886,0.820170227469,0.53515625,0.541666666667,0.336653386454,0.726053639847,0.415233415233
T1_BEFORE_STOP_63,LOGIT_RAW,FS2_RAW_SIGNAL_STATE,STRONG BEAR,Market Regime,False,150,86,0.573333333333,0.567042151163,0.637325367925,0.274934221859,0.242869395057,-0.132024979082,0.775680243102,0.56,0.635135135135,0.546511627907,0.578125,0.5875
T1_BEFORE_STOP_63,LOGIT_RAW,FS2_RAW_SIGNAL_STATE,STRONG BULL,Market Regime,False,4729,2719,0.574962994291,0.579167421444,0.648910275513,0.261953775755,0.245436712504,-0.0672966284561,0.732378559317,0.553605413407,0.623376623377,0.564913571166,0.538308457711,0.59270692649
T1_BEFORE_STOP_63,LOGIT_RULE,FS1_RULE_SUMMARY,BEAR,Market Regime,False,325,142,0.436923076923,0.764661740937,0.712066938129,0.229817482399,0.261745072186,0.121979716828,0.651460863114,0.603076923077,0.526970954357,0.894366197183,0.377049180328,0.66318537859
T1_BEFORE_STOP_63,LOGIT_RULE,FS1_RULE_SUMMARY,BULL,Market Regime,False,865,466,0.538728323699,0.611765465165,0.640001898696,0.239095538216,0.249331099112,0.041052082681,0.671324180092,0.611560693642,0.605519480519,0.800429184549,0.390977443609,0.689463955638
T1_BEFORE_STOP_63,LOGIT_RULE,FS1_RULE_SUMMARY,NEUTRAL,Market Regime,False,1024,502,0.490234375,0.619386438919,0.569488773263,0.239339542829,0.257132425325,0.0691973502502,0.671910130355,0.611328125,0.576023391813,0.784860557769,0.444444444444,0.664418212479
T1_BEFORE_STOP_63,LOGIT_RULE,FS1_RULE_SUMMARY,STRONG BEAR,Market Regime,False,150,86,0.573333333333,0.638898982558,0.747425101368,0.24514912319,0.242869395057,-0.00938664228317,0.684851271871,0.586666666667,0.617647058824,0.732558139535,0.390625,0.670212765957
T1_BEFORE_STOP_63,LOGIT_RULE,FS1_RULE_SUMMARY,STRONG BULL,Market Regime,False,4729,2719,0.574962994291,0.601420993598,0.643856892255,0.237495465337,0.245436712504,0.0323555799213,0.66786194734,0.604779023049,0.619920993228,0.808017653549,0.329850746269,0.701580712119
T1_BEFORE_STOP_63,RF_FULL,FS3_FULL_SIGNAL_STATE,BEAR,Market Regime,False,325,142,0.436923076923,0.67105364427,0.624056315472,0.228535499257,0.261745072186,0.126877547881,0.651180137397,0.630769230769,0.577464788732,0.577464788732,0.672131147541,0.577464788732
T1_BEFORE_STOP_63,RF_FULL,FS3_FULL_SIGNAL_STATE,BULL,Market Regime,False,865,466,0.538728323699,0.602063097658,0.633689040397,0.257400202702,0.249331099112,-0.0323630049329,0.713166570808,0.551445086705,0.65,0.362660944206,0.771929824561,0.465564738292
T1_BEFORE_STOP_63,RF_FULL,FS3_FULL_SIGNAL_STATE,NEUTRAL,Market Regime,False,1024,502,0.490234375,0.592270763689,0.561470584065,0.255765485392,0.257132425325,0.00531609318055,0.71282754278,0.5869140625,0.637630662021,0.364541832669,0.800766283525,0.463878326996
T1_BEFORE_STOP_63,RF_FULL,FS3_FULL_SIGNAL_STATE,STRONG BEAR,Market Regime,False,150,86,0.573333333333,0.544876453488,0.628226946651,0.26435993439,0.242869395057,-0.0884859919415,0.726608598485,0.56,0.661290322581,0.476744186047,0.671875,0.554054054054
T1_BEFORE_STOP_63,RF_FULL,FS3_FULL_SIGNAL_STATE,STRONG BULL,Market Regime,False,4729,2719,0.574962994291,0.518074943415,0.612792626614,0.281953782248,0.245436712504,-0.148784056678,0.766138344971,0.486783675196,0.592288242731,0.344611989702,0.679104477612,0.435712624971
T2_BEFORE_STOP_63,DUMMY_PRIOR,NONE,BEAR,Market Regime,False,324,74,0.228395061728,0.621594594595,0.283779689193,0.188480600433,0.188480600433,0,0.566526137526,0.771604938272,0,0,1,0
T2_BEFORE_STOP_63,DUMMY_PRIOR,NONE,BULL,Market Regime,False,865,259,0.299421965318,0.460010576347,0.294203793163,0.21185701193,0.21185701193,0,0.61509764149,0.700578034682,0,0,1,0
T2_BEFORE_STOP_63,DUMMY_PRIOR,NONE,NEUTRAL,Market Regime,False,1020,301,0.295098039216,0.355946104547,0.230573767639,0.211769099346,0.211769099346,0,0.615103110398,0.704901960784,0,0,1,0
T2_BEFORE_STOP_63,DUMMY_PRIOR,NONE,STRONG BEAR,Market Regime,False,150,69,0.46,0.525854356772,0.481355181848,0.26092984921,0.26092984921,0,0.716505057579,0.54,0,0,1,0
T2_BEFORE_STOP_63,DUMMY_PRIOR,NONE,STRONG BULL,Market Regime,False,4729,1603,0.338972298583,0.402623799187,0.298879971155,0.225232914712,0.225232914712,0,0.642941214862,0.661027701417,0,0,1,0
T2_BEFORE_STOP_63,LOGIT_FULL,FS3_FULL_SIGNAL_STATE,BEAR,Market Regime,False,324,74,0.228395061728,0.597243243243,0.376956442588,0.19368469082,0.188480600433,-0.0276107481387,0.573051631329,0.716049382716,0.333333333333,0.243243243243,0.856,0.28125
T2_BEFORE_STOP_63,LOGIT_FULL,FS3_FULL_SIGNAL_STATE,BULL,Market Regime,False,865,259,0.299421965318,0.541496234566,0.371081115032,0.228610490726,0.21185701193,-0.0790791800747,0.691949744272,0.695953757225,0.481818181818,0.204633204633,0.905940594059,0.287262872629
T2_BEFORE_STOP_63,LOGIT_FULL,FS3_FULL_SIGNAL_STATE,NEUTRAL,Market Regime,False,1020,301,0.295098039216,0.550501573337,0.355085906761,0.227014216047,0.211769099346,-0.0719893353075,0.694056054958,0.699019607843,0.471153846154,0.162790697674,0.923504867872,0.241975308642
T2_BEFORE_STOP_63,LOGIT_FULL,FS3_FULL_SIGNAL_STATE,STRONG BEAR,Market Regime,False,150,69,0.46,0.626766863482,0.601719574286,0.249689192665,0.26092984921,0.0430792283012,0.767744014618,0.613333333333,0.641025641026,0.36231884058,0.827160493827,0.462962962963
T2_BEFORE_STOP_63,LOGIT_FULL,FS3_FULL_SIGNAL_STATE,STRONG BULL,Market Regime,False,4729,1603,0.338972298583,0.546043906,0.376776232609,0.246392114227,0.225232914712,-0.0939436384832,0.731648552907,0.640304504123,0.410256410256,0.139737991266,0.896992962252,0.208469055375
T2_BEFORE_STOP_63,LOGIT_RAW,FS2_RAW_SIGNAL_STATE,BEAR,Market Regime,False,324,74,0.228395061728,0.594108108108,0.366184819128,0.195241754887,0.188480600433,-0.0358718851642,0.578696460286,0.719135802469,0.339622641509,0.243243243243,0.86,0.283464566929
T2_BEFORE_STOP_63,LOGIT_RAW,FS2_RAW_SIGNAL_STATE,BULL,Market Regime,False,865,259,0.299421965318,0.540292060094,0.373012574833,0.228986086321,0.21185701193,-0.0808520531606,0.693404315033,0.684393063584,0.4375,0.189189189189,0.89603960396,0.264150943396
T2_BEFORE_STOP_63,LOGIT_RAW,FS2_RAW_SIGNAL_STATE,NEUTRAL,Market Regime,False,1020,301,0.295098039216,0.542503199811,0.352786404639,0.228828473286,0.211769099346,-0.0805564834162,0.701581005843,0.697058823529,0.462962962963,0.166112956811,0.91933240612,0.244498777506
T2_BEFORE_STOP_63,LOGIT_RAW,FS2_RAW_SIGNAL_STATE,STRONG BEAR,Market Regime,False,150,69,0.46,0.638575773841,0.614765122491,0.24680306526,0.26092984921,0.054140160632,0.766734915245,0.593333333333,0.605263157895,0.333333333333,0.814814814815,0.429906542056
T2_BEFORE_STOP_63,LOGIT_RAW,FS2_RAW_SIGNAL_STATE,STRONG BULL,Market Regime,False,4729,1603,0.338972298583,0.545191776935,0.376010336777,0.246329904834,0.225232914712,-0.0936674382107,0.731583545112,0.640727426517,0.408396946565,0.133499688085,0.900831733845,0.201222378937
T2_BEFORE_STOP_63,LOGIT_RULE,FS1_RULE_SUMMARY,BEAR,Market Regime,False,324,74,0.228395061728,0.591864864865,0.278731012476,0.186259690113,0.188480600433,0.0117832302856,0.560925260211,0.768518518519,0,0,0.996,0
T2_BEFORE_STOP_63,LOGIT_RULE,FS1_RULE_SUMMARY,BULL,Market Regime,False,865,259,0.299421965318,0.542299017547,0.347777852592,0.210260544983,0.21185701193,0.00753558700614,0.611560434462,0.699421965318,0,0,0.998349834983,0
T2_BEFORE_STOP_63,LOGIT_RULE,FS1_RULE_SUMMARY,NEUTRAL,Market Regime,False,1020,301,0.295098039216,0.571121297113,0.349975869187,0.207687695196,0.211769099346,0.0192728975226,0.605719752037,0.704901960784,0,0,1,0
T2_BEFORE_STOP_63,LOGIT_RULE,FS1_RULE_SUMMARY,STRONG BEAR,Market Regime,False,150,69,0.46,0.56333870102,0.531531998947,0.276026036913,0.26092984921,-0.0578553498145,0.7612277267,0.54,0,0,1,0
T2_BEFORE_STOP_63,LOGIT_RULE,FS1_RULE_SUMMARY,STRONG BULL,Market Regime,False,4729,1603,0.338972298583,0.510343489834,0.338574666482,0.224893847641,0.225232914712,0.00150540639877,0.641455506686,0.659758934236,0,0,0.998080614203,0
T2_BEFORE_STOP_63,RF_FULL,FS3_FULL_SIGNAL_STATE,BEAR,Market Regime,False,324,74,0.228395061728,0.705297297297,0.529417926348,0.158947557438,0.188480600433,0.156690093978,0.498885101299,0.793209876543,0.769230769231,0.135135135135,0.988,0.229885057471
T2_BEFORE_STOP_63,RF_FULL,FS3_FULL_SIGNAL_STATE,BULL,Market Regime,False,865,259,0.299421965318,0.579902391784,0.429479645675,0.2089147238,0.21185701193,0.0138880847188,0.618234354379,0.707514450867,0.875,0.027027027027,0.998349834983,0.0524344569288
T2_BEFORE_STOP_63,RF_FULL,FS3_FULL_SIGNAL_STATE,NEUTRAL,Market Regime,False,1020,301,0.295098039216,0.607783974605,0.410884826773,0.202488249161,0.211769099346,0.0438253277472,0.597515644062,0.699019607843,0.3125,0.0166112956811,0.984700973574,0.0315457413249
T2_BEFORE_STOP_63,RF_FULL,FS3_FULL_SIGNAL_STATE,STRONG BEAR,Market Regime,False,150,69,0.46,0.52406512793,0.543039094703,0.273880867592,0.26092984921,-0.0496341005904,0.753107612211,0.586666666667,0.888888888889,0.115942028986,0.987654320988,0.205128205128
T2_BEFORE_STOP_63,RF_FULL,FS3_FULL_SIGNAL_STATE,STRONG BULL,Market Regime,False,4729,1603,0.338972298583,0.505463404549,0.350673904823,0.243531421531,0.225232914712,-0.0812425965448,0.700571581974,0.650454641573,0.316176470588,0.0268247036806,0.970249520154,0.0494537090282
