Target,Model Variant,Feature Set,Scope,Rows,Positive Count,Prevalence,ROC AUC Pooled,Average Precision,Brier Score,Brier Benchmark Score,Brier Skill Score vs Training Prior Pooled,Log Loss,Accuracy at 0.50,Precision at 0.50,Recall at 0.50,Specificity at 0.50,F1 at 0.50,ROC AUC Recent,Brier Skill Score vs Training Prior Recent,Median Yearly ROC AUC,Total Yearly Positive Count,Pooled Top-Decile Lift,Comparison Purpose,Model Selected
ENTRY_FILLED,DUMMY_PRIOR,NONE,POOLED_OOS,9509,7160,0.752970869702,0.502288713134,0.754765127725,0.18653359846,0.18653359846,0,0.560544233516,0.752970869702,0.752970869702,1,0,0.859079728838,0.474062843688,0,0.5,7160,1.0026878499,Training-fold prevalence benchmark,False
ENTRY_FILLED,LOGIT_FULL,FS3_FULL_SIGNAL_STATE,POOLED_OOS,9509,7160,0.752970869702,0.75731840008,0.885069844199,0.153318305126,0.18653359846,0.178066008525,0.477175845486,0.782626984962,0.810057226348,0.929189944134,0.33588761175,0.865543485331,0.75511550289,0.147665865008,0.757590719007,7160,1.2247315381,Descriptive comparison to LOGIT_RAW and LOGIT_RULE,False
ENTRY_FILLED,LOGIT_RAW,FS2_RAW_SIGNAL_STATE,POOLED_OOS,9509,7160,0.752970869702,0.757468648254,0.88470035569,0.153390295888,0.18653359846,0.177680068606,0.477482957532,0.781996003786,0.809541195083,0.92905027933,0.333759046403,0.865188268193,0.756519477917,0.147573124983,0.762603534332,7160,1.22612803929,Raw point-in-time state without rule summaries,False
ENTRY_FILLED,LOGIT_RULE,FS1_RULE_SUMMARY,POOLED_OOS,9509,7160,0.752970869702,0.556912724064,0.779335834445,0.184771745012,0.18653359846,0.00944523379379,0.556167169316,0.75339152382,0.753287743293,1,0.00170285227756,0.859285928593,0.552602542662,0.00881251673041,0.562767826197,7160,1.05715139606,Rule summaries without richer raw state,False
ENTRY_FILLED,RF_FULL,FS3_FULL_SIGNAL_STATE,POOLED_OOS,9509,7160,0.752970869702,0.759644898221,0.884188404062,0.154148094815,0.18653359846,0.17361753546,0.478300379832,0.779051424966,0.786045459686,0.970810055866,0.194550872712,0.868712116478,0.767249091651,0.165107111061,0.764284085077,7160,1.21076652627,Fixed nonlinear comparison to LOGIT_FULL,False
T1_BEFORE_STOP_63,DUMMY_PRIOR,NONE,POOLED_OOS,7093,3915,0.551952629353,0.454971037312,0.52176192766,0.248293074216,0.248293074216,0,0.689759594514,0.551952629353,0.551952629353,1,0,0.711300872093,0.515132594021,0,0.5,3915,0.880357239221,Training-fold prevalence benchmark,False
T1_BEFORE_STOP_63,LOGIT_FULL,FS3_FULL_SIGNAL_STATE,POOLED_OOS,7093,3915,0.551952629353,0.57917885334,0.621585239534,0.267493398916,0.248293074216,-0.0773292801665,0.748266622773,0.556182151417,0.61362962963,0.528991060026,0.589679043424,0.56817558299,0.535638058502,-0.11464091667,0.606856030567,3915,1.2503624557,Descriptive comparison to LOGIT_RAW and LOGIT_RULE,False
T1_BEFORE_STOP_63,LOGIT_RAW,FS2_RAW_SIGNAL_STATE,POOLED_OOS,7093,3915,0.551952629353,0.576480946996,0.621144325361,0.268420112653,0.248293074216,-0.081061618413,0.749850581186,0.553362470041,0.610666666667,0.526436781609,0.586532410321,0.565432098765,0.53743490839,-0.108028008182,0.608618700887,3915,1.24781069559,Raw point-in-time state without rule summaries,False
T1_BEFORE_STOP_63,LOGIT_RULE,FS1_RULE_SUMMARY,POOLED_OOS,7093,3915,0.551952629353,0.614848129743,0.637494962114,0.237766874137,0.248293074216,0.0423942557108,0.668476386512,0.606090511772,0.608058608059,0.805619412516,0.360289490245,0.693034497913,0.588837190614,0.0146536389807,0.627805182756,3915,1.20698253377,Rule summaries without richer raw state,False
T1_BEFORE_STOP_63,RF_FULL,FS3_FULL_SIGNAL_STATE,POOLED_OOS,7093,3915,0.551952629353,0.542559518786,0.60465760332,0.272359015374,0.248293074216,-0.0969255434684,0.745878691012,0.517270548428,0.605229318474,0.360664112388,0.710195091252,0.451984635083,0.557468659595,-0.00983114396256,0.617433908339,3915,1.19677549332,Fixed nonlinear comparison to LOGIT_FULL,False
T2_BEFORE_STOP_63,DUMMY_PRIOR,NONE,POOLED_OOS,7088,2306,0.325338600451,0.416783785176,0.287410832269,0.220738493545,0.220738493545,0,0.633600996723,0.674661399549,0,0,1,0,0.533932997521,-2.22044604925e-16,0.5,2306,0.793358100595,Training-fold prevalence benchmark,False
T2_BEFORE_STOP_63,LOGIT_FULL,FS3_FULL_SIGNAL_STATE,POOLED_OOS,7088,2306,0.325338600451,0.551406727962,0.375922646157,0.23909397598,0.220738493545,-0.0831548777032,0.714908301678,0.658436794582,0.432590855803,0.160017346054,0.898787118361,0.233618233618,0.53112257136,-0.0645390551508,0.630864057095,2306,1.31792821082,Descriptive comparison to LOGIT_RAW and LOGIT_RULE,False
T2_BEFORE_STOP_63,LOGIT_RAW,FS2_RAW_SIGNAL_STATE,POOLED_OOS,7088,2306,0.325338600451,0.549567019718,0.374895878244,0.239369485857,0.220738493545,-0.0844030056209,0.716361996856,0.656743792325,0.423952095808,0.153512575889,0.899414470933,0.225405921681,0.531544335172,-0.0576953933605,0.63263690594,2306,1.35261053216,Raw point-in-time state without rule summaries,False
T2_BEFORE_STOP_63,LOGIT_RULE,FS1_RULE_SUMMARY,POOLED_OOS,7088,2306,0.325338600451,0.529508060547,0.339308202167,0.219948063084,0.220738493545,0.00358084558991,0.631518193753,0.673532731377,0,0,0.998327059808,0,0.565918085872,0.00358471261172,0.546103548663,2306,1.00145202862,Rule summaries without richer raw state,False
T2_BEFORE_STOP_63,RF_FULL,FS3_FULL_SIGNAL_STATE,POOLED_OOS,7088,2306,0.325338600451,0.533528358549,0.368515889776,0.230176422319,0.220738493545,-0.0427561528688,0.667585581164,0.669582392777,0.401098901099,0.0316565481353,0.977206189879,0.0586816720257,0.629601423203,0.0655152877051,0.610984435412,2306,1.46966336668,Fixed nonlinear comparison to LOGIT_FULL,False
JOINT_T1,DUMMY_PRIOR,NONE,POOLED_OOS,9442,3915,0.414636729506,0.480702396525,0.398883100992,0.243625762281,0.243625762281,0,0.680354648508,0.585363270494,0,0,1,0,0.503753658767,0,0.5,3915,0.890688506423,Training-fold prevalence benchmark,False
JOINT_T1,LOGIT_FULL,FS3_FULL_SIGNAL_STATE,POOLED_OOS,9442,3915,0.414636729506,0.628181311712,0.523209755225,0.241453520972,0.243625762281,0.00891630379687,0.68938181422,0.613217538657,0.556656613529,0.330012771392,0.813823050479,0.414368184734,0.587986025871,-0.0318127174076,0.655208917118,3915,1.40366383534,Descriptive comparison to LOGIT_RAW and LOGIT_RULE,False
JOINT_T1,LOGIT_RAW,FS2_RAW_SIGNAL_STATE,POOLED_OOS,9442,3915,0.414636729506,0.627085472201,0.522704022177,0.241731896048,0.243625762281,0.00777366981164,0.690042507437,0.610993433595,0.552517361111,0.325159642401,0.813461190519,0.409390577263,0.588308941554,-0.0296972177359,0.665231774214,3915,1.38579902289,Raw point-in-time state without rule summaries,False
JOINT_T1,LOGIT_RULE,FS1_RULE_SUMMARY,POOLED_OOS,9442,3915,0.414636729506,0.606131770172,0.493544053779,0.235951546495,0.243625762281,0.0315000175433,0.664621137032,0.596483795806,0.51644221735,0.421200510856,0.720644110729,0.463984243106,0.576224152582,0.0101181093277,0.605749171678,3915,1.27605803212,Rule summaries without richer raw state,False
JOINT_T1,RF_FULL,FS3_FULL_SIGNAL_STATE,POOLED_OOS,9442,3915,0.414636729506,0.586544632515,0.499135188164,0.247831545313,0.243625762281,-0.0172632934748,0.695827111669,0.597542893455,0.553290083411,0.152490421456,0.912791749593,0.239086904285,0.608992540837,0.0257024932642,0.633769328765,3915,1.3347567016,Fixed nonlinear comparison to LOGIT_FULL,False
JOINT_T2,DUMMY_PRIOR,NONE,POOLED_OOS,9437,2306,0.244357316944,0.447835014971,0.220642076719,0.185594980689,0.185594980689,0,0.558492000643,0.755642683056,0,0,1,0,0.525364792688,0,0.5,2306,0.810670303703,Training-fold prevalence benchmark,False
JOINT_T2,LOGIT_FULL,FS3_FULL_SIGNAL_STATE,POOLED_OOS,9437,2306,0.244357316944,0.587102560763,0.319009830537,0.189839742479,0.185594980689,-0.022871102303,0.597997007872,0.751827911413,0.450819672131,0.0715524718127,0.971813209928,0.123502994012,0.567054402291,-0.00625558805584,0.634586946965,2306,1.60400006615,Descriptive comparison to LOGIT_RAW and LOGIT_RULE,False
JOINT_T2,LOGIT_RAW,FS2_RAW_SIGNAL_STATE,POOLED_OOS,9437,2306,0.244357316944,0.585680773015,0.318146049698,0.190004850315,0.185594980689,-0.0237607159964,0.598998963104,0.750980184381,0.441489361702,0.071986123157,0.970551114851,0.123788217748,0.567325587798,-0.00291698825727,0.624545381879,2306,1.60833520146,Raw point-in-time state without rule summaries,False
JOINT_T2,LOGIT_RULE,FS1_RULE_SUMMARY,POOLED_OOS,9437,2306,0.244357316944,0.548228615443,0.269769346379,0.184248099207,0.185594980689,0.0072571007963,0.554365074887,0.755642683056,0,0,1,0,0.588665271736,0.00956964717285,0.553783884435,2306,1.17482167007,Rule summaries without richer raw state,False
JOINT_T2,RF_FULL,FS3_FULL_SIGNAL_STATE,POOLED_OOS,9437,2306,0.244357316944,0.56652142296,0.302068503572,0.187428512424,0.185594980689,-0.00987920971106,0.571288935652,0.752569672565,0.22641509434,0.00520381613183,0.994250455757,0.0101738024587,0.655883486592,0.0626318935191,0.641861689275,2306,1.63868114866,Fixed nonlinear comparison to LOGIT_FULL,False
