Target,Model Variant,Feature Set,Scope Type,Scope,Rows,Positive Count,Prevalence,ROC AUC,Average Precision,Brier Score,Brier Benchmark Score,Brier Skill Score vs Training Prior,Log Loss,Accuracy at 0.50,Precision at 0.50,Recall at 0.50,Specificity at 0.50,F1 at 0.50
JOINT_T1,DUMMY_PRIOR,NONE,EVALUATION_YEAR,2016,525,224,0.426666666667,0.5,0.426666666667,0.244728324861,0.244728324861,4.4408920985e-16,0.682568756868,0.573333333333,0,0,1,0
JOINT_T1,DUMMY_PRIOR,NONE,EVALUATION_YEAR,2017,1214,672,0.553542009885,0.5,0.553542009885,0.26152861493,0.26152861493,0,0.716367920073,0.446457990115,0,0,1,0
JOINT_T1,DUMMY_PRIOR,NONE,EVALUATION_YEAR,2018,789,291,0.368821292776,0.5,0.368821292776,0.241473613543,0.241473613543,-2.22044604925e-16,0.676064247964,0.631178707224,0,0,1,0
JOINT_T1,DUMMY_PRIOR,NONE,EVALUATION_YEAR,2019,732,246,0.33606557377,0.5,0.33606557377,0.235682545959,0.235682545959,0,0.664418596453,0.66393442623,0,0,1,0
JOINT_T1,DUMMY_PRIOR,NONE,EVALUATION_YEAR,2020,760,360,0.473684210526,0.5,0.473684210526,0.250542766675,0.250542766675,0,0.694257491864,0.526315789474,0,0,1,0
JOINT_T1,DUMMY_PRIOR,NONE,EVALUATION_YEAR,2021,1407,572,0.406538734897,0.5,0.406538734897,0.242347013554,0.242347013554,0,0.677783833203,0.593461265103,0,0,1,0
JOINT_T1,DUMMY_PRIOR,NONE,EVALUATION_YEAR,2022,895,277,0.309497206704,0.5,0.309497206704,0.22962486281,0.22962486281,0,0.652192858926,0.690502793296,0,0,1,0
JOINT_T1,DUMMY_PRIOR,NONE,EVALUATION_YEAR,2023,1024,423,0.4130859375,0.5,0.4130859375,0.242594435205,0.242594435205,0,0.678266604857,0.5869140625,0,0,1,0
JOINT_T1,DUMMY_PRIOR,NONE,EVALUATION_YEAR,2024,1149,468,0.407310704961,0.5,0.407310704961,0.241706578587,0.241706578587,0,0.676476723052,0.592689295039,0,0,1,0
JOINT_T1,DUMMY_PRIOR,NONE,EVALUATION_YEAR,2025,687,281,0.409024745269,0.5,0.409024745269,0.241902931444,0.241902931444,0,0.676870424844,0.590975254731,0,0,1,0
JOINT_T1,DUMMY_PRIOR,NONE,EVALUATION_YEAR,2026,260,101,0.388461538462,0.5,0.388461538462,0.23869290903,0.23869290903,0,0.670397456717,0.611538461538,0,0,1,0
JOINT_T1,LOGIT_FULL,FS3_FULL_SIGNAL_STATE,EVALUATION_YEAR,2016,525,224,0.426666666667,0.610939724727,0.491716839816,0.262191644025,0.244728324861,-0.071357981035,0.738738382821,0.579047619048,0.514018691589,0.245535714286,0.827242524917,0.332326283988
JOINT_T1,LOGIT_FULL,FS3_FULL_SIGNAL_STATE,EVALUATION_YEAR,2017,1214,672,0.553542009885,0.652609383237,0.685743766188,0.259222953255,0.26152861493,0.00881609714312,0.722984165987,0.562602965404,0.690026954178,0.380952380952,0.787822878229,0.490891658677
JOINT_T1,LOGIT_FULL,FS3_FULL_SIGNAL_STATE,EVALUATION_YEAR,2018,789,291,0.368821292776,0.674926510164,0.504939060865,0.230391847347,0.241473613543,0.0458922448406,0.652978391748,0.618504435995,0.487244897959,0.656357388316,0.596385542169,0.559297218155
JOINT_T1,LOGIT_FULL,FS3_FULL_SIGNAL_STATE,EVALUATION_YEAR,2019,732,246,0.33606557377,0.666775402322,0.50874630407,0.214515904757,0.235682545959,0.0898099649937,0.614146123837,0.659836065574,0.493927125506,0.49593495935,0.742798353909,0.494929006085
JOINT_T1,LOGIT_FULL,FS3_FULL_SIGNAL_STATE,EVALUATION_YEAR,2020,760,360,0.473684210526,0.560034722222,0.527421686265,0.293424561802,0.250542766675,-0.171155590307,0.86097117899,0.55,0.567164179104,0.211111111111,0.855,0.307692307692
JOINT_T1,LOGIT_FULL,FS3_FULL_SIGNAL_STATE,EVALUATION_YEAR,2021,1407,572,0.406538734897,0.661747833005,0.55593783159,0.239783579375,0.242347013554,0.0105775356624,0.688199561369,0.626865671642,0.655629139073,0.173076923077,0.937724550898,0.273858921162
JOINT_T1,LOGIT_FULL,FS3_FULL_SIGNAL_STATE,EVALUATION_YEAR,2022,895,277,0.309497206704,0.693841786127,0.470447351991,0.197650427092,0.22962486281,0.139246400964,0.578723375846,0.672625698324,0.46694214876,0.407942238267,0.791262135922,0.435452793834
JOINT_T1,LOGIT_FULL,FS3_FULL_SIGNAL_STATE,EVALUATION_YEAR,2023,1024,423,0.4130859375,0.671906161126,0.569249446404,0.223937700097,0.242594435205,0.076905041503,0.640853753628,0.6552734375,0.630597014925,0.399527186761,0.835274542429,0.489146164978
JOINT_T1,LOGIT_FULL,FS3_FULL_SIGNAL_STATE,EVALUATION_YEAR,2024,1149,468,0.407310704961,0.588632855153,0.457761560426,0.259545732134,0.241706578587,-0.073804997992,0.725520400363,0.590948651001,0.4921875,0.134615384615,0.904552129222,0.211409395973
JOINT_T1,LOGIT_FULL,FS3_FULL_SIGNAL_STATE,EVALUATION_YEAR,2025,687,281,0.409024745269,0.613090124993,0.522183773677,0.242538925812,0.241902931444,-0.00262913047203,0.704995840254,0.601164483261,0.514522821577,0.44128113879,0.711822660099,0.475095785441
JOINT_T1,LOGIT_FULL,FS3_FULL_SIGNAL_STATE,EVALUATION_YEAR,2026,260,101,0.388461538462,0.655208917118,0.574019455441,0.220085647154,0.23869290903,0.0779548163013,0.631023543823,0.642307692308,0.6,0.237623762376,0.899371069182,0.340425531915
JOINT_T1,LOGIT_RAW,FS2_RAW_SIGNAL_STATE,EVALUATION_YEAR,2016,525,224,0.426666666667,0.611162197437,0.491901418265,0.262098881778,0.244728324861,-0.0709789393096,0.735242711022,0.573333333333,0.5,0.236607142857,0.823920265781,0.321212121212
JOINT_T1,LOGIT_RAW,FS2_RAW_SIGNAL_STATE,EVALUATION_YEAR,2017,1214,672,0.553542009885,0.652472105078,0.685811703259,0.260492748997,0.26152861493,0.00396081298385,0.726266091517,0.558484349259,0.687845303867,0.370535714286,0.791512915129,0.481624758221
JOINT_T1,LOGIT_RAW,FS2_RAW_SIGNAL_STATE,EVALUATION_YEAR,2018,789,291,0.368821292776,0.669557956914,0.495626732896,0.232579577579,0.241473613543,0.0368323305922,0.657774193516,0.627376425856,0.496143958869,0.66323024055,0.606425702811,0.567647058824
JOINT_T1,LOGIT_RAW,FS2_RAW_SIGNAL_STATE,EVALUATION_YEAR,2019,732,246,0.33606557377,0.667695473251,0.510679864422,0.213987769319,0.235682545959,0.0920508413232,0.612896544727,0.657103825137,0.489626556017,0.479674796748,0.746913580247,0.484599589322
JOINT_T1,LOGIT_RAW,FS2_RAW_SIGNAL_STATE,EVALUATION_YEAR,2020,760,360,0.473684210526,0.563736111111,0.532271057679,0.292720419902,0.250542766675,-0.168345124412,0.857662040426,0.55,0.565217391304,0.216666666667,0.85,0.313253012048
JOINT_T1,LOGIT_RAW,FS2_RAW_SIGNAL_STATE,EVALUATION_YEAR,2021,1407,572,0.406538734897,0.665231774214,0.558750000747,0.239576291674,0.242347013554,0.0114328699115,0.689204163731,0.619758351102,0.631205673759,0.155594405594,0.937724550898,0.249649368864
JOINT_T1,LOGIT_RAW,FS2_RAW_SIGNAL_STATE,EVALUATION_YEAR,2022,895,277,0.309497206704,0.692778615074,0.468567884539,0.198405481112,0.22962486281,0.13595819423,0.580062824415,0.668156424581,0.45867768595,0.400722021661,0.788025889968,0.42774566474
JOINT_T1,LOGIT_RAW,FS2_RAW_SIGNAL_STATE,EVALUATION_YEAR,2023,1024,423,0.4130859375,0.666340181652,0.570826447161,0.224931318971,0.242594435205,0.0728092390841,0.642934708481,0.6513671875,0.623134328358,0.394799054374,0.831946755408,0.483357452967
JOINT_T1,LOGIT_RAW,FS2_RAW_SIGNAL_STATE,EVALUATION_YEAR,2024,1149,468,0.407310704961,0.586056829449,0.45482937363,0.25960968618,0.241706578587,-0.0740695917263,0.725428759968,0.583115752829,0.460992907801,0.138888888889,0.888399412628,0.213464696223
JOINT_T1,LOGIT_RAW,FS2_RAW_SIGNAL_STATE,EVALUATION_YEAR,2025,687,281,0.409024745269,0.611389653419,0.529946715681,0.242618653937,0.241902931444,-0.00295871773407,0.707533392237,0.609898107715,0.527659574468,0.44128113879,0.726600985222,0.480620155039
JOINT_T1,LOGIT_RAW,FS2_RAW_SIGNAL_STATE,EVALUATION_YEAR,2026,260,101,0.388461538462,0.677813064325,0.599239336783,0.215475523097,0.23869290903,0.097268854896,0.620845858875,0.653846153846,0.634146341463,0.257425742574,0.905660377358,0.366197183099
JOINT_T1,LOGIT_RULE,FS1_RULE_SUMMARY,EVALUATION_YEAR,2016,525,224,0.426666666667,0.684600439013,0.566502170593,0.228409904072,0.244728324861,0.0666797388397,0.649214183934,0.653333333333,0.619318181818,0.486607142857,0.777408637874,0.545
JOINT_T1,LOGIT_RULE,FS1_RULE_SUMMARY,EVALUATION_YEAR,2017,1214,672,0.553542009885,0.634115269724,0.654068066611,0.246595878112,0.26152861493,0.0570979080895,0.687065510833,0.563426688633,0.650423728814,0.456845238095,0.69557195572,0.536713286713
JOINT_T1,LOGIT_RULE,FS1_RULE_SUMMARY,EVALUATION_YEAR,2018,789,291,0.368821292776,0.679049531459,0.527355712998,0.221363162025,0.241473613543,0.0832821906394,0.633830036674,0.63371356147,0.502688172043,0.642611683849,0.628514056225,0.564102564103
JOINT_T1,LOGIT_RULE,FS1_RULE_SUMMARY,EVALUATION_YEAR,2019,732,246,0.33606557377,0.557717722239,0.354272055283,0.232920541376,0.235682545959,0.0117191732315,0.65727910494,0.569672131148,0.383050847458,0.459349593496,0.625514403292,0.417744916821
JOINT_T1,LOGIT_RULE,FS1_RULE_SUMMARY,EVALUATION_YEAR,2020,760,360,0.473684210526,0.54928125,0.501765389703,0.252694511113,0.250542766675,-0.00858833191041,0.699858545696,0.530263157895,0.504885993485,0.430555555556,0.62,0.464767616192
JOINT_T1,LOGIT_RULE,FS1_RULE_SUMMARY,EVALUATION_YEAR,2021,1407,572,0.406538734897,0.620188643692,0.525375647871,0.233896719207,0.242347013554,0.03486857223,0.660367077425,0.609097370291,0.52037037037,0.491258741259,0.689820359281,0.505395683453
JOINT_T1,LOGIT_RULE,FS1_RULE_SUMMARY,EVALUATION_YEAR,2022,895,277,0.309497206704,0.60545254869,0.411580689133,0.222887818094,0.22962486281,0.0293393521685,0.636996109187,0.641340782123,0.423076923077,0.436823104693,0.733009708738,0.429840142096
JOINT_T1,LOGIT_RULE,FS1_RULE_SUMMARY,EVALUATION_YEAR,2023,1024,423,0.4130859375,0.60937051329,0.509613731932,0.236273964333,0.242594435205,0.0260536515029,0.665853290642,0.6103515625,0.545454545455,0.340425531915,0.800332778702,0.419213973799
JOINT_T1,LOGIT_RULE,FS1_RULE_SUMMARY,EVALUATION_YEAR,2024,1149,468,0.407310704961,0.556816898227,0.442612259175,0.240638268538,0.241706578587,0.00441986335202,0.673667652568,0.572671888599,0.462295081967,0.301282051282,0.759177679883,0.364812419146
JOINT_T1,LOGIT_RULE,FS1_RULE_SUMMARY,EVALUATION_YEAR,2025,687,281,0.409024745269,0.605749171678,0.482809701615,0.237013380238,0.241902931444,0.0202128646263,0.666966802878,0.595342066958,0.510948905109,0.249110320285,0.834975369458,0.334928229665
JOINT_T1,LOGIT_RULE,FS1_RULE_SUMMARY,EVALUATION_YEAR,2026,260,101,0.388461538462,0.604987857276,0.473484530052,0.236643551548,0.23869290903,0.00858574932161,0.669126957729,0.623076923077,0.538461538462,0.207920792079,0.88679245283,0.3
JOINT_T1,RF_FULL,FS3_FULL_SIGNAL_STATE,EVALUATION_YEAR,2016,525,224,0.426666666667,0.802874347413,0.756789405972,0.195541962126,0.244728324861,0.200983530464,0.573534560585,0.697142857143,0.815533980583,0.375,0.936877076412,0.51376146789
JOINT_T1,RF_FULL,FS3_FULL_SIGNAL_STATE,EVALUATION_YEAR,2017,1214,672,0.553542009885,0.633769328765,0.652198790697,0.351890211965,0.26152861493,-0.345513232111,0.951367564192,0.455518945634,0.761904761905,0.0238095238095,0.990774907749,0.046176046176
JOINT_T1,RF_FULL,FS3_FULL_SIGNAL_STATE,EVALUATION_YEAR,2018,789,291,0.368821292776,0.699202307512,0.555593747261,0.216530988325,0.241473613543,0.103293377904,0.623029621881,0.651457541191,0.523255813953,0.618556701031,0.670682730924,0.566929133858
JOINT_T1,RF_FULL,FS3_FULL_SIGNAL_STATE,EVALUATION_YEAR,2019,732,246,0.33606557377,0.620537655994,0.445443285883,0.217426606692,0.235682545959,0.0774598695586,0.627754733688,0.653005464481,0.471014492754,0.264227642276,0.849794238683,0.338541666667
JOINT_T1,RF_FULL,FS3_FULL_SIGNAL_STATE,EVALUATION_YEAR,2020,760,360,0.473684210526,0.625576388889,0.61662427321,0.255110272806,0.250542766675,-0.0182304450105,0.711149533317,0.577631578947,0.69696969697,0.191666666667,0.925,0.300653594771
JOINT_T1,RF_FULL,FS3_FULL_SIGNAL_STATE,EVALUATION_YEAR,2021,1407,572,0.406538734897,0.590892341192,0.458290054838,0.258372761423,0.242347013554,-0.0661272760661,0.716645294374,0.593461265103,0,0,1,0
JOINT_T1,RF_FULL,FS3_FULL_SIGNAL_STATE,EVALUATION_YEAR,2022,895,277,0.309497206704,0.672146086713,0.447239368359,0.202596532557,0.22962486281,0.11770646228,0.592153805122,0.687150837989,0.489932885906,0.263537906137,0.877022653722,0.342723004695
JOINT_T1,RF_FULL,FS3_FULL_SIGNAL_STATE,EVALUATION_YEAR,2023,1024,423,0.4130859375,0.68736109636,0.5784843357,0.24264659839,0.242594435205,-0.000215022184344,0.679383600391,0.595703125,0.909090909091,0.0236406619385,0.998336106489,0.0460829493088
JOINT_T1,RF_FULL,FS3_FULL_SIGNAL_STATE,EVALUATION_YEAR,2024,1149,468,0.407310704961,0.59120260552,0.458622834252,0.240754208569,0.241706578587,0.00394019071944,0.674670924226,0.577893820714,0.417475728155,0.0918803418803,0.911894273128,0.15061295972
JOINT_T1,RF_FULL,FS3_FULL_SIGNAL_STATE,EVALUATION_YEAR,2025,687,281,0.409024745269,0.645714636327,0.501547298189,0.22858909761,0.241902931444,0.0550379185336,0.647514345296,0.593886462882,0.510204081633,0.17793594306,0.881773399015,0.263852242744
JOINT_T1,RF_FULL,FS3_FULL_SIGNAL_STATE,EVALUATION_YEAR,2026,260,101,0.388461538462,0.624509620773,0.50482858014,0.228063022203,0.23869290903,0.0445337352909,0.647490770667,0.615384615385,0.538461538462,0.0693069306931,0.962264150943,0.122807017544
JOINT_T2,DUMMY_PRIOR,NONE,EVALUATION_YEAR,2016,525,99,0.188571428571,0.5,0.188571428571,0.159543935919,0.159543935919,-4.4408920985e-16,0.50201702437,0.811428571429,0,0,1,0
JOINT_T2,DUMMY_PRIOR,NONE,EVALUATION_YEAR,2017,1214,447,0.368204283361,0.5,0.368204283361,0.24495069892,0.24495069892,0,0.687832924597,0.631795716639,0,0,1,0
JOINT_T2,DUMMY_PRIOR,NONE,EVALUATION_YEAR,2018,789,163,0.206590621039,0.5,0.206590621039,0.16919641626,0.16919641626,0,0.523364189152,0.793409378961,0,0,1,0
JOINT_T2,DUMMY_PRIOR,NONE,EVALUATION_YEAR,2019,732,110,0.150273224044,0.5,0.150273224044,0.142569144009,0.142569144009,0,0.465550924531,0.849726775956,0,0,1,0
JOINT_T2,DUMMY_PRIOR,NONE,EVALUATION_YEAR,2020,760,278,0.365789473684,0.5,0.365789473684,0.242621423045,0.242621423045,0,0.68226527624,0.634210526316,0,0,1,0
JOINT_T2,DUMMY_PRIOR,NONE,EVALUATION_YEAR,2021,1407,384,0.272921108742,0.5,0.272921108742,0.198478401382,0.198478401382,0,0.586252673556,0.727078891258,0,0,1,0
JOINT_T2,DUMMY_PRIOR,NONE,EVALUATION_YEAR,2022,895,131,0.146368715084,0.5,0.146368715084,0.140424412634,0.140424412634,0,0.460786095639,0.853631284916,0,0,1,0
JOINT_T2,DUMMY_PRIOR,NONE,EVALUATION_YEAR,2023,1024,254,0.248046875,0.5,0.248046875,0.186703156125,0.186703156125,0,0.560659766005,0.751953125,0,0,1,0
JOINT_T2,DUMMY_PRIOR,NONE,EVALUATION_YEAR,2024,1149,261,0.227154046997,0.5,0.227154046997,0.176545642202,0.176545642202,0,0.538471220537,0.772845953003,0,0,1,0
JOINT_T2,DUMMY_PRIOR,NONE,EVALUATION_YEAR,2025,687,127,0.184861717613,0.5,0.184861717613,0.155869936185,0.155869936185,0,0.493254876357,0.815138282387,0,0,1,0
JOINT_T2,DUMMY_PRIOR,NONE,EVALUATION_YEAR,2026,255,52,0.203921568627,0.5,0.203921568627,0.164798704243,0.164798704243,0,0.512609685257,0.796078431373,0,0,1,0
JOINT_T2,LOGIT_FULL,FS3_FULL_SIGNAL_STATE,EVALUATION_YEAR,2016,525,99,0.188571428571,0.508441219709,0.2547346065,0.175393606736,0.159543935919,-0.0993436116893,0.570778084793,0.792380952381,0.386363636364,0.171717171717,0.93661971831,0.237762237762
JOINT_T2,LOGIT_FULL,FS3_FULL_SIGNAL_STATE,EVALUATION_YEAR,2017,1214,447,0.368204283361,0.636665120797,0.508718147707,0.250511337991,0.24495069892,-0.0227010541138,0.739797593638,0.644975288303,0.766666666667,0.0514541387025,0.990873533246,0.0964360587002
JOINT_T2,LOGIT_FULL,FS3_FULL_SIGNAL_STATE,EVALUATION_YEAR,2018,789,163,0.206590621039,0.640800486093,0.289891578903,0.166601555549,0.16919641626,0.0153363810426,0.507558615758,0.765525982256,0.310344827586,0.110429447853,0.936102236422,0.162895927602
JOINT_T2,LOGIT_FULL,FS3_FULL_SIGNAL_STATE,EVALUATION_YEAR,2019,732,110,0.150273224044,0.694855305466,0.335512221479,0.127384254166,0.142569144009,0.106508950084,0.414674618253,0.849726775956,0.5,0.136363636364,0.975884244373,0.214285714286
JOINT_T2,LOGIT_FULL,FS3_FULL_SIGNAL_STATE,EVALUATION_YEAR,2020,760,278,0.365789473684,0.57967402012,0.423302649756,0.279599312232,0.242621423045,-0.152409827305,0.934594592686,0.627631578947,0.333333333333,0.0179856115108,0.979253112033,0.0341296928328
JOINT_T2,LOGIT_FULL,FS3_FULL_SIGNAL_STATE,EVALUATION_YEAR,2021,1407,384,0.272921108742,0.663469371131,0.421412575543,0.201237548248,0.198478401382,-0.01390149682,0.625810175029,0.731343283582,0.666666666667,0.03125,0.994134897361,0.0597014925373
JOINT_T2,LOGIT_FULL,FS3_FULL_SIGNAL_STATE,EVALUATION_YEAR,2022,895,131,0.146368715084,0.634586946965,0.268073216102,0.145291315104,0.140424412634,-0.0346585211133,0.45927213747,0.826815642458,0.366666666667,0.251908396947,0.925392670157,0.298642533937
JOINT_T2,LOGIT_FULL,FS3_FULL_SIGNAL_STATE,EVALUATION_YEAR,2023,1024,254,0.248046875,0.589620615605,0.349741654575,0.186318308189,0.186703156125,0.00206128243813,0.573183919881,0.7578125,0.65,0.0511811023622,0.990909090909,0.0948905109489
JOINT_T2,LOGIT_FULL,FS3_FULL_SIGNAL_STATE,EVALUATION_YEAR,2024,1149,261,0.227154046997,0.5874797211,0.302067303116,0.182360020878,0.176545642202,-0.0329341387511,0.580907738234,0.773716275022,0.538461538462,0.0268199233716,0.993243243243,0.0510948905109
JOINT_T2,LOGIT_FULL,FS3_FULL_SIGNAL_STATE,EVALUATION_YEAR,2025,687,127,0.184861717613,0.578838582677,0.298413854782,0.15870720192,0.155869936185,-0.0182027772936,0.54130182555,0.803493449782,0.382352941176,0.102362204724,0.9625,0.16149068323
JOINT_T2,LOGIT_FULL,FS3_FULL_SIGNAL_STATE,EVALUATION_YEAR,2026,255,52,0.203921568627,0.741000378931,0.46519771352,0.139589986456,0.164798704243,0.152966723269,0.44465244164,0.811764705882,0.642857142857,0.173076923077,0.975369458128,0.272727272727
JOINT_T2,LOGIT_RAW,FS2_RAW_SIGNAL_STATE,EVALUATION_YEAR,2016,525,99,0.188571428571,0.506378337364,0.251284365246,0.172722999432,0.159543935919,-0.0826046031568,0.563137077167,0.79619047619,0.404761904762,0.171717171717,0.941314553991,0.241134751773
JOINT_T2,LOGIT_RAW,FS2_RAW_SIGNAL_STATE,EVALUATION_YEAR,2017,1214,447,0.368204283361,0.638315993338,0.518046861951,0.251055034133,0.24495069892,-0.0249206686888,0.745231538439,0.644975288303,0.785714285714,0.0492170022371,0.992177314211,0.0926315789474
JOINT_T2,LOGIT_RAW,FS2_RAW_SIGNAL_STATE,EVALUATION_YEAR,2018,789,163,0.206590621039,0.634871322448,0.285128561843,0.169127086303,0.16919641626,0.000409760197216,0.513602355961,0.752851711027,0.271428571429,0.116564417178,0.918530351438,0.163090128755
JOINT_T2,LOGIT_RAW,FS2_RAW_SIGNAL_STATE,EVALUATION_YEAR,2019,732,110,0.150273224044,0.701812335574,0.333426413099,0.126889425216,0.142569144009,0.10997974984,0.413646952881,0.852459016393,0.538461538462,0.127272727273,0.980707395498,0.205882352941
JOINT_T2,LOGIT_RAW,FS2_RAW_SIGNAL_STATE,EVALUATION_YEAR,2020,760,278,0.365789473684,0.584786113018,0.427519298745,0.278801475965,0.242621423045,-0.149121427389,0.931656995299,0.630263157895,0.4,0.0215827338129,0.98132780083,0.0409556313993
JOINT_T2,LOGIT_RAW,FS2_RAW_SIGNAL_STATE,EVALUATION_YEAR,2021,1407,384,0.272921108742,0.668155852884,0.42751243432,0.200452115044,0.198478401382,-0.00994422389216,0.623254172543,0.733475479744,0.764705882353,0.0338541666667,0.996089931574,0.0648379052369
JOINT_T2,LOGIT_RAW,FS2_RAW_SIGNAL_STATE,EVALUATION_YEAR,2022,895,131,0.146368715084,0.624545381879,0.261432114069,0.14787514938,0.140424412634,-0.0530586997391,0.465464507641,0.815642458101,0.326530612245,0.24427480916,0.913612565445,0.279475982533
JOINT_T2,LOGIT_RAW,FS2_RAW_SIGNAL_STATE,EVALUATION_YEAR,2023,1024,254,0.248046875,0.580565497495,0.342724858531,0.18753284748,0.186703156125,-0.00444390642243,0.577761191121,0.7578125,0.65,0.0511811023622,0.990909090909,0.0948905109489
JOINT_T2,LOGIT_RAW,FS2_RAW_SIGNAL_STATE,EVALUATION_YEAR,2024,1149,261,0.227154046997,0.576244347796,0.302877683622,0.182600455731,0.176545642202,-0.0342960236984,0.582565851214,0.774586597041,0.571428571429,0.0306513409962,0.993243243243,0.0581818181818
JOINT_T2,LOGIT_RAW,FS2_RAW_SIGNAL_STATE,EVALUATION_YEAR,2025,687,127,0.184861717613,0.566732283465,0.295156076372,0.158716841402,0.155869936185,-0.0182646204042,0.541624032882,0.806404657933,0.40625,0.102362204724,0.966071428571,0.163522012579
JOINT_T2,LOGIT_RAW,FS2_RAW_SIGNAL_STATE,EVALUATION_YEAR,2026,255,52,0.203921568627,0.772641151951,0.496062527903,0.133872628015,0.164798704243,0.187659705031,0.430248346643,0.811764705882,0.642857142857,0.173076923077,0.975369458128,0.272727272727
JOINT_T2,LOGIT_RULE,FS1_RULE_SUMMARY,EVALUATION_YEAR,2016,525,99,0.188571428571,0.445606297719,0.162008958774,0.165244428668,0.159543935919,-0.0357299242784,0.514650537771,0.811428571429,0,0,1,0
JOINT_T2,LOGIT_RULE,FS1_RULE_SUMMARY,EVALUATION_YEAR,2017,1214,447,0.368204283361,0.557313861204,0.426802968831,0.240289395508,0.24495069892,0.0190295575094,0.676074418293,0.631795716639,0,0,1,0
JOINT_T2,LOGIT_RULE,FS1_RULE_SUMMARY,EVALUATION_YEAR,2018,789,163,0.206590621039,0.553783884435,0.239218178644,0.166733223855,0.16919641626,0.0145581830844,0.51562496394,0.793409378961,0,0,1,0
JOINT_T2,LOGIT_RULE,FS1_RULE_SUMMARY,EVALUATION_YEAR,2019,732,110,0.150273224044,0.435559777843,0.127635434379,0.145261093114,0.142569144009,-0.0188817091045,0.470940831408,0.849726775956,0,0,1,0
JOINT_T2,LOGIT_RULE,FS1_RULE_SUMMARY,EVALUATION_YEAR,2020,760,278,0.365789473684,0.538139198185,0.405867990796,0.240284501276,0.242621423045,0.00963196794117,0.676529449095,0.634210526316,0,0,1,0
JOINT_T2,LOGIT_RULE,FS1_RULE_SUMMARY,EVALUATION_YEAR,2021,1407,384,0.272921108742,0.562255620723,0.303002928031,0.197068447086,0.198478401382,0.00710381727683,0.582083869432,0.727078891258,0,0,1,0
JOINT_T2,LOGIT_RULE,FS1_RULE_SUMMARY,EVALUATION_YEAR,2022,895,131,0.146368715084,0.577654769993,0.176584167857,0.137734339821,0.140424412634,0.0191567318151,0.452176120387,0.853631284916,0,0,1,0
JOINT_T2,LOGIT_RULE,FS1_RULE_SUMMARY,EVALUATION_YEAR,2023,1024,254,0.248046875,0.529335821659,0.276724055722,0.186179800029,0.186703156125,0.00280314541578,0.55846904751,0.751953125,0,0,1,0
JOINT_T2,LOGIT_RULE,FS1_RULE_SUMMARY,EVALUATION_YEAR,2024,1149,261,0.227154046997,0.564780297539,0.280937589693,0.174397744586,0.176545642202,0.0121662454485,0.531428348988,0.772845953003,0,0,1,0
JOINT_T2,LOGIT_RULE,FS1_RULE_SUMMARY,EVALUATION_YEAR,2025,687,127,0.184861717613,0.648390044994,0.254166126574,0.152819360722,0.155869936185,0.019571288326,0.484104642899,0.815138282387,0,0,1,0
JOINT_T2,LOGIT_RULE,FS1_RULE_SUMMARY,EVALUATION_YEAR,2026,255,52,0.203921568627,0.538698370595,0.246481331508,0.169487225492,0.164798704243,-0.0284499885474,0.533824195179,0.796078431373,0,0,1,0
JOINT_T2,RF_FULL,FS3_FULL_SIGNAL_STATE,EVALUATION_YEAR,2016,525,99,0.188571428571,0.848081756532,0.553026286131,0.129832946342,0.159543935919,0.186224499265,0.419247475697,0.809523809524,0,0,0.99765258216,0
JOINT_T2,RF_FULL,FS3_FULL_SIGNAL_STATE,EVALUATION_YEAR,2017,1214,447,0.368204283361,0.67656898518,0.5430362694,0.279995534823,0.24495069892,-0.143068936148,0.817656676822,0.631795716639,0,0,1,0
JOINT_T2,RF_FULL,FS3_FULL_SIGNAL_STATE,EVALUATION_YEAR,2018,789,163,0.206590621039,0.632744663753,0.298801353895,0.160163670214,0.16919641626,0.0533861546536,0.496804666119,0.782002534854,0.263157894737,0.0306748466258,0.977635782748,0.0549450549451
JOINT_T2,RF_FULL,FS3_FULL_SIGNAL_STATE,EVALUATION_YEAR,2019,732,110,0.150273224044,0.584302835428,0.200033357417,0.13499429819,0.142569144009,0.0531310324693,0.439352053056,0.849726775956,0.5,0.00909090909091,0.998392282958,0.0178571428571
JOINT_T2,RF_FULL,FS3_FULL_SIGNAL_STATE,EVALUATION_YEAR,2020,760,278,0.365789473684,0.613928773993,0.46190554436,0.266683855138,0.242621423045,-0.0991768648919,0.776318873492,0.640789473684,1,0.0179856115108,1,0.0353356890459
JOINT_T2,RF_FULL,FS3_FULL_SIGNAL_STATE,EVALUATION_YEAR,2021,1407,384,0.272921108742,0.614120030955,0.428951907187,0.201577106322,0.198478401382,-0.0156123029922,0.607766773864,0.727078891258,0,0,1,0
JOINT_T2,RF_FULL,FS3_FULL_SIGNAL_STATE,EVALUATION_YEAR,2022,895,131,0.146368715084,0.653351185005,0.222062529128,0.132901153114,0.140424412634,0.0535751539094,0.432791952398,0.830167597765,0.0434782608696,0.00763358778626,0.971204188482,0.012987012987
JOINT_T2,RF_FULL,FS3_FULL_SIGNAL_STATE,EVALUATION_YEAR,2023,1024,254,0.248046875,0.613539216689,0.305851203271,0.195646751901,0.186703156125,-0.0479027562322,0.594161194531,0.751953125,0,0,1,0
JOINT_T2,RF_FULL,FS3_FULL_SIGNAL_STATE,EVALUATION_YEAR,2024,1149,261,0.227154046997,0.641861689275,0.3424966635,0.167969723943,0.176545642202,0.048576210391,0.514790044414,0.772845953003,0,0,1,0
JOINT_T2,RF_FULL,FS3_FULL_SIGNAL_STATE,EVALUATION_YEAR,2025,687,127,0.184861717613,0.649521934758,0.304289619263,0.144498539962,0.155869936185,0.0729543906998,0.459972203922,0.813682678311,0,0,0.998214285714,0
JOINT_T2,RF_FULL,FS3_FULL_SIGNAL_STATE,EVALUATION_YEAR,2026,255,52,0.203921568627,0.791398256915,0.439033502573,0.147630585573,0.164798704243,0.104176296466,0.456997060924,0.788235294118,0,0,0.990147783251,0
JOINT_T1,DUMMY_PRIOR,NONE,POOLED_OOS,POOLED_OOS,9442,3915,0.414636729506,0.480702396525,0.398883100992,0.243625762281,0.243625762281,0,0.680354648508,0.585363270494,0,0,1,0
JOINT_T1,LOGIT_FULL,FS3_FULL_SIGNAL_STATE,POOLED_OOS,POOLED_OOS,9442,3915,0.414636729506,0.628181311712,0.523209755225,0.241453520972,0.243625762281,0.00891630379687,0.68938181422,0.613217538657,0.556656613529,0.330012771392,0.813823050479,0.414368184734
JOINT_T1,LOGIT_RAW,FS2_RAW_SIGNAL_STATE,POOLED_OOS,POOLED_OOS,9442,3915,0.414636729506,0.627085472201,0.522704022177,0.241731896048,0.243625762281,0.00777366981164,0.690042507437,0.610993433595,0.552517361111,0.325159642401,0.813461190519,0.409390577263
JOINT_T1,LOGIT_RULE,FS1_RULE_SUMMARY,POOLED_OOS,POOLED_OOS,9442,3915,0.414636729506,0.606131770172,0.493544053779,0.235951546495,0.243625762281,0.0315000175433,0.664621137032,0.596483795806,0.51644221735,0.421200510856,0.720644110729,0.463984243106
JOINT_T1,RF_FULL,FS3_FULL_SIGNAL_STATE,POOLED_OOS,POOLED_OOS,9442,3915,0.414636729506,0.586544632515,0.499135188164,0.247831545313,0.243625762281,-0.0172632934748,0.695827111669,0.597542893455,0.553290083411,0.152490421456,0.912791749593,0.239086904285
JOINT_T2,DUMMY_PRIOR,NONE,POOLED_OOS,POOLED_OOS,9437,2306,0.244357316944,0.447835014971,0.220642076719,0.185594980689,0.185594980689,0,0.558492000643,0.755642683056,0,0,1,0
JOINT_T2,LOGIT_FULL,FS3_FULL_SIGNAL_STATE,POOLED_OOS,POOLED_OOS,9437,2306,0.244357316944,0.587102560763,0.319009830537,0.189839742479,0.185594980689,-0.022871102303,0.597997007872,0.751827911413,0.450819672131,0.0715524718127,0.971813209928,0.123502994012
JOINT_T2,LOGIT_RAW,FS2_RAW_SIGNAL_STATE,POOLED_OOS,POOLED_OOS,9437,2306,0.244357316944,0.585680773015,0.318146049698,0.190004850315,0.185594980689,-0.0237607159964,0.598998963104,0.750980184381,0.441489361702,0.071986123157,0.970551114851,0.123788217748
JOINT_T2,LOGIT_RULE,FS1_RULE_SUMMARY,POOLED_OOS,POOLED_OOS,9437,2306,0.244357316944,0.548228615443,0.269769346379,0.184248099207,0.185594980689,0.0072571007963,0.554365074887,0.755642683056,0,0,1,0
JOINT_T2,RF_FULL,FS3_FULL_SIGNAL_STATE,POOLED_OOS,POOLED_OOS,9437,2306,0.244357316944,0.56652142296,0.302068503572,0.187428512424,0.185594980689,-0.00987920971106,0.571288935652,0.752569672565,0.22641509434,0.00520381613183,0.994250455757,0.0101738024587
JOINT_T1,DUMMY_PRIOR,NONE,ERA,2016-2020,4020,1793,0.446019900498,0.414190193816,0.404329150525,0.248615153353,0.248615153353,0,0.690403992634,0.553980099502,0,0,1,0
JOINT_T1,DUMMY_PRIOR,NONE,ERA,2021-2023,3326,1272,0.382441371016,0.503412386018,0.390309081522,0.238999760053,0.238999760053,0,0.671046141139,0.617558628984,0,0,1,0
JOINT_T1,DUMMY_PRIOR,NONE,ERA,2024-2026,2096,850,0.405534351145,0.503753658767,0.407311659974,0.241397103552,0.241397103552,0,0.675851658111,0.594465648855,0,0,1,0
JOINT_T1,LOGIT_FULL,FS3_FULL_SIGNAL_STATE,ERA,2016-2020,4020,1793,0.446019900498,0.615020344297,0.539319806324,0.252277302282,0.248615153353,-0.0147301919456,0.71757050703,0.591044776119,0.559552358114,0.390407138873,0.75258194881,0.459921156373
JOINT_T1,LOGIT_FULL,FS3_FULL_SIGNAL_STATE,ERA,2021-2023,3326,1272,0.382441371016,0.662269662508,0.524753127014,0.223567298054,0.238999760053,0.0645710355326,0.644163694511,0.647925435959,0.576399394856,0.299528301887,0.863680623174,0.394205897569
JOINT_T1,LOGIT_FULL,FS3_FULL_SIGNAL_STATE,ERA,2024-2026,2096,850,0.405534351145,0.587986025871,0.487145140529,0.249076601391,0.241397103552,-0.0318127174076,0.707071184955,0.600667938931,0.515892420538,0.248235294118,0.841091492777,0.335186656076
JOINT_T1,LOGIT_RAW,FS2_RAW_SIGNAL_STATE,ERA,2016-2020,4020,1793,0.446019900498,0.613742110903,0.53715935796,0.252848747063,0.248615153353,-0.0170287034114,0.718193213566,0.590298507463,0.559061488673,0.385387618516,0.755276156264,0.456256190162
JOINT_T1,LOGIT_RAW,FS2_RAW_SIGNAL_STATE,ERA,2021-2023,3326,1272,0.382441371016,0.660428263918,0.524973575794,0.223988700724,0.238999760053,0.0628078426744,0.645589785841,0.642513529765,0.563748079877,0.288522012579,0.861733203505,0.381695267811
JOINT_T1,LOGIT_RAW,FS2_RAW_SIGNAL_STATE,ERA,2024-2026,2096,850,0.405534351145,0.588308941554,0.490162908129,0.248565925897,0.241397103552,-0.0296972177359,0.706590176039,0.600667938931,0.515587529976,0.252941176471,0.837881219904,0.339384372534
JOINT_T1,LOGIT_RULE,FS1_RULE_SUMMARY,ERA,2016-2020,4020,1793,0.446019900498,0.608759154433,0.514863784104,0.237931292348,0.248615153353,0.0429734907993,0.668668575919,0.583830845771,0.536991368681,0.485778025655,0.662775033678,0.510102489019
JOINT_T1,LOGIT_RULE,FS1_RULE_SUMMARY,ERA,2021-2023,3326,1272,0.382441371016,0.611884962919,0.491636005861,0.231666211845,0.238999760053,0.0306843329313,0.655767217462,0.618159951894,0.500917431193,0.429245283019,0.735150925024,0.462320067739
JOINT_T1,LOGIT_RULE,FS1_RULE_SUMMARY,ERA,2024-2026,2096,850,0.405534351145,0.576224152582,0.452513089359,0.238954621267,0.241397103552,0.0101181093277,0.67090807986,0.586354961832,0.482328482328,0.272941176471,0.800160513644,0.348610067618
JOINT_T1,RF_FULL,FS3_FULL_SIGNAL_STATE,ERA,2016-2020,4020,1793,0.446019900498,0.577869432366,0.533876800553,0.262123701657,0.248615153353,-0.0543351767661,0.733240385393,0.584577114428,0.587234042553,0.230897936419,0.869330938482,0.331465172138
JOINT_T1,RF_FULL,FS3_FULL_SIGNAL_STATE,ERA,2021-2023,3326,1272,0.382441371016,0.602210061056,0.4550817706,0.238522095223,0.238999760053,0.00199859961923,0.67167359939,0.619362597715,0.51875,0.065251572327,0.962512171373,0.115921787709
JOINT_T1,RF_FULL,FS3_FULL_SIGNAL_STATE,ERA,2024-2026,2096,850,0.405534351145,0.608992540837,0.474659987721,0.235192596124,0.241397103552,0.0257024932642,0.662398305118,0.587786259542,0.467289719626,0.117647058824,0.908507223114,0.187969924812
JOINT_T2,DUMMY_PRIOR,NONE,ERA,2016-2020,4020,1097,0.272885572139,0.386796977793,0.235000392792,0.199845667215,0.199845667215,0,0.589758044825,0.727114427861,0,0,1,0
JOINT_T2,DUMMY_PRIOR,NONE,ERA,2021-2023,3326,769,0.23120865905,0.444894633818,0.213015874178,0.179231206231,0.179231206231,-2.22044604925e-16,0.544611144822,0.76879134095,0,0,1,0
JOINT_T2,DUMMY_PRIOR,NONE,ERA,2024-2026,2091,440,0.210425633668,0.525364792688,0.220609361758,0.168320066299,0.168320066299,0,0.520461502724,0.789574366332,0,0,1,0
JOINT_T2,LOGIT_FULL,FS3_FULL_SIGNAL_STATE,ERA,2016-2020,4020,1097,0.272885572139,0.579849376164,0.341593462546,0.207311389685,0.199845667215,-0.0373574397368,0.649768714435,0.721890547264,0.440677966102,0.0711030082042,0.96613068765,0.122448979592
JOINT_T2,LOGIT_FULL,FS3_FULL_SIGNAL_STATE,ERA,2021-2023,3326,769,0.23120865905,0.599596812951,0.3070129471,0.181589568547,0.179231206231,-0.0131582125998,0.564793690096,0.765183403488,0.453125,0.075422626788,0.972624168948,0.129319955407
JOINT_T2,LOGIT_FULL,FS3_FULL_SIGNAL_STATE,ERA,2024-2026,2091,440,0.210425633668,0.567054402291,0.296953869357,0.169373007295,0.168320066299,-0.00625558805584,0.551278679102,0.788139646102,0.475409836066,0.0659090909091,0.980617807389,0.115768463074
JOINT_T2,LOGIT_RAW,FS2_RAW_SIGNAL_STATE,ERA,2016-2020,4020,1097,0.272885572139,0.579114002017,0.341489335842,0.207381551797,0.199845667215,-0.0377085212146,0.650855521882,0.720895522388,0.430939226519,0.0711030082042,0.964762230585,0.1220657277
JOINT_T2,LOGIT_RAW,FS2_RAW_SIGNAL_STATE,ERA,2021-2023,3326,769,0.23120865905,0.596636480189,0.303765625614,0.182326524468,0.179231206231,-0.0172699738064,0.566787977996,0.763078773301,0.42962962963,0.075422626788,0.969886585843,0.128318584071
JOINT_T2,LOGIT_RAW,FS2_RAW_SIGNAL_STATE,ERA,2024-2026,2091,440,0.210425633668,0.567325587798,0.303093396056,0.168811053956,0.168320066299,-0.00291698825727,0.550539073184,0.789574366332,0.5,0.0681818181818,0.981829194428,0.12
JOINT_T2,LOGIT_RULE,FS1_RULE_SUMMARY,ERA,2016-2020,4020,1097,0.272885572139,0.516623104533,0.278405801469,0.198747389539,0.199845667215,0.005495629157,0.586235085221,0.727114427861,0,0,1,0
JOINT_T2,LOGIT_RULE,FS1_RULE_SUMMARY,ERA,2021-2023,3326,769,0.23120865905,0.564146306856,0.268669943715,0.177749745766,0.179231206231,0.00826563909232,0.539856264789,0.76879134095,0,0,1,0
JOINT_T2,LOGIT_RULE,FS1_RULE_SUMMARY,ERA,2024-2026,2091,440,0.210425633668,0.588665271736,0.262420811838,0.166709302652,0.168320066299,0.00956964717285,0.516172277585,0.789574366332,0,0,1,0
JOINT_T2,RF_FULL,FS3_FULL_SIGNAL_STATE,ERA,2016-2020,4020,1097,0.272885572139,0.546959627086,0.315596609668,0.207945663702,0.199845667215,-0.0405312589476,0.625952004642,0.725870646766,0.407407407407,0.0100273473108,0.994526171741,0.0195729537367
JOINT_T2,RF_FULL,FS3_FULL_SIGNAL_STATE,ERA,2021-2023,3326,769,0.23120865905,0.564660716166,0.282406083549,0.181271134871,0.179231206231,-0.0113815483491,0.556493599346,0.762477450391,0.0434782608696,0.00130039011704,0.991396167384,0.00252525252525
JOINT_T2,RF_FULL,FS3_FULL_SIGNAL_STATE,ERA,2024-2026,2091,440,0.210425633668,0.655883486592,0.333499257226,0.157777861829,0.168320066299,0.0626318935191,0.489731666983,0.788139646102,0,0,0.998182919443,0
