Friction Multiplier,Policy,Starting Equity,Ending Equity,Total Return %,CAGR %,Annualized Volatility %,Sharpe RF 6%,Sharpe RF 0%,Sortino,Max Drawdown %,Trades,Win Rate %,Average Winner,Average Loser,Expectancy R,Median R,Profit Factor,Average Holding Days,Median Holding Days,Maximum Holding Days,Average Exposure %,Median Exposure %,Days Fully Cash,Average Open Positions,Capacity Rejects,Total Slippage,Total Transaction Costs
0.5,D1_TRAIL_ONLY,100000.0,126692.50736950664,26.692507369506636,2.245169685402315,4.02627588783475,-0.9083067064978245,0.5819041402374394,-0.900250828618297,-10.941802103071241,285,25.6140350877193,1422.5490059409308,-363.93193426500585,0.11143034353621051,-0.28459967961721006,1.3459659397135115,6.392982456140351,3.0,34,11.167024631093684,0.0,1573,0.5830804248861912,1,2180.5763376663444,3341.2611753090805
0.5,D2_BREAK_EVEN_TRAIL,100000.0,122326.89469645679,22.32689469645679,1.909252435209674,3.9869982226247456,-1.001734786923232,0.5031567793564345,-0.9820708727136653,-10.97905004705556,285,24.912280701754387,1376.8689452813765,-352.48037578748114,0.09616370464894612,-0.28459967961721006,1.2959917510165346,6.347368421052631,3.0,34,11.032567140352931,0.0,1581,0.5781487101669196,1,2136.970349463713,3273.9315827141677
0.5,D3_PARTIAL_T1_TRAIL,100000.0,120053.17144388403,20.053171443884032,1.7299723049399862,3.716966990763456,-1.1255593096173373,0.4886600296745659,-1.0679838538015616,-10.26866083499387,285,25.964912280701753,1265.5291319793107,-348.79613423026046,0.08957877949061653,-0.28459967961721006,1.2724764350726967,6.389473684210526,3.0,34,9.972387112511772,0.0,1576,0.582701062215478,1,2088.517472027135,3192.117753000175
0.5,D4_TREND_PROTECT,100000.0,117991.33499547932,17.991334995479313,1.5647189651025517,3.5799873200125827,-1.2162910389967225,0.4596925507940119,-1.1671658521319506,-9.771017634867441,285,25.6140350877193,1193.0431997698083,-325.94725748922997,0.0761482730109209,-0.2802130275237023,1.2603635581051909,6.196491228070175,3.0,34,9.50394644830554,0.0,1609,0.5618361153262519,0,2080.4349399448433,3177.7654352166264
0.5,D5_RESISTANCE_TIGHTEN,100000.0,119460.68776369741,19.460687763697404,1.6827505494471096,3.6779014156695093,-1.1507671377379904,0.4805979593353866,-1.0643134259710239,-10.681980613188724,287,25.78397212543554,1258.6821932302112,-345.9239180062824,0.08801377289563106,-0.28459967961721006,1.2641179939552645,5.937282229965157,3.0,30,9.535060672529948,0.0,1630,0.537556904400607,1,2085.59475760398,3192.6146327688143
0.5,D6_HYBRID_DYNAMIC,100000.0,117567.43574002598,17.56743574002597,1.5304200201659457,3.5391376960375864,-1.2404627003440323,0.4548655166726695,-1.159454606253872,-10.157292631172432,287,25.435540069686414,1187.0727121342823,-322.84519741017107,0.07404997990049071,-0.2802130275237023,1.2542730134243851,5.7456445993031355,3.0,30,9.058389358304137,0.0,1663,0.5166919575113809,0,2069.324343806257,3168.7337130060628
1.0,D1_TRAIL_ONLY,100000.0,120093.40818664423,20.093408186644226,1.7331715651083712,4.0017100279863635,-1.0419265585376076,0.4574324549937061,-1.0165847332805857,-11.82586311986964,285,25.263157894736842,1379.1035950296503,-371.8406134060587,0.08499717748146751,-0.3033588120922218,1.253698080041459,6.392982456140351,3.0,34,11.014154690292317,0.0,1573,0.5830804248861912,1,4197.382854173885,6483.041136760385
1.0,D2_BREAK_EVEN_TRAIL,100000.0,116768.15815020405,16.768158150204048,1.4654421272180196,3.979924003680657,-1.1152991203244453,0.3922673544251138,-1.0772139668409253,-11.749281375836373,285,24.561403508771928,1345.6682071684065,-360.1330993096944,0.06990155419704905,-0.3033588120922218,1.216562802492351,6.347368421052631,3.0,34,10.893530043472275,0.0,1581,0.5781487101669196,1,4125.7550163147025,6366.640305393494
1.0,D3_PARTIAL_T1_TRAIL,100000.0,114683.6912583172,14.68369125831719,1.2940682542398996,3.7352370627735096,-1.236985477302411,0.3693382711412408,-1.1628458443480778,-11.029373511055773,285,25.6140350877193,1241.0541199274683,-358.0814127188111,0.06411330204876119,-0.3033588120922218,1.193427226754977,6.389473684210526,3.0,34,9.970838711569169,0.0,1576,0.582701062215478,1,4047.8232616766245,6247.6903765477755
1.0,D4_TREND_PROTECT,100000.0,112864.0502778603,12.864050277860306,1.1421437069406126,3.591383399489735,-1.3305831330348747,0.340082271514381,-1.2669784919958904,-10.465929958971632,285,25.263157894736842,1167.652121633603,-334.3047064777424,0.050381183274567476,-0.29687566274380456,1.1806573496370938,6.196491228070175,3.0,34,9.507212305564785,0.0,1609,0.5618361153262519,0,4020.061218691087,6199.53010801484
1.0,D5_RESISTANCE_TIGHTEN,100000.0,114128.78865780316,14.12878865780316,1.2479714871273861,3.6792513005486702,-1.2689754974170355,0.3617910661784566,-1.1646722584920464,-11.317372795327385,287,25.435540069686414,1228.108843166885,-352.9119480999039,0.06152619422921671,-0.3033588120922218,1.1870788939311638,5.937282229965157,3.0,30,9.515765457069179,0.0,1630,0.537556904400607,1,4021.511364159677,6214.347213688521
1.0,D6_HYBRID_DYNAMIC,100000.0,112424.67855400709,12.424678554007084,1.105127386275151,3.548092612440376,-1.3577629467017376,0.33328648615768347,-1.2591758146616354,-10.831213999501422,287,25.087108013937282,1158.8347763138313,-330.2856992585531,0.04780723671633425,-0.29687566274380456,1.1749673168002897,5.7456445993031355,3.0,30,9.044191879859238,0.0,1663,0.5166919575113809,0,3996.369076447931,6171.709242527594
1.5,D1_TRAIL_ONLY,100000.0,115156.30475601523,15.156304756015238,1.3331700173470296,4.014993128461251,-1.1383052296572682,0.3560933429000661,-1.1019680075075369,-12.429839426488043,285,24.912280701754387,1354.737704149399,-378.6451973765988,0.058990948411244276,-0.3258894129647504,1.1870454306320697,6.392982456140351,3.0,34,11.000853222840936,0.0,1573,0.5830804248861912,1,6108.469896298038,9495.270258887736
1.5,D2_BREAK_EVEN_TRAIL,100000.0,111961.00264625017,11.961002646250174,1.0659210410056907,4.00783928800979,-1.2075332059422088,0.2895328111384,-1.157886937337665,-12.559037149621632,285,24.210526315789473,1327.3187787432553,-368.62959762516,0.04406307620694728,-0.3258894129647504,1.150218573353585,6.347368421052631,3.0,34,10.911200219919033,0.0,1581,0.5781487101669196,1,6020.603810724436,9354.132864767485
1.5,D3_PARTIAL_T1_TRAIL,100000.0,109851.52630264185,9.851526302641854,0.885674787450097,3.7434840986927105,-1.3441142195182307,0.2586707374407967,-1.2524723584101296,-11.720629029147144,285,25.263157894736842,1214.9134528152886,-364.4236727702294,0.0377245758639832,-0.3258894129647503,1.126916280833006,6.389473684210526,3.0,34,9.931881043125408,0.0,1576,0.582701062215478,1,5864.2901059180585,9104.654121039053
1.5,D4_TREND_PROTECT,100000.0,107590.31095621524,7.590310956215229,0.688946152619585,3.601964258871478,-1.4535771287603796,0.2121806547107544,-1.3637186097945606,-11.157974458363473,285,24.912280701754387,1136.678849450393,-341.65367922786214,0.024356335239780577,-0.315646980800885,1.103814900709434,6.196491228070175,3.0,34,9.437979947760908,0.0,1609,0.5618361153262519,0,5819.054695653055,9022.89063934206
1.5,D5_RESISTANCE_TIGHTEN,100000.0,109175.44075035806,9.175440750358055,0.827242009235829,3.6991272118695364,-1.3766330671430738,0.24537116692261668,-1.2502238486514643,-11.982457320877671,287,25.087108013937282,1201.979095658735,-359.846763428236,0.03554034816737655,-0.3258894129647503,1.1185962274601036,5.937282229965157,3.0,30,9.475152922689476,0.0,1630,0.537556904400607,1,5836.9234694477955,9073.285156792253
1.5,D6_HYBRID_DYNAMIC,100000.0,106759.74893250394,6.759748932503928,0.6157443287085007,3.5478053621057564,-1.4971948993113333,0.19399145044906443,-1.3724602160685269,-11.580038139082072,287,24.738675958188153,1123.8366514854647,-338.1141357544624,0.022174083654637692,-0.315646980800885,1.0925578987608635,5.7456445993031355,3.0,30,8.98942373796887,0.0,1663,0.5166919575113809,0,5794.893180877806,8995.020377754638
2.0,D1_TRAIL_ONLY,100000.0,110206.8208239009,10.206820823900898,0.9162517075872456,4.023216039234228,-1.2402884725681833,0.2510557509306943,-1.1927173927662837,-13.186832617970111,285,23.50877192982456,1389.3702318904157,-380.1880032695267,0.0334030480396884,-0.34562397948086365,1.1231503324830794,6.392982456140351,3.0,34,10.982725135295105,0.0,1573,0.5830804248861912,1,7894.212611072253,12342.493987509797
2.0,D2_BREAK_EVEN_TRAIL,100000.0,108425.62241998495,8.425622419984947,0.7620519162160111,4.0188192699313525,-1.2804509984002654,0.21252482285444083,-1.2232359746224108,-13.206469220400319,285,23.157894736842106,1378.2827557758824,-376.899723567229,0.026164213054144386,-0.34562397948086365,1.1020779781183074,6.3578947368421055,3.0,34,10.906554724700827,0.0,1580,0.5792867981790591,1,7872.5765634935815,12310.082347672309
2.0,D3_PARTIAL_T1_TRAIL,100000.0,105354.19452413668,5.3541945241366795,0.49068154682823106,3.7548396861125473,-1.4463647942651867,0.15157293452554813,-1.3410582159050723,-12.451490283453449,285,24.561403508771928,1215.5838553074805,-370.8682574297062,0.015465326423441046,-0.34562397948086365,1.0671484545952075,6.424561403508772,3.0,34,9.947838051970848,0.0,1574,0.58649468892261,1,7621.305186294038,11891.055541907284
2.0,D4_TREND_PROTECT,100000.0,103412.16173604656,3.4121617360465706,0.3153731732186138,3.6224550720535187,-1.5496786687998367,0.10665657364077796,-1.4479606894930193,-11.953281553306649,285,23.859649122807017,1162.3624751699342,-348.5183713157091,0.002742334565153171,-0.33917484406821863,1.045117413960676,6.231578947368421,3.0,34,9.504038638196164,0.0,1607,0.5656297420333839,0,7597.988823167807,11847.39150350932
2.0,D5_RESISTANCE_TIGHTEN,100000.0,104856.71282538654,4.856712825386533,0.44605437123566016,3.719487883026696,-1.4726320471471486,0.14049325092952106,-1.3318292455627019,-12.760001401710252,287,24.390243902439025,1206.6587963652194,-366.86360792709144,0.013342095322286087,-0.34562397948086365,1.0610067736628568,5.97212543554007,3.0,30,9.50695174288414,0.0,1628,0.541350531107739,1,7584.605470363615,11860.983301960281
2.0,D6_HYBRID_DYNAMIC,100000.0,102893.3104796291,2.8933104796291076,0.2680313015456237,3.5753005657133206,-1.5840412368916084,0.09413934952935994,-1.444544903298707,-12.339264299412422,287,23.693379790940767,1152.0476817174504,-344.50197204181575,0.00012017495470757934,-0.33917484406821863,1.0383494564602889,5.780487804878049,3.0,30,9.05641386196029,0.0,1661,0.5204855842185129,0,7549.049520781764,11801.509567526744
