Variant,Year,Trades,Wins,Losses,Win Rate %,Gross Return %,Net Return %,Average R,Expectancy R,Profit Factor,Max Drawdown %,Ending Equity,Survivorship Bias Warning,Candidate Source
T1_10D,2011,0,0,0,0.0,0.0,0.0,,,,0.0,100000.0,This test uses the supplied/current ticker universe and is not a survivorship-bias-free historical index-constituent study.,REFERENCE
T1_10D,2012,26,15,11,57.692307692307686,5.966366768199438,4.955144497183461,0.2594232597121884,0.2594232597121884,1.732209889044628,-2.264162835258521,104955.14449718347,This test uses the supplied/current ticker universe and is not a survivorship-bias-free historical index-constituent study.,REFERENCE
T1_10D,2013,25,10,15,40.0,0.8517447398850673,-0.1039878312931064,0.046230356887817285,0.046230356887817285,0.9825388003472948,-3.7676509012371184,104846.0039185903,This test uses the supplied/current ticker universe and is not a survivorship-bias-free historical index-constituent study.,REFERENCE
T1_10D,2014,35,22,13,62.857142857142854,12.649995129343413,10.877260678321377,0.41553324935790464,0.41553324935790464,2.1663573035314507,-2.0797942178701456,116250.37707561842,This test uses the supplied/current ticker universe and is not a survivorship-bias-free historical index-constituent study.,REFERENCE
T1_10D,2015,22,6,16,27.27272727272727,-4.965098106660883,-5.46661545662449,-0.3389874533908188,-0.3389874533908188,0.4708155732451124,-5.947055742465146,109895.41599401842,This test uses the supplied/current ticker universe and is not a survivorship-bias-free historical index-constituent study.,REFERENCE
T1_10D,2016,17,9,8,52.94117647058824,2.123198948971545,1.4418467862597595,0.12167139814314774,0.12167139814314774,1.2531812562767306,-4.162960952960759,111479.93951777497,This test uses the supplied/current ticker universe and is not a survivorship-bias-free historical index-constituent study.,REFERENCE
T1_10D,2017,23,12,11,52.17391304347826,1.3379622075244193,0.5877726131842342,0.023807110095891253,0.023807110095891253,1.0695492203833583,-4.223009246608389,112135.18807145479,This test uses the supplied/current ticker universe and is not a survivorship-bias-free historical index-constituent study.,REFERENCE
T1_10D,2018,24,10,14,41.66666666666667,-0.7327819839271761,-1.8373462696039344,-0.09127784412087636,-0.09127784412087636,0.8327381062069409,-5.424472377771039,110074.87637651055,This test uses the supplied/current ticker universe and is not a survivorship-bias-free historical index-constituent study.,REFERENCE
T1_10D,2019,24,12,12,50.0,4.434095513032623,3.473098911804784,0.20140896847643353,0.20140896847643353,1.5713196203482716,-2.4070967110780828,113897.8857101136,This test uses the supplied/current ticker universe and is not a survivorship-bias-free historical index-constituent study.,REFERENCE
T1_10D,2020,18,9,9,50.0,0.688587640113746,0.08753384291901867,0.015187262242881385,0.015187262242881385,1.0120953686120817,-6.010690090386916,113997.58490647917,This test uses the supplied/current ticker universe and is not a survivorship-bias-free historical index-constituent study.,REFERENCE
T1_10D,2021,34,18,16,52.94117647058824,9.306807624435107,8.035562248781813,0.3163884130588999,0.3163884130588999,1.7621481699804322,-4.043066037683285,123157.93180374721,This test uses the supplied/current ticker universe and is not a survivorship-bias-free historical index-constituent study.,REFERENCE
T1_10D,2022,33,8,25,24.242424242424242,-6.24876129322415,-6.494938456292387,-0.41472776756732505,-0.41472776756732505,0.4504281419061098,-9.744894479666533,115158.89992905129,This test uses the supplied/current ticker universe and is not a survivorship-bias-free historical index-constituent study.,REFERENCE
T1_10D,2023,28,17,11,60.71428571428571,7.688758866054143,5.352142094052503,0.39849174653251945,0.39849174653251945,2.2282483264672353,-3.2639132975721297,121322.36788720185,This test uses the supplied/current ticker universe and is not a survivorship-bias-free historical index-constituent study.,REFERENCE
T1_10D,2024,22,10,12,45.45454545454545,1.1272977347685187,0.0086806671178552,-0.06574440871672854,-0.06574440871672854,1.023272436583942,-3.5776559752347614,121332.89947809764,This test uses the supplied/current ticker universe and is not a survivorship-bias-free historical index-constituent study.,REFERENCE
T1_10D,2025,19,7,12,36.84210526315789,-0.9780199841434588,-1.8182317716339602,-0.14455608497951178,-0.14455608497951178,0.6847895319131845,-2.510253630632142,119126.78615034217,This test uses the supplied/current ticker universe and is not a survivorship-bias-free historical index-constituent study.,REFERENCE
T1_10D,2026,7,1,6,14.285714285714285,-1.3431697047539604,-1.4076085396355076,-0.2579244749441841,-0.2579244749441841,0.47779769237399844,-2.24565931276145,117449.94733549663,This test uses the supplied/current ticker universe and is not a survivorship-bias-free historical index-constituent study.,REFERENCE
T1_20D,2011,0,0,0,0.0,0.0,0.0,,,,0.0,100000.0,This test uses the supplied/current ticker universe and is not a survivorship-bias-free historical index-constituent study.,REFERENCE
T1_20D,2012,23,12,11,52.17391304347826,5.362132150170808,4.455182051834616,0.26900632738450947,0.26900632738450947,1.6234825224327543,-2.069313912034987,104455.18205183462,This test uses the supplied/current ticker universe and is not a survivorship-bias-free historical index-constituent study.,REFERENCE
T1_20D,2013,23,8,15,34.78260869565217,0.5205510614564836,-0.3656053142714777,0.018951188024718645,0.018951188024718645,0.9611110043737462,-4.768607929542068,104073.28835522117,This test uses the supplied/current ticker universe and is not a survivorship-bias-free historical index-constituent study.,REFERENCE
T1_20D,2014,34,20,14,58.82352941176471,14.383970213487416,12.61035875984251,0.49345252906613946,0.49345252906613946,2.1408421753906457,-2.4447789717883084,117197.30338997995,This test uses the supplied/current ticker universe and is not a survivorship-bias-free historical index-constituent study.,REFERENCE
T1_20D,2015,21,4,17,19.047619047619047,-6.9844403973130635,-7.4052336447423155,-0.49510565888545566,-0.49510565888545566,0.3712048033558124,-7.482845823600515,108518.56924861443,This test uses the supplied/current ticker universe and is not a survivorship-bias-free historical index-constituent study.,REFERENCE
T1_20D,2016,17,6,11,35.294117647058826,0.6356613236900137,-0.04737297199254309,0.007869038760620905,0.007869038760620905,0.9939702773537119,-5.952257853622333,108467.16077719757,This test uses the supplied/current ticker universe and is not a survivorship-bias-free historical index-constituent study.,REFERENCE
T1_20D,2017,20,10,10,50.0,3.9097438091186545,3.289950123684471,0.21515688195053354,0.21515688195053354,1.4620567232750128,-3.7615732007258207,112035.67626734401,This test uses the supplied/current ticker universe and is not a survivorship-bias-free historical index-constituent study.,REFERENCE
T1_20D,2018,25,10,15,40.0,-0.06562783667693829,-1.2178197648568534,-0.04438165695483062,-0.04438165695483062,0.9056468280308652,-5.450928982898795,110671.28365806925,This test uses the supplied/current ticker universe and is not a survivorship-bias-free historical index-constituent study.,REFERENCE
T1_20D,2019,22,9,13,40.909090909090914,1.7093803902648939,0.8310070133753067,0.04605464113927474,0.04605464113927474,1.0944032064609308,-4.810762665828716,111590.96978706028,This test uses the supplied/current ticker universe and is not a survivorship-bias-free historical index-constituent study.,REFERENCE
T1_20D,2020,17,8,9,47.05882352941176,2.1730780546949955,2.4460008016981893,0.13612047484968673,0.13612047484968673,1.219322740637829,-5.043626458376771,114320.48580267455,This test uses the supplied/current ticker universe and is not a survivorship-bias-free historical index-constituent study.,REFERENCE
T1_20D,2021,35,16,19,45.714285714285715,6.808943425469202,4.711219175836945,0.22222929526635213,0.22222929526635213,1.3882130020536962,-6.374009368837252,119706.37445172011,This test uses the supplied/current ticker universe and is not a survivorship-bias-free historical index-constituent study.,REFERENCE
T1_20D,2022,30,5,25,16.666666666666664,-10.125030757923694,-10.248116980195586,-0.6368147936933775,-0.6368147936933775,0.30039319580081514,-12.43663620781874,107438.72516515687,This test uses the supplied/current ticker universe and is not a survivorship-bias-free historical index-constituent study.,REFERENCE
T1_20D,2023,27,14,13,51.85185185185185,6.208395004421792,4.0771856806155915,0.3066421960530811,0.3066421960530811,1.7908481895018094,-3.479441047315057,111819.20148302658,This test uses the supplied/current ticker universe and is not a survivorship-bias-free historical index-constituent study.,REFERENCE
T1_20D,2024,21,8,13,38.095238095238095,1.340432417687405,0.07139560775279996,-0.1008829085895165,-0.1008829085895165,1.056267613203063,-3.484711068711943,111899.03548150971,This test uses the supplied/current ticker universe and is not a survivorship-bias-free historical index-constituent study.,REFERENCE
T1_20D,2025,18,7,11,38.88888888888889,-0.9538668603005751,-1.1147972533403272,-0.17686303550932983,-0.17686303550932983,0.7580279147264388,-3.1408772659744844,110651.58810744752,This test uses the supplied/current ticker universe and is not a survivorship-bias-free historical index-constituent study.,REFERENCE
T1_20D,2026,7,2,5,28.57142857142857,-1.1000047395851122,-1.735073161605205,-0.30525858018130764,-0.30525858018130764,0.5795161651064096,-2.7955609779447554,108731.70209930526,This test uses the supplied/current ticker universe and is not a survivorship-bias-free historical index-constituent study.,REFERENCE
T1_30D,2011,0,0,0,0.0,0.0,0.0,,,,0.0,100000.0,This test uses the supplied/current ticker universe and is not a survivorship-bias-free historical index-constituent study.,REFERENCE
T1_30D,2012,22,9,13,40.909090909090914,0.9766027175059382,0.1272363984119007,0.021374512227750966,0.021374512227750966,1.0191559614927925,-4.401520734662368,100127.2363984119,This test uses the supplied/current ticker universe and is not a survivorship-bias-free historical index-constituent study.,REFERENCE
T1_30D,2013,23,9,14,39.130434782608695,1.8467291249494093,0.9590802801988874,0.09507160758543018,0.09507160758543018,1.0850403787168237,-4.7609499848499155,101087.53697781719,This test uses the supplied/current ticker universe and is not a survivorship-bias-free historical index-constituent study.,REFERENCE
T1_30D,2014,34,20,14,58.82352941176471,15.346302337240077,13.573325028801086,0.5439746027575205,0.5439746027575205,2.218269634943895,-2.445370626478083,114808.4769354258,This test uses the supplied/current ticker universe and is not a survivorship-bias-free historical index-constituent study.,REFERENCE
T1_30D,2015,21,3,18,14.285714285714285,-8.506579666550778,-8.924316642901587,-0.5960392601406753,-0.5960392601406753,0.3136956118130861,-8.944251373130928,104562.60492081576,This test uses the supplied/current ticker universe and is not a survivorship-bias-free historical index-constituent study.,REFERENCE
T1_30D,2016,17,7,10,41.17647058823529,1.0741964361777907,0.3887969392790458,0.04542810224626766,0.04542810224626766,1.0495283883630533,-5.942779927171548,104969.14112837834,This test uses the supplied/current ticker universe and is not a survivorship-bias-free historical index-constituent study.,REFERENCE
T1_30D,2017,21,11,10,52.38095238095239,5.8001072228533985,5.110568116373315,0.3343930451675916,0.3343930451675916,1.6777400296842842,-3.3954750834519265,110333.66058691616,This test uses the supplied/current ticker universe and is not a survivorship-bias-free historical index-constituent study.,REFERENCE
T1_30D,2018,24,9,15,37.5,0.5021259541413576,-0.6029545591545782,-0.017120035487854724,-0.017120035487854724,0.9590047300931624,-5.438162230244581,109668.39875012521,This test uses the supplied/current ticker universe and is not a survivorship-bias-free historical index-constituent study.,REFERENCE
T1_30D,2019,22,10,12,45.45454545454545,2.757747257123764,1.873045301373688,0.11311823674464193,0.11311823674464193,1.2075427074696194,-4.809431411135712,111722.53754000619,This test uses the supplied/current ticker universe and is not a survivorship-bias-free historical index-constituent study.,REFERENCE
T1_30D,2020,17,8,9,47.05882352941176,3.2931758410472147,3.589886521933927,0.22773710773688224,0.22773710773688224,1.3721831036243959,-5.051052324524252,115733.24985711745,This test uses the supplied/current ticker universe and is not a survivorship-bias-free historical index-constituent study.,REFERENCE
T1_30D,2021,35,15,20,42.857142857142854,7.2303029459567085,5.108461426065269,0.23988886022655734,0.23988886022655734,1.3940300885589187,-7.394367366931398,121645.43828320004,This test uses the supplied/current ticker universe and is not a survivorship-bias-free historical index-constituent study.,REFERENCE
T1_30D,2022,29,4,25,13.793103448275861,-10.683135968317199,-10.809503186914993,-0.6821402431555947,-0.6821402431555947,0.2866516954842223,-13.013071793630992,108496.17075524082,This test uses the supplied/current ticker universe and is not a survivorship-bias-free historical index-constituent study.,REFERENCE
T1_30D,2023,28,14,14,50.0,7.23276916211078,5.106054381633807,0.4030479315265399,0.4030479315265399,1.8493325759207055,-3.8520375076752766,114036.0442359937,This test uses the supplied/current ticker universe and is not a survivorship-bias-free historical index-constituent study.,REFERENCE
T1_30D,2024,20,9,11,45.0,4.002783168390877,2.7509441268593227,0.1485124553065999,0.1485124553065999,1.415027502440611,-2.9516102466289107,117173.11209740647,This test uses the supplied/current ticker universe and is not a survivorship-bias-free historical index-constituent study.,REFERENCE
T1_30D,2025,18,5,13,27.77777777777778,-2.3151164825180093,-2.4936285332882835,-0.28205061595114667,-0.28205061595114667,0.6108480631053423,-4.412514006891244,114251.24994080368,This test uses the supplied/current ticker universe and is not a survivorship-bias-free historical index-constituent study.,REFERENCE
T1_30D,2026,7,2,5,28.57142857142857,-1.1357048734962767,-1.748216332379604,-0.3052585801813076,-0.3052585801813076,0.5663070974130059,-2.7459497391670307,112253.8909293907,This test uses the supplied/current ticker universe and is not a survivorship-bias-free historical index-constituent study.,REFERENCE
T1_45D,2011,0,0,0,0.0,0.0,0.0,,,,0.0,100000.0,This test uses the supplied/current ticker universe and is not a survivorship-bias-free historical index-constituent study.,REFERENCE
T1_45D,2012,22,9,13,40.909090909090914,-1.180439577365573,-2.013044645219997,-0.10555349075716526,-0.10555349075716526,0.8286614900543527,-6.609758970918711,97986.95535478,This test uses the supplied/current ticker universe and is not a survivorship-bias-free historical index-constituent study.,REFERENCE
T1_45D,2013,23,9,14,39.130434782608695,1.8172931705397224,0.931157662307891,0.09507160758543012,0.09507160758543012,1.082520241208696,-4.759028470595372,98899.36839762825,This test uses the supplied/current ticker universe and is not a survivorship-bias-free historical index-constituent study.,REFERENCE
T1_45D,2014,34,20,14,58.82352941176471,16.73920213172704,14.954807592149733,0.5954678285336857,0.5954678285336857,2.331039189828844,-2.4398274231785755,113689.57865134488,This test uses the supplied/current ticker universe and is not a survivorship-bias-free historical index-constituent study.,REFERENCE
T1_45D,2015,21,3,18,14.285714285714285,-8.478825132356576,-8.897319708546448,-0.5960392601406752,-0.5960392601406752,0.31319801614195597,-8.917097045756673,103574.25336343536,This test uses the supplied/current ticker universe and is not a survivorship-bias-free historical index-constituent study.,REFERENCE
T1_45D,2016,17,7,10,41.17647058823529,1.7464189128181498,1.0572715331121918,0.09640069849720614,0.09640069849720614,1.134057912107806,-5.9587887257911865,104669.31445988046,This test uses the supplied/current ticker universe and is not a survivorship-bias-free historical index-constituent study.,REFERENCE
T1_45D,2017,20,10,10,50.0,6.192107821668957,5.54569811353367,0.38272841415049463,0.38272841415049463,1.7296227404383637,-4.305131055322631,110473.95865733067,This test uses the supplied/current ticker universe and is not a survivorship-bias-free historical index-constituent study.,REFERENCE
T1_45D,2018,24,9,15,37.5,0.048837127521533547,-1.0530899024395857,-0.04426468189963323,-0.04426468189963323,0.9200393666383888,-5.445327718282544,109310.56855388504,This test uses the supplied/current ticker universe and is not a survivorship-bias-free historical index-constituent study.,REFERENCE
T1_45D,2019,22,9,13,40.909090909090914,2.076833451959869,1.1924160190672106,0.06998010947597745,0.06998010947597745,1.1242884460619726,-5.508026700257195,110614.00528385502,This test uses the supplied/current ticker universe and is not a survivorship-bias-free historical index-constituent study.,REFERENCE
T1_45D,2020,17,8,9,47.05882352941176,3.4224226866075624,3.702615592838421,0.22773710773688224,0.22773710773688224,1.3936567783109999,-4.978232750008327,114709.61669135815,This test uses the supplied/current ticker universe and is not a survivorship-bias-free historical index-constituent study.,REFERENCE
T1_45D,2021,35,16,19,45.714285714285715,10.104488895978262,7.9813659052410335,0.3443519713173695,0.3443519713173695,1.580010978070433,-7.425321345361469,123865.01092799488,This test uses the supplied/current ticker universe and is not a survivorship-bias-free historical index-constituent study.,REFERENCE
T1_45D,2022,29,4,25,13.793103448275861,-10.694842605816463,-10.802106749394834,-0.6821402431555947,-0.6821402431555947,0.2838776097825986,-12.999744510659983,110484.98022240329,This test uses the supplied/current ticker universe and is not a survivorship-bias-free historical index-constituent study.,REFERENCE
T1_45D,2023,28,14,14,50.0,6.88118011504468,4.7121111600660015,0.3710723701360507,0.3710723701360507,1.6716813644983515,-4.1010422823158805,115691.15530565986,This test uses the supplied/current ticker universe and is not a survivorship-bias-free historical index-constituent study.,REFERENCE
T1_45D,2024,20,9,11,45.0,4.652667277339039,3.404173733618565,0.18493126274725968,0.18493126274725968,1.5055992493304478,-2.620309257292619,119629.483226695,This test uses the supplied/current ticker universe and is not a survivorship-bias-free historical index-constituent study.,REFERENCE
T1_45D,2025,17,5,12,29.411764705882355,-2.1843568040537704,-2.1662935245254866,-0.28190817211842145,-0.28190817211842145,0.6258448041167799,-4.325778630540366,117037.9574781318,This test uses the supplied/current ticker universe and is not a survivorship-bias-free historical index-constituent study.,REFERENCE
T1_45D,2026,8,2,6,25.0,-1.3016256333594907,-2.111891914036501,-0.3141258667165624,-0.3141258667165624,0.5330734946981341,-3.272015871431988,114566.24231779765,This test uses the supplied/current ticker universe and is not a survivorship-bias-free historical index-constituent study.,REFERENCE
T1_63D,2011,0,0,0,0.0,0.0,0.0,,,,0.0,100000.0,This test uses the supplied/current ticker universe and is not a survivorship-bias-free historical index-constituent study.,REFERENCE
T1_63D,2012,21,8,13,38.095238095238095,-1.1769672348816156,-1.7178507547504274,-0.10936763486026062,-0.10936763486026062,0.8303557899773862,-6.495401568883363,98282.14924524957,This test uses the supplied/current ticker universe and is not a survivorship-bias-free historical index-constituent study.,REFERENCE
T1_63D,2013,24,10,14,41.66666666666667,2.150928121831095,0.9673863946660033,0.10922823308306284,0.10922823308306284,1.1125891568015758,-4.743473316644331,99232.91738543345,This test uses the supplied/current ticker universe and is not a survivorship-bias-free historical index-constituent study.,REFERENCE
T1_63D,2014,34,20,14,58.82352941176471,16.74316253442942,14.961182305538134,0.5954678285336857,0.5954678285336857,2.33386642106619,-2.432227413012533,114079.3350625722,This test uses the supplied/current ticker universe and is not a survivorship-bias-free historical index-constituent study.,REFERENCE
T1_63D,2015,21,3,18,14.285714285714285,-8.409126227716966,-8.828457645061471,-0.5960392601406752,-0.5960392601406752,0.31741014988497973,-8.848182324954756,104007.88928480525,This test uses the supplied/current ticker universe and is not a survivorship-bias-free historical index-constituent study.,REFERENCE
T1_63D,2016,17,7,10,41.17647058823529,1.7307712539189182,1.0440656460166675,0.09640069849720614,0.09640069849720614,1.1327889583076889,-5.943852522141824,105093.79992597495,This test uses the supplied/current ticker universe and is not a survivorship-bias-free historical index-constituent study.,REFERENCE
T1_63D,2017,20,10,10,50.0,5.663011863058701,5.019849257825837,0.34739947127818754,0.34739947127818754,1.6179378293056594,-4.77077973786777,110369.35026157998,This test uses the supplied/current ticker universe and is not a survivorship-bias-free historical index-constituent study.,REFERENCE
T1_63D,2018,24,9,15,37.5,0.8803521333160561,-0.22693192139023877,0.0016682832708568296,0.0016682832708568296,0.9912915436281835,-5.422421965719337,110118.88697440545,This test uses the supplied/current ticker universe and is not a survivorship-bias-free historical index-constituent study.,REFERENCE
T1_63D,2019,22,9,13,40.909090909090914,2.0042700549099646,1.1207235165805018,0.060389245601506464,0.060389245601506464,1.1154734721813446,-5.624178474652641,111353.01523692432,This test uses the supplied/current ticker universe and is not a survivorship-bias-free historical index-constituent study.,REFERENCE
T1_63D,2020,17,8,9,47.05882352941176,3.315392023304668,3.614305342753288,0.22773710773688224,0.22773710773688224,1.3748654262903819,-5.054275949678488,115377.65321594937,This test uses the supplied/current ticker universe and is not a survivorship-bias-free historical index-constituent study.,REFERENCE
T1_63D,2021,35,16,19,45.714285714285715,10.051386743472666,7.9105414612818725,0.3443519713173695,0.3443519713173695,1.5775647954309346,-7.388044676650429,124504.65031065106,This test uses the supplied/current ticker universe and is not a survivorship-bias-free historical index-constituent study.,REFERENCE
T1_63D,2022,29,4,25,13.793103448275861,-10.62736757262196,-10.735766251110723,-0.6821402431555947,-0.6821402431555947,0.2850668929801527,-12.923100557260003,111138.12208153677,This test uses the supplied/current ticker universe and is not a survivorship-bias-free historical index-constituent study.,REFERENCE
T1_63D,2023,28,15,13,53.57142857142857,7.266453174252117,5.09185285072522,0.40110654724570394,0.40110654724570394,1.7061717831071805,-4.264245310085856,116797.11171898799,This test uses the supplied/current ticker universe and is not a survivorship-bias-free historical index-constituent study.,REFERENCE
T1_63D,2024,20,9,11,45.0,4.787194742854071,3.5387744704929114,0.19335925992628553,0.19335925992628553,1.5204170229906044,-2.639205099942532,120930.29809077262,This test uses the supplied/current ticker universe and is not a survivorship-bias-free historical index-constituent study.,REFERENCE
T1_63D,2025,16,4,12,25.0,-1.962643740945021,-1.9126899839017386,-0.2626179995647272,-0.2626179995647272,0.6566827839576311,-4.053010879528863,118617.27639168789,This test uses the supplied/current ticker universe and is not a survivorship-bias-free historical index-constituent study.,REFERENCE
T1_63D,2026,8,2,6,25.0,-1.7008627591805068,-2.5031785233709525,-0.4002787838917932,-0.4002787838917932,0.475983048017144,-3.6434604462587727,115648.0742040436,This test uses the supplied/current ticker universe and is not a survivorship-bias-free historical index-constituent study.,REFERENCE
T2_10D,2011,0,0,0,0.0,0.0,0.0,,,,0.0,100000.0,This test uses the supplied/current ticker universe and is not a survivorship-bias-free historical index-constituent study.,REFERENCE
T2_10D,2012,26,14,12,53.84615384615385,3.8367605874965376,2.8430354416808523,0.15654917830426654,0.15654917830426654,1.3848382926736074,-2.4902717665856944,102843.03544168086,This test uses the supplied/current ticker universe and is not a survivorship-bias-free historical index-constituent study.,REFERENCE
T2_10D,2013,25,10,15,40.0,1.5275548459509636,0.5693533698237996,0.10210864382362515,0.10210864382362515,1.0569868243044342,-4.129479633330535,103428.57572959716,This test uses the supplied/current ticker universe and is not a survivorship-bias-free historical index-constituent study.,REFERENCE
T2_10D,2014,35,21,14,60.0,13.825216745764724,12.020396695588587,0.456744211693667,0.456744211693667,2.2355005603877207,-3.710591630709792,115861.100828892,This test uses the supplied/current ticker universe and is not a survivorship-bias-free historical index-constituent study.,REFERENCE
T2_10D,2015,22,6,16,27.27272727272727,-4.539118901110116,-5.039639930820039,-0.30370738697783345,-0.30370738697783345,0.5106919247643514,-5.52169020567611,110022.11852723149,This test uses the supplied/current ticker universe and is not a survivorship-bias-free historical index-constituent study.,REFERENCE
T2_10D,2016,16,8,8,50.0,0.30187390512188994,-0.32810856835052693,-0.02455190509981485,-0.02455190509981485,0.9412750015992181,-4.5683447337126815,109661.12652926287,This test uses the supplied/current ticker universe and is not a survivorship-bias-free historical index-constituent study.,REFERENCE
T2_10D,2017,23,12,11,52.17391304347826,2.3962680406762096,1.639765294237261,0.08535207737380825,0.08535207737380825,1.2263484657695327,-4.239208099080449,111459.31162335932,This test uses the supplied/current ticker universe and is not a survivorship-bias-free historical index-constituent study.,REFERENCE
T2_10D,2018,24,10,14,41.66666666666667,0.5439024978076614,-0.568857789805921,-0.015097950412733013,-0.015097950412733013,0.9572667884662845,-5.443767637135188,110825.26664672578,This test uses the supplied/current ticker universe and is not a survivorship-bias-free historical index-constituent study.,REFERENCE
T2_10D,2019,24,12,12,50.0,2.9013448679161122,1.950286388712641,0.11440049874121355,0.11440049874121355,1.3236963947664495,-2.6126727333321664,112986.67673739136,This test uses the supplied/current ticker universe and is not a survivorship-bias-free historical index-constituent study.,REFERENCE
T2_10D,2020,18,9,9,50.0,0.23135321441105205,-0.3670160782585419,-0.021958543414500948,-0.021958543414500948,0.949093119405654,-5.970640475347421,112571.99746747513,This test uses the supplied/current ticker universe and is not a survivorship-bias-free historical index-constituent study.,REFERENCE
T2_10D,2021,34,18,16,52.94117647058824,11.328136485029447,10.032059194774256,0.3901029724220648,0.3901029724220648,1.9351514873511686,-4.17583395736113,123865.286890152,This test uses the supplied/current ticker universe and is not a survivorship-bias-free historical index-constituent study.,REFERENCE
T2_10D,2022,33,8,25,24.242424242424242,-6.256730752014533,-6.489141967737333,-0.41930915851507244,-0.41930915851507244,0.4486146298145322,-10.10209032398196,115827.4925751049,This test uses the supplied/current ticker universe and is not a survivorship-bias-free historical index-constituent study.,REFERENCE
T2_10D,2023,27,17,10,62.96296296296296,10.650627185698976,8.314442311826475,0.5359887318951252,0.5359887318951252,3.0194078192205565,-3.620053951208435,125457.9026264971,This test uses the supplied/current ticker universe and is not a survivorship-bias-free historical index-constituent study.,REFERENCE
T2_10D,2024,22,10,12,45.45454545454545,1.1212780710957686,0.022927510172143784,-0.11650912855041184,-0.11650912855041184,1.0275090307412356,-4.120312533425741,125486.66699988354,This test uses the supplied/current ticker universe and is not a survivorship-bias-free historical index-constituent study.,REFERENCE
T2_10D,2025,19,7,12,36.84210526315789,-0.023650850387732427,-0.8790833787041596,-0.06509711924818702,-0.06509711924818702,0.8563880352789551,-2.463510734667518,124383.53456779773,This test uses the supplied/current ticker universe and is not a survivorship-bias-free historical index-constituent study.,REFERENCE
T2_10D,2026,7,1,6,14.285714285714285,-1.6694891924088195,-1.7282909074144648,-0.3765756774201092,-0.3765756774201092,0.3634109485347221,-2.410622309155086,122233.82524954175,This test uses the supplied/current ticker universe and is not a survivorship-bias-free historical index-constituent study.,REFERENCE
T2_20D,2011,0,0,0,0.0,0.0,0.0,,,,0.0,100000.0,This test uses the supplied/current ticker universe and is not a survivorship-bias-free historical index-constituent study.,REFERENCE
T2_20D,2012,23,11,12,47.82608695652174,7.061114620062455,6.149297181912217,0.3682135281542063,0.3682135281542063,1.7711756667605136,-2.2027588151195765,106149.29718191222,This test uses the supplied/current ticker universe and is not a survivorship-bias-free historical index-constituent study.,REFERENCE
T2_20D,2013,23,7,16,30.434782608695656,-0.7098093038699537,-1.5913895624054986,-0.028014592206746503,-0.028014592206746503,0.8602029191125379,-7.198982120588704,104460.04834599247,This test uses the supplied/current ticker universe and is not a survivorship-bias-free historical index-constituent study.,REFERENCE
T2_20D,2014,33,18,15,54.54545454545454,17.012575328278537,16.125579054754358,0.64159251349252,0.64159251349252,2.2461173893736386,-3.1111380044521297,121304.83602266012,This test uses the supplied/current ticker universe and is not a survivorship-bias-free historical index-constituent study.,REFERENCE
T2_20D,2015,22,5,17,22.727272727272727,-4.996077619832177,-6.216000360356755,-0.3496997586829424,-0.3496997586829424,0.5311584206832115,-6.626005002147806,113764.52697836139,This test uses the supplied/current ticker universe and is not a survivorship-bias-free historical index-constituent study.,REFERENCE
T2_20D,2016,15,5,10,33.33333333333333,0.0221919470506317,-0.582395133138236,-0.02534818748784707,-0.02534818748784707,0.916690153013095,-6.080902672639088,113101.96791000168,This test uses the supplied/current ticker universe and is not a survivorship-bias-free historical index-constituent study.,REFERENCE
T2_20D,2017,19,9,10,47.368421052631575,3.9248926467052283,5.061410435239777,0.2341461891831262,0.2341461891831262,1.4631348679004104,-3.7538103788775867,118826.52271626005,This test uses the supplied/current ticker universe and is not a survivorship-bias-free historical index-constituent study.,REFERENCE
T2_20D,2018,26,11,15,42.30769230769231,4.911363767846908,2.061352876643774,0.21018484197534462,0.21018484197534462,1.3376678324260072,-5.365827800387546,121275.95666048746,This test uses the supplied/current ticker universe and is not a survivorship-bias-free historical index-constituent study.,REFERENCE
T2_20D,2019,22,8,14,36.36363636363637,0.5972382004532463,-0.26721394135165166,-0.01126104537777996,-0.01126104537777996,0.9699746886089833,-4.949911505297178,120951.89039678304,This test uses the supplied/current ticker universe and is not a survivorship-bias-free historical index-constituent study.,REFERENCE
T2_20D,2020,17,8,9,47.05882352941176,2.1589191317071776,2.4468443522944305,0.13076823997014697,0.13076823997014697,1.2217798166043832,-5.293777545206146,123911.39489595008,This test uses the supplied/current ticker universe and is not a survivorship-bias-free historical index-constituent study.,REFERENCE
T2_20D,2021,34,15,19,44.11764705882353,10.16133082864025,8.031869476122623,0.371005868895374,0.371005868895374,1.6128588729581605,-6.967235821611217,133863.79640003567,This test uses the supplied/current ticker universe and is not a survivorship-bias-free historical index-constituent study.,REFERENCE
T2_20D,2022,30,5,25,16.666666666666664,-9.446150721085184,-9.592647792202646,-0.5850921235240644,-0.5850921235240644,0.350570488043652,-12.149917834172708,121022.71389010901,This test uses the supplied/current ticker universe and is not a survivorship-bias-free historical index-constituent study.,REFERENCE
T2_20D,2023,25,12,13,48.0,7.452448931496923,5.38208984648938,0.3268819856426366,0.3268819856426366,1.9914303842208516,-4.382797286967888,127536.26508633446,This test uses the supplied/current ticker universe and is not a survivorship-bias-free historical index-constituent study.,REFERENCE
T2_20D,2024,21,8,13,38.095238095238095,3.7664987824927083,2.5008683457793612,0.03380688175032096,0.03380688175032096,1.3751296984413381,-1.9569876925801255,130725.77916926786,This test uses the supplied/current ticker universe and is not a survivorship-bias-free historical index-constituent study.,REFERENCE
T2_20D,2025,18,7,11,38.88888888888889,-0.6521666069998426,-0.8339495962788601,-0.14636135375765782,-0.14636135375765782,0.8015181783528771,-3.216276635716908,129635.59206165335,This test uses the supplied/current ticker universe and is not a survivorship-bias-free historical index-constituent study.,REFERENCE
T2_20D,2026,7,2,5,28.57142857142857,-1.4958945201726228,-2.112655430508248,-0.39097386912176635,-0.39097386912176635,0.4579304779400732,-3.0351742785407976,126896.83868609132,This test uses the supplied/current ticker universe and is not a survivorship-bias-free historical index-constituent study.,REFERENCE
T2_30D,2011,0,0,0,0.0,0.0,0.0,,,,0.0,100000.0,This test uses the supplied/current ticker universe and is not a survivorship-bias-free historical index-constituent study.,REFERENCE
T2_30D,2012,22,8,14,36.36363636363637,2.0353248337827923,1.1838427904149906,0.09157544927029408,0.09157544927029408,1.1209062938738772,-4.491931476462174,101183.84279041499,This test uses the supplied/current ticker universe and is not a survivorship-bias-free historical index-constituent study.,REFERENCE
T2_30D,2013,22,7,15,31.818181818181817,0.10092899935658023,-0.7380761532836289,0.021867793667686996,0.021867793667686996,0.931552834204884,-7.5834070529391395,100437.02897580294,This test uses the supplied/current ticker universe and is not a survivorship-bias-free historical index-constituent study.,REFERENCE
T2_30D,2014,32,17,15,53.125,17.474275145861366,16.607448718545783,0.6493905582752649,0.6493905582752649,2.271458031763339,-3.682959318136203,117117.05705739038,This test uses the supplied/current ticker universe and is not a survivorship-bias-free historical index-constituent study.,REFERENCE
T2_30D,2015,22,4,18,18.181818181818183,-6.062313071119308,-7.279119558422242,-0.40150911654375127,-0.40150911654375127,0.4965415161468463,-7.611057408191879,108591.96645087734,This test uses the supplied/current ticker universe and is not a survivorship-bias-free historical index-constituent study.,REFERENCE
T2_30D,2016,15,5,10,33.33333333333333,0.03821992509894835,-0.567915108399164,-0.0208445514316162,-0.0208445514316162,0.9270029387274598,-7.119029320600667,107975.25626689506,This test uses the supplied/current ticker universe and is not a survivorship-bias-free historical index-constituent study.,REFERENCE
T2_30D,2017,19,9,10,47.368421052631575,5.161141111732237,6.680091487824447,0.33943371852481985,0.33943371852481985,1.5864844762619965,-3.423444978789303,115188.10216973654,This test uses the supplied/current ticker universe and is not a survivorship-bias-free historical index-constituent study.,REFERENCE
T2_30D,2018,25,10,15,40.0,5.320832117748353,2.1547404945308823,0.255178762052377,0.255178762052377,1.363051307351129,-5.570188646243334,117670.10685206945,This test uses the supplied/current ticker universe and is not a survivorship-bias-free historical index-constituent study.,REFERENCE
T2_30D,2019,20,8,12,40.0,0.20359150196771564,0.032079525533701414,-0.03261038988000246,-0.03261038988000246,0.9273506949768006,-5.265146386432706,117707.85486404259,This test uses the supplied/current ticker universe and is not a survivorship-bias-free historical index-constituent study.,REFERENCE
T2_30D,2020,17,7,10,41.17647058823529,2.7311836762399917,2.409003691223255,0.19400429863266655,0.19400429863266655,1.2735274905542908,-6.101643591818595,120543.44143257709,This test uses the supplied/current ticker universe and is not a survivorship-bias-free historical index-constituent study.,REFERENCE
T2_30D,2021,34,14,20,41.17647058823529,11.179831244762587,9.0496865664345,0.41196227692943904,0.41196227692943904,1.6268218658115077,-7.340165949797239,131452.24505861886,This test uses the supplied/current ticker universe and is not a survivorship-bias-free historical index-constituent study.,REFERENCE
T2_30D,2022,29,4,25,13.793103448275861,-9.983873708448316,-10.093750104873845,-0.6454757402328561,-0.6454757402328561,0.3259889858071025,-12.674597587499115,118183.7839351555,This test uses the supplied/current ticker universe and is not a survivorship-bias-free historical index-constituent study.,REFERENCE
T2_30D,2023,24,10,14,41.66666666666667,7.0425492046648275,6.428509378358105,0.3730617137124151,0.3730617137124151,1.8638822961136923,-5.018438574171058,125781.23956912546,This test uses the supplied/current ticker universe and is not a survivorship-bias-free historical index-constituent study.,REFERENCE
T2_30D,2024,21,9,12,42.857142857142854,5.594118202309859,2.991779223638491,0.21965070637130382,0.21965070637130382,1.5644899764152618,-3.2902967687141738,129544.3365617895,This test uses the supplied/current ticker universe and is not a survivorship-bias-free historical index-constituent study.,REFERENCE
T2_30D,2025,18,5,13,27.77777777777778,-2.1310624156630746,-2.295237204590994,-0.27436708529976195,-0.27436708529976195,0.6283563865778237,-4.378458566326104,126570.98675258274,This test uses the supplied/current ticker universe and is not a survivorship-bias-free historical index-constituent study.,REFERENCE
T2_30D,2026,7,0,7,0.0,-4.384961251165252,-5.011595899966936,-1.0639515116820353,-1.0639515116820353,0.0,-6.068305347844349,120227.76036994261,This test uses the supplied/current ticker universe and is not a survivorship-bias-free historical index-constituent study.,REFERENCE
T2_45D,2011,0,0,0,0.0,0.0,0.0,,,,0.0,100000.0,This test uses the supplied/current ticker universe and is not a survivorship-bias-free historical index-constituent study.,REFERENCE
T2_45D,2012,22,8,14,36.36363636363637,-0.8261531159758201,-1.6560826474938062,-0.07513242205960875,-0.07513242205960875,0.868097158623092,-7.32691331020906,98343.91735250619,This test uses the supplied/current ticker universe and is not a survivorship-bias-free historical index-constituent study.,REFERENCE
T2_45D,2013,22,7,15,31.818181818181817,0.8623298906898051,0.024390860763046085,0.07115437996034141,0.07115437996034141,0.9973189951239012,-7.575323144300672,98367.90428045657,This test uses the supplied/current ticker universe and is not a survivorship-bias-free historical index-constituent study.,REFERENCE
T2_45D,2014,31,17,14,54.83870967741935,20.885371792994196,20.07965046540836,0.8045685031654548,0.8045685031654548,2.6497474043938225,-2.8798755173459534,118119.83563011972,This test uses the supplied/current ticker universe and is not a survivorship-bias-free historical index-constituent study.,REFERENCE
T2_45D,2015,22,4,18,18.181818181818183,-6.068472302969034,-7.283980216304753,-0.40150911654375127,-0.40150911654375127,0.4947499807487501,-7.615489478583215,109516.01017129011,This test uses the supplied/current ticker universe and is not a survivorship-bias-free historical index-constituent study.,REFERENCE
T2_45D,2016,15,4,11,26.666666666666668,-0.332739650386007,-0.9394839187935267,-0.05158624861726113,-0.05158624861726113,0.8854395099084452,-8.319644666160519,108487.12486722655,This test uses the supplied/current ticker universe and is not a survivorship-bias-free historical index-constituent study.,REFERENCE
T2_45D,2017,17,7,10,41.17647058823529,3.8054557592158367,4.985686326382921,0.30435453766936255,0.30435453766936255,1.4217162624180661,-4.285856477804351,113895.95261761782,This test uses the supplied/current ticker universe and is not a survivorship-bias-free historical index-constituent study.,REFERENCE
T2_45D,2018,24,8,16,33.33333333333333,2.212551032712961,-0.5182206568236758,0.08799826752615043,0.08799826752615043,1.1035339916502385,-5.7040223719148075,113305.72026386722,This test uses the supplied/current ticker universe and is not a survivorship-bias-free historical index-constituent study.,REFERENCE
T2_45D,2019,19,5,14,26.31578947368421,-1.4528678848003673,-1.9243563305205713,-0.1699313420122359,-0.1699313420122359,0.7774992679516015,-7.469098334169921,111125.31446312756,This test uses the supplied/current ticker universe and is not a survivorship-bias-free historical index-constituent study.,REFERENCE
T2_45D,2020,18,8,10,44.44444444444444,3.2389722004875736,3.234447717869404,0.2143439127162791,0.2143439127162791,1.3274850829676481,-6.136693459688547,114719.6046607554,This test uses the supplied/current ticker universe and is not a survivorship-bias-free historical index-constituent study.,REFERENCE
T2_45D,2021,34,15,19,44.11764705882353,14.958459173849246,12.819440653501424,0.5434491884309722,0.5434491884309722,1.866478390040919,-7.438089929550373,129426.01629817238,This test uses the supplied/current ticker universe and is not a survivorship-bias-free historical index-constituent study.,REFERENCE
T2_45D,2022,29,4,25,13.793103448275861,-10.143797467931208,-10.255632633154976,-0.6564552422287631,-0.6564552422287631,0.31661118140226263,-12.852961760554638,116152.55953490453,This test uses the supplied/current ticker universe and is not a survivorship-bias-free historical index-constituent study.,REFERENCE
T2_45D,2023,24,10,14,41.66666666666667,7.8726470494217295,7.273364344054389,0.4078098760969307,0.4078098760969307,1.834350991744476,-5.347772912576976,124600.75838482282,This test uses the supplied/current ticker universe and is not a survivorship-bias-free historical index-constituent study.,REFERENCE
T2_45D,2024,21,9,12,42.857142857142854,6.684379363043572,4.0588835714316485,0.2876104574285316,0.2876104574285316,1.6888427163567086,-3.210105713422895,129658.15809678365,This test uses the supplied/current ticker universe and is not a survivorship-bias-free historical index-constituent study.,REFERENCE
T2_45D,2025,16,4,12,25.0,-2.078395544194195,-2.0017662637339395,-0.29504533184653897,-0.29504533184653897,0.6136370482138318,-3.9077110853678487,127062.70482982341,This test uses the supplied/current ticker universe and is not a survivorship-bias-free historical index-constituent study.,REFERENCE
T2_45D,2026,8,0,8,0.0,-4.562767705115692,-5.388930485205501,-0.9779821817796992,-0.9779821817796992,0.0,-6.692930393868258,120215.38399392238,This test uses the supplied/current ticker universe and is not a survivorship-bias-free historical index-constituent study.,REFERENCE
T2_63D,2011,0,0,0,0.0,0.0,0.0,,,,0.0,100000.0,This test uses the supplied/current ticker universe and is not a survivorship-bias-free historical index-constituent study.,REFERENCE
T2_63D,2012,21,7,14,33.33333333333333,1.1140432150639108,0.5622466553309113,0.040909669857716234,0.040909669857716234,1.027681492900267,-6.413836651472293,100562.2466553309,This test uses the supplied/current ticker universe and is not a survivorship-bias-free historical index-constituent study.,REFERENCE
T2_63D,2013,23,8,15,34.78260869565217,1.1913534762810063,0.06143649968946008,0.0869663903763532,0.0869663903763532,1.0242700276149386,-7.602356742645744,100624.02857968502,This test uses the supplied/current ticker universe and is not a survivorship-bias-free historical index-constituent study.,REFERENCE
T2_63D,2014,31,17,14,54.83870967741935,21.825919675754236,21.021315516034544,0.840979345390063,0.840979345390063,2.7214760852002606,-3.3636416210521602,121776.52311236538,This test uses the supplied/current ticker universe and is not a survivorship-bias-free historical index-constituent study.,REFERENCE
T2_63D,2015,22,4,18,18.181818181818183,-5.923061283760304,-7.146756307200586,-0.40150911654375127,-0.40150911654375127,0.5060291816010333,-7.480204046768746,113073.45176614283,This test uses the supplied/current ticker universe and is not a survivorship-bias-free historical index-constituent study.,REFERENCE
T2_63D,2016,15,4,11,26.666666666666668,-0.7233286616174325,-1.3285003936172157,-0.08495834823013311,-0.08495834823013311,0.8450954379536992,-8.668649629726477,111571.27051435305,This test uses the supplied/current ticker universe and is not a survivorship-bias-free historical index-constituent study.,REFERENCE
T2_63D,2017,17,7,10,41.17647058823529,4.871677153406295,6.069256644524601,0.3978019113379057,0.3978019113379057,1.5180986368590996,-4.786758847544236,118342.81726342592,This test uses the supplied/current ticker universe and is not a survivorship-bias-free historical index-constituent study.,REFERENCE
T2_63D,2018,24,8,16,33.33333333333333,1.5782587720389232,-1.1484543808999437,0.05488171524423082,0.05488171524423082,1.0500945826756731,-5.8673469118579185,116983.7039940837,This test uses the supplied/current ticker universe and is not a survivorship-bias-free historical index-constituent study.,REFERENCE
T2_63D,2019,18,4,14,22.22222222222222,-2.3590873772623877,-1.8865928663810205,-0.24668552473239508,-0.24668552473239508,0.6922395281358732,-7.627201902257285,114776.69777970303,This test uses the supplied/current ticker universe and is not a survivorship-bias-free historical index-constituent study.,REFERENCE
T2_63D,2020,19,8,11,42.10526315789473,4.351014377174728,3.4126775444482282,0.2713933243983719,0.2713933243983719,1.4180270431770288,-6.962822768203935,118693.65637109015,This test uses the supplied/current ticker universe and is not a survivorship-bias-free historical index-constituent study.,REFERENCE
T2_63D,2021,34,15,19,44.11764705882353,14.49783474803439,12.32095282462502,0.5434491884309721,0.5434491884309721,1.8156824779194938,-7.4119498431452495,133317.8457783947,This test uses the supplied/current ticker universe and is not a survivorship-bias-free historical index-constituent study.,REFERENCE
T2_63D,2022,29,3,26,10.344827586206897,-11.033823568168707,-11.14047445180426,-0.7025763086596604,-0.7025763086596604,0.28875809026948085,-13.678932964368151,118465.60522975682,This test uses the supplied/current ticker universe and is not a survivorship-bias-free historical index-constituent study.,REFERENCE
T2_63D,2023,24,10,14,41.66666666666667,6.342904047358513,5.71392772287278,0.3342896366792318,0.3342896366792318,1.6345583045963206,-5.573391442962139,125234.64428904893,This test uses the supplied/current ticker universe and is not a survivorship-bias-free historical index-constituent study.,REFERENCE
T2_63D,2024,21,9,12,42.857142857142854,5.99339986951326,3.3833468369538044,0.24345418809855796,0.24345418809855796,1.6117066998740213,-3.2087965238380756,129471.76666537282,This test uses the supplied/current ticker universe and is not a survivorship-bias-free historical index-constituent study.,REFERENCE
T2_63D,2025,15,3,12,20.0,-2.0275286127336556,-2.4569361478640195,-0.28071181178563326,-0.28071181178563326,0.6350202562782151,-3.7598012994507823,126290.72802889312,This test uses the supplied/current ticker universe and is not a survivorship-bias-free historical index-constituent study.,REFERENCE
T2_63D,2026,7,0,7,0.0,-4.366504501467946,-4.576912921751108,-1.0642332091036562,-1.0642332091036562,0.0,-5.414434132475221,120510.51137876516,This test uses the supplied/current ticker universe and is not a survivorship-bias-free historical index-constituent study.,REFERENCE
